arquivo,bytes,sha256,registros
call_center_interactions/year=2023/month=06/day=17/call_center_interactions_20230617.csv,77678,6d961692a981036bdd6d00d41b2a542e0a8dd54b57d0af3b1a32dc4251f4e6e1,384
call_center_interactions/year=2023/month=06/day=18/call_center_interactions_20230618.csv,78316,41246cba5f496a70d70c084308788394c87f799c5b4e0fef722f52e76aaca53c,384
call_center_interactions/year=2023/month=06/day=19/call_center_interactions_20230619.csv,166777,d92c7320f2e24fe2567824e75c634dc8584cc2ac11af399323cb9ad3af3c9156,816
call_center_interactions/year=2023/month=06/day=20/call_center_interactions_20230620.csv,147432,981afc366ce382ee6d59a6e6a88879ebe2a316fb8e8f573cbad44b65e81947b9,721
call_center_interactions/year=2023/month=06/day=21/call_center_interactions_20230621.csv,139434,d4d1ac9eb865a39323bf51b2bc099b6e68a2c2c0a621c44f7488b1cb01b48986,683
call_center_interactions/year=2023/month=06/day=22/call_center_interactions_20230622.csv,125127,023eea4100ac66e5e0ed34cc0d3d27b43bf183ced4c799b31491f684aaf04937,617
call_center_interactions/year=2023/month=06/day=23/call_center_interactions_20230623.csv,160259,0636eaecf5a88a9f70149dc47205ee0a39c7641d2dbe8d84ef4e9af1c9f5d137,788
call_center_interactions/year=2023/month=06/day=24/call_center_interactions_20230624.csv,84464,568bdfd9474d2711054bd8af47524122969dcd58676f8e461cc24e2f3d2fc4fd,413
call_center_interactions/year=2023/month=06/day=25/call_center_interactions_20230625.csv,60124,aad9f373084824a10b052370de9d56148b1fd72f1756bc5716721c9c08eb3828,298
call_center_interactions/year=2023/month=06/day=26/call_center_interactions_20230626.csv,168259,3537637640fb64135e21f89370e961fb9a89a48f81256eff5bdb9c1ab738d1f2,828
call_center_interactions/year=2023/month=06/day=27/call_center_interactions_20230627.csv,176560,422dcce3c1436bf2c3df3a6c73f17ebf577c5f8a20ec755ea52a0b780197a45d,865
call_center_interactions/year=2023/month=06/day=28/call_center_interactions_20230628.csv,177362,f519b61c8f1d4bb3de69de03239383d97d09eb5cb223872dbaf04cca9904d044,871
call_center_interactions/year=2023/month=06/day=29/call_center_interactions_20230629.csv,174198,d080869731a15c924e0f3376aea99044b81d4a253f6371c65ba7e4302d0fe4ac,854
call_center_interactions/year=2023/month=06/day=30/call_center_interactions_20230630.csv,149327,462e6d03064c57e7dd4edf8ebc24e36d7fba50cc9631844ec14b0745747910a7,732
call_center_interactions/year=2023/month=07/day=01/call_center_interactions_20230701.csv,71572,5e896a1880cbce3d68ca173a0857c5385ed859df8703431385bccac5c41c10f2,353
call_center_interactions/year=2023/month=07/day=02/call_center_interactions_20230702.csv,78255,bdba4727c42ab904ff7e52852f7134cb8be6db7e4339d9c2ce8d9140383c8414,388
call_center_interactions/year=2023/month=07/day=03/call_center_interactions_20230703.csv,161906,6bf32a983a089475c923264115c4f55ebd51be5d229e27bc3827ca5fe16737b3,792
call_center_interactions/year=2023/month=07/day=04/call_center_interactions_20230704.csv,169837,ad5f356d2bef57b26c1db92d62f41c71e1904780268b9c2fbe4845cf8d50daa0,833
call_center_interactions/year=2023/month=07/day=05/call_center_interactions_20230705.csv,159096,fad8fdfe6e6fc6dbbfeb738af06f85c471d6c7a03c9aa86d09ce1df44745b89d,780
call_center_interactions/year=2023/month=07/day=06/call_center_interactions_20230706.csv,176608,8aee5bb96189834dd37b564889b77125edc86d1b3febb07194038ab7f3e54201,866
call_center_interactions/year=2023/month=07/day=07/call_center_interactions_20230707.csv,149220,660d2a5a801621bd8fe8fadc525604cd0d6c4a9b1f6e2d11d3849602d02bbfa5,736
call_center_interactions/year=2023/month=07/day=08/call_center_interactions_20230708.csv,81327,49dfcda99e5d1e14460408065430f13bbe02f3fb02bcaa6d9de0bb1ecb0f7553,398
call_center_interactions/year=2023/month=07/day=09/call_center_interactions_20230709.csv,63175,af17f548e99f55967183ef21c57c0455ce9e9836e13cfd308b409320c6654e6b,309
call_center_interactions/year=2023/month=07/day=10/call_center_interactions_20230710.csv,147871,2f374d1dc0bf6431f671e4a50748509ec827d23be9abd0bbdd6d4629ed34bbfb,725
call_center_interactions/year=2023/month=07/day=11/call_center_interactions_20230711.csv,171533,87f50246e6eed5f4b3b2a5694b2f28ef344ef5b54c710026a35c40a2fb630ddb,849
call_center_interactions/year=2023/month=07/day=12/call_center_interactions_20230712.csv,132616,5e33ad9c91b3f2bee172edec11f0ec2dcf75fb3742acacd3ad4989991848a260,655
call_center_interactions/year=2023/month=07/day=13/call_center_interactions_20230713.csv,163281,5e6b564891976afe45aa980fa422183145557bf23d3d66c2908e031e2e2935d0,804
call_center_interactions/year=2023/month=07/day=14/call_center_interactions_20230714.csv,169639,6cf8b8698fe3e2702e492d02884d828c30e228d6f7aaee52381e447f9527717a,836
call_center_interactions/year=2023/month=07/day=15/call_center_interactions_20230715.csv,81421,9c686d5fc93c58446b01ff9299a5f43bfc273d40d39bcdc4d2ca4c98ac1ae42e,404
call_center_interactions/year=2023/month=07/day=16/call_center_interactions_20230716.csv,76679,91e3d8a8b53982846575eee18a5965872f777b71650dc7f7792a1aea973e65d4,374
call_center_interactions/year=2023/month=07/day=17/call_center_interactions_20230717.csv,141559,df2b9beb6c276418dca014c7089c7777dc9e0bf6f85c0f5d8687aeac3c0da66d,699
call_center_interactions/year=2023/month=07/day=18/call_center_interactions_20230718.csv,172855,06125ce8a5aea6e08ba1740acaf67be06cf3be76992ac9c7c233130bd41264ee,851
call_center_interactions/year=2023/month=07/day=19/call_center_interactions_20230719.csv,133795,a7330770ffee5ee0711ea32171c64dd5b5afe43f61e84d74b8cf7a7105baef69,655
call_center_interactions/year=2023/month=07/day=20/call_center_interactions_20230720.csv,147919,add9ac3955a738667b08a5eaf4620242f6b54ed23957efac0a5921c7e42bb828,725
call_center_interactions/year=2023/month=07/day=21/call_center_interactions_20230721.csv,162536,0d39277cefe39b82e88bea96931a155cf7f1cab6984a69cdd79cd6c9ad7db492,798
call_center_interactions/year=2023/month=07/day=22/call_center_interactions_20230722.csv,78592,5b57d0f4189a87091dcc7701e2a5a60464669b6b0af73168d5cdb14add9408a3,385
call_center_interactions/year=2023/month=07/day=23/call_center_interactions_20230723.csv,61755,9add1a445986187ab8d188e696606cccbb7ff9316d4fc64ae75b3e5c340f640a,304
call_center_interactions/year=2023/month=07/day=24/call_center_interactions_20230724.csv,121194,46104974263521ee9d3f18c64b87b548f577411795026b7f10786989a7989f9c,595
call_center_interactions/year=2023/month=07/day=25/call_center_interactions_20230725.csv,145920,d1f14413ca25336a678373cc18ccd53a42071164e1081872ffc3f4b9a3ab6e8d,713
call_center_interactions/year=2023/month=07/day=26/call_center_interactions_20230726.csv,175202,bb87f83b8a06327263d1245d151f06eb302f707318fd756628a54bd71dd0f641,858
call_center_interactions/year=2023/month=07/day=27/call_center_interactions_20230727.csv,119103,a3bca16187011d22a8a8680cc09958172eefb59bbb62d3b0bd575e0cb3618d8b,583
call_center_interactions/year=2023/month=07/day=28/call_center_interactions_20230728.csv,135499,6d66ffab3eec87f3b9efc046f8fedadc3a4ce06b246802a0d07f06b501ea70fc,669
call_center_interactions/year=2023/month=07/day=29/call_center_interactions_20230729.csv,78071,43e840e39026b6e3ac049c6560bb5927e59e7c58cd00f31b3710a53f6bdbf722,381
call_center_interactions/year=2023/month=07/day=30/call_center_interactions_20230730.csv,60945,fd0df6d488cea748a22eac5bd86902225995a64a7ee9c2e35ee3f6267e4ebbd6,297
call_center_interactions/year=2023/month=07/day=31/call_center_interactions_20230731.csv,127918,25f65001b482f34c58dc6a7b274fcbb420f40d7ef70908f4b8dc06e35d1de584,632
call_center_interactions/year=2023/month=08/day=01/call_center_interactions_20230801.csv,169289,be5ddc0e7ed3bb060c2ba9cefd828f9d20dd1e8b16a0d3b14e521d4f9e0e00c6,833
call_center_interactions/year=2023/month=08/day=02/call_center_interactions_20230802.csv,122733,883936fbe91ca002be3b6afb8937f7075511436aff96286370a50f5c6403066d,606
call_center_interactions/year=2023/month=08/day=03/call_center_interactions_20230803.csv,168368,0e851137f52a34b825894378aa8e94ae4a248811957e0bfca3d292e4e9f78102,827
call_center_interactions/year=2023/month=08/day=04/call_center_interactions_20230804.csv,119177,ceab5ce69208d8fc882d970056ea8b3d3bc66c77abc7136049d1152e2e5f4405,584
call_center_interactions/year=2023/month=08/day=05/call_center_interactions_20230805.csv,88189,2212f26aa50746452b626905ae71257e955fb99845635e3ed8bc001e0f7084b3,435
call_center_interactions/year=2023/month=08/day=06/call_center_interactions_20230806.csv,86962,382586c4507bead2a91fd36478836de788a7583ff3eb00e57b529fcd868d2c13,423
call_center_interactions/year=2023/month=08/day=07/call_center_interactions_20230807.csv,127121,21cbf59a8ba4da66904bfeaf3ff49b0f574e8072a5214ff92dbf209be9350304,621
call_center_interactions/year=2023/month=08/day=08/call_center_interactions_20230808.csv,165507,7667b33365a62c0f55a57156e593ad950ef7d13a3af3b190f58e798061ab8d3e,814
call_center_interactions/year=2023/month=08/day=09/call_center_interactions_20230809.csv,122919,e55d8a93efd35014118a58bc36bc57f08328a8fb06bccc477a045bf9a0ad770f,600
call_center_interactions/year=2023/month=08/day=10/call_center_interactions_20230810.csv,145125,08927a969b772e1cb6f7456aba1650e26f64071316ccfd5f450fa6be0d77fe62,709
call_center_interactions/year=2023/month=08/day=11/call_center_interactions_20230811.csv,156712,68837bf97b089b35b44d7073bfea7c6eefe49b8f589eb346f77194bcd8e768ec,771
call_center_interactions/year=2023/month=08/day=12/call_center_interactions_20230812.csv,69044,c1e9cc0b9391305bbb2197f14e434152e7ea4c14ece4302a25733d833dff0c2c,340
call_center_interactions/year=2023/month=08/day=13/call_center_interactions_20230813.csv,63741,0f5570ceee52ab201922c57f454a42506265dc770dff2243bf9c89cb948bfb75,312
call_center_interactions/year=2023/month=08/day=14/call_center_interactions_20230814.csv,139746,d16cfc2e0223c3db03e1e01af7f39a3ce0a4f3c0462dc2cc6908af5e0db43be4,686
call_center_interactions/year=2023/month=08/day=15/call_center_interactions_20230815.csv,161464,d6b5c7572c696d93319722309f124a80f597f2aa54f702547f2292686ae1636f,790
call_center_interactions/year=2023/month=08/day=16/call_center_interactions_20230816.csv,125630,acc885431ccce456f18339c0f352a19135a1cd15c81459d714620c1051cfe4fa,615
call_center_interactions/year=2023/month=08/day=17/call_center_interactions_20230817.csv,167962,07254d4524234e57034ff9aea408957984bf8299daaa465b31a5baab7b88018b,821
call_center_interactions/year=2023/month=08/day=18/call_center_interactions_20230818.csv,177324,53920deeae39abc65dabee1bf932868513b2ed053e01e57cc72579d2882e0d6e,871
call_center_interactions/year=2023/month=08/day=19/call_center_interactions_20230819.csv,60638,e0e4280bc7f24ddbf29c4ffd5e348061984322510358363c882380646d21312b,298
call_center_interactions/year=2023/month=08/day=20/call_center_interactions_20230820.csv,61391,f17c0fb2393ab285a6d93f0cf958ac25d77fe87dfb10637a703aa56362e79710,298
call_center_interactions/year=2023/month=08/day=21/call_center_interactions_20230821.csv,155852,ed4b293be34ee9c3b94469b47f0d8087f136b2d139f44de773835fa62e56fd2c,763
call_center_interactions/year=2023/month=08/day=22/call_center_interactions_20230822.csv,141233,26f8fb4455b8aae01533a735a19bb7c386e29345b32b63e4d279d79946c0e854,690
call_center_interactions/year=2023/month=08/day=23/call_center_interactions_20230823.csv,160609,dbbc8dc08ff6ed4aa12323096c3f39d08b4ef71cb586164c42bb3c1f6673d810,791
call_center_interactions/year=2023/month=08/day=24/call_center_interactions_20230824.csv,176645,ac2a6d2c8b4e177d963edcd3638d3daf1158ef25835e902369d3e811772290f2,865
call_center_interactions/year=2023/month=08/day=25/call_center_interactions_20230825.csv,133250,82235610373af739f3176293ae42cccf85101c0464706b8c60765d35fdb321c8,652
call_center_interactions/year=2023/month=08/day=26/call_center_interactions_20230826.csv,61609,374a50041065230f56429f82e33419fa03cc1a2e3f9d2aef9748128bc0e2d4d7,302
call_center_interactions/year=2023/month=08/day=27/call_center_interactions_20230827.csv,78113,5f80a1e50fc4199fc5d67c2db026ee63dd01484d0bd44e03d5c0fcb716737a63,387
call_center_interactions/year=2023/month=08/day=28/call_center_interactions_20230828.csv,159527,b41ca5445a20ca25209be6aa672c851b30b4cd0f7b6e4bb609e37c13ce0ae1bc,780
call_center_interactions/year=2023/month=08/day=29/call_center_interactions_20230829.csv,151846,c23f742f986b562cef1a0c019dae49baf5a9f63edccee355a2660b32297bcf70,744
call_center_interactions/year=2023/month=08/day=30/call_center_interactions_20230830.csv,161770,c0c716064b7974954f6c1bd2742d9db2fe9790a1b43c80b08c87d0541c256474,794
call_center_interactions/year=2023/month=08/day=31/call_center_interactions_20230831.csv,142165,38da87e9a52bda20e25cff081ba3c9ff2d2efb9a2de507e04d091eef8b133db2,700
call_center_interactions/year=2023/month=09/day=01/call_center_interactions_20230901.csv,136668,f3a10b960d2bc044422e6c9f2801a86d7a0535a2368857cd6f7e0fa671b029ff,672
call_center_interactions/year=2023/month=09/day=02/call_center_interactions_20230902.csv,65546,92e4fea97771c828f07e4a68d7b6c9b807efaccd2902620f3672b9f94c485836,322
call_center_interactions/year=2023/month=09/day=03/call_center_interactions_20230903.csv,71527,1b33a8bf98b2823e45b5013de6364ea36fccf33c7380210ec192c0ff572a1f04,354
call_center_interactions/year=2023/month=09/day=04/call_center_interactions_20230904.csv,130490,0d4e338b266d8a895659134690f05906e8a2f17a629d122e95da6a7746d9df9d,641
call_center_interactions/year=2023/month=09/day=05/call_center_interactions_20230905.csv,162713,fed203835faa8371eec5558f3426457d4cffb7da792ddbaa4a8afd882618b6c7,798
call_center_interactions/year=2023/month=09/day=06/call_center_interactions_20230906.csv,174168,4a9e6908556dda37eeb3dce55ac421e49230c1254938f0765dce332f81cea0a9,857
call_center_interactions/year=2023/month=09/day=07/call_center_interactions_20230907.csv,145198,6c95c5f8a1aba5d0060b75462f88ecfc184e3fa05882d6313b785e90e5507aee,713
call_center_interactions/year=2023/month=09/day=08/call_center_interactions_20230908.csv,161762,55a52acf2c45a39615e5188a907c61c9ce77b161e646bd3c1e7bcd92a7da5815,799
call_center_interactions/year=2023/month=09/day=09/call_center_interactions_20230909.csv,73024,37c8dab92f999fbfab9b14322baa044245d004dbc3ee734532ee8de08577a813,358
call_center_interactions/year=2023/month=09/day=10/call_center_interactions_20230910.csv,69084,5435f751d6ce0244d8ed47470e74d0658275222d372c91c139af3c1bf4ea530c,339
call_center_interactions/year=2023/month=09/day=11/call_center_interactions_20230911.csv,124320,326d5d313a23571dafbf4314ddad0f12e41629f8d01afa9fa7b9e161e4235e8e,612
call_center_interactions/year=2023/month=09/day=12/call_center_interactions_20230912.csv,146674,bf5ba3dae51bfe6c0de37036477a490892cef5a4fccba19a5899e841ae04526e,722
call_center_interactions/year=2023/month=09/day=13/call_center_interactions_20230913.csv,145265,ed9abfb5bccc6c0b05ee2ea9e714b9dd2e443a3213f84250ee0a597f3a3cafbb,716
call_center_interactions/year=2023/month=09/day=14/call_center_interactions_20230914.csv,124643,a4079a1491b55219dafc69f0812958379e42840af7b15853efa4515c354fb2d2,608
call_center_interactions/year=2023/month=09/day=15/call_center_interactions_20230915.csv,175466,bdf1c95ac18b03decada9fc40fab25b48a98deeaecf1196da6b05e6704ae40e6,870
call_center_interactions/year=2023/month=09/day=16/call_center_interactions_20230916.csv,70686,22899656295052ec00506e7aba7399e891820a1fb7cfe4fed7d49452bce80d0c,345
call_center_interactions/year=2023/month=09/day=17/call_center_interactions_20230917.csv,69382,ab2d1973628f71bc9fd5d6b3fa02fefed1f755d879e758f4e7ffbbe4d3f6b3ed,342
call_center_interactions/year=2023/month=09/day=18/call_center_interactions_20230918.csv,129840,cd920f808ed45d666e58abae9d56aa516895cd1c6c191a097cb8994675426722,636
call_center_interactions/year=2023/month=09/day=19/call_center_interactions_20230919.csv,149384,d33d61fdb30047905767949729764ff8eae058e3c172305e04c9b58144adc9c4,735
call_center_interactions/year=2023/month=09/day=20/call_center_interactions_20230920.csv,134865,7724c6253c68607f5aa31320391251e338aab3f30e57f8addbeb05d68277a134,662
call_center_interactions/year=2023/month=09/day=21/call_center_interactions_20230921.csv,122994,4c8f0b2421f26ec8d59f8013d4d6e90fc3f27ba2aaf95964aeb87cf275902e20,605
call_center_interactions/year=2023/month=09/day=22/call_center_interactions_20230922.csv,177381,8e2a9ffb0fb10d3bad9f42ce4e616979df39b59807a95da58bd470144a63ff9d,870
call_center_interactions/year=2023/month=09/day=23/call_center_interactions_20230923.csv,84777,fd1ba6a45b103f63c1f83a21e9cdd4210716544d5ed263f505f7c130afa9edba,417
call_center_interactions/year=2023/month=09/day=24/call_center_interactions_20230924.csv,70242,07e207f33efa4dd8644a1f93e74e854b46a6026707b4e5b8caddb7a86435d245,346
call_center_interactions/year=2023/month=09/day=25/call_center_interactions_20230925.csv,128822,e79929e67c6ac6989380b10178509b14b2999b44a130c8f5865342082f0ed1f5,638
call_center_interactions/year=2023/month=09/day=26/call_center_interactions_20230926.csv,125690,23bb3d842fa6c707285c0a1b8b8ebad2e79a048db378868a8eaf04dc54759aa5,613
call_center_interactions/year=2023/month=09/day=27/call_center_interactions_20230927.csv,161125,cd120d299e17cc02d7362da101d9ed50ab92e57fe5c8fd5bd222d5177b2fd0b3,793
call_center_interactions/year=2023/month=09/day=28/call_center_interactions_20230928.csv,146109,55f276ed85e99cd8f40c2bcdc3efa5ab06dd11e6bf7dd64658947e59ff724bfb,716
call_center_interactions/year=2023/month=09/day=29/call_center_interactions_20230929.csv,162359,7a10027190ff40b4daa5eb9af365a3aa165fb6e821f597d08742675534d61167,795
call_center_interactions/year=2023/month=09/day=30/call_center_interactions_20230930.csv,74565,ba72122c19fc84ad9a87f9d705b8c3ba4251b9b644b6b28c74af1403eec779ce,367
call_center_interactions/year=2023/month=10/day=01/call_center_interactions_20231001.csv,86721,12f9a02f0b30f144e5c6983520e140ff37f62327b7ec4d23d1796d6fa28cb404,429
call_center_interactions/year=2023/month=10/day=02/call_center_interactions_20231002.csv,176043,2007a8a1f3edb7bb20c985e8ab6a70484c4b50d45a4edf491dcc85138d90a628,863
call_center_interactions/year=2023/month=10/day=03/call_center_interactions_20231003.csv,141474,ad61327a662e866da3365b84c276f377b4dbe99b120827788e317747c366be39,691
call_center_interactions/year=2023/month=10/day=04/call_center_interactions_20231004.csv,138117,c8a43c1c105cdf77c84afc4cead6060362bd07e4561bd3687ea9bbd14cd0ffa7,671
call_center_interactions/year=2023/month=10/day=05/call_center_interactions_20231005.csv,162075,a38dc653480b2c1fdf46e27dedde57def4ff97a1db5316f23cc73d5c056db60a,799
call_center_interactions/year=2023/month=10/day=06/call_center_interactions_20231006.csv,122757,fef33ef222133d6363a76c68b160984462fd02c3cea892ae1f1ca390bc79b7e3,600
call_center_interactions/year=2023/month=10/day=07/call_center_interactions_20231007.csv,70473,17db06c7263324c102c6a40be560aa1b94224033c08b541f33d65606a2a55288,345
call_center_interactions/year=2023/month=10/day=08/call_center_interactions_20231008.csv,81232,a53fa1a3c1acc365357059834777bbb09fe7d49f61490a66ebce49b629cbad0c,399
call_center_interactions/year=2023/month=10/day=09/call_center_interactions_20231009.csv,119069,2f73ee4e7aedb871f3464d1d6987ccec73b746d5095159777a65b42c6f71b286,585
call_center_interactions/year=2023/month=10/day=10/call_center_interactions_20231010.csv,123342,921cdf9dcc19c399ab1d07edd5875acf8a28fa9e79b64f572aa759111b3de806,605
call_center_interactions/year=2023/month=10/day=11/call_center_interactions_20231011.csv,167574,eca52054a7cc542936ea25debb530a9c42d48d7c3c57027ec8035906f76597a8,824
call_center_interactions/year=2023/month=10/day=12/call_center_interactions_20231012.csv,140157,1ce26fe3b32eeded982d55378618ab0688ebb209c8972be882cc91e24867acb1,688
call_center_interactions/year=2023/month=10/day=13/call_center_interactions_20231013.csv,134750,e9094229f076e43e9f18ce719dbffaaad977deff824d1eb673eff525f90a2fde,664
call_center_interactions/year=2023/month=10/day=14/call_center_interactions_20231014.csv,74427,df4bee5f87afe5f63b0cef40017732d06010ea8a3357fda628b4aeed49826c78,363
call_center_interactions/year=2023/month=10/day=15/call_center_interactions_20231015.csv,88483,af59b1ac890a2edfd950a699a08f749ab6b7b5c4864c06d14d64b89551299d7b,432
call_center_interactions/year=2023/month=10/day=16/call_center_interactions_20231016.csv,142295,f48912049e38ff1941068fb66cc3267577161c029afbbf3b5b9bcc0a2c83820e,699
call_center_interactions/year=2023/month=10/day=17/call_center_interactions_20231017.csv,152498,62e273eae4b7538f5d505a7944e99f318a6511717e30c9531e5d143e8e80ed88,753
call_center_interactions/year=2023/month=10/day=18/call_center_interactions_20231018.csv,150715,4a3a6f68eb896b917576d0ef0af898c04ba7257cec607d1ba9ffa8b6a404fa9e,736
call_center_interactions/year=2023/month=10/day=19/call_center_interactions_20231019.csv,168902,3a016998a903b88cae093a75ce80a64c45da5bf35ee284f2612c5818069916f8,828
call_center_interactions/year=2023/month=10/day=20/call_center_interactions_20231020.csv,141237,72a4625d9760eb0c49a11ccea675f980e4e6a894ed5a476f7164dac9ef96c0f5,693
call_center_interactions/year=2023/month=10/day=21/call_center_interactions_20231021.csv,79867,5dfa2dea3b008552fe6a6b21d48a404a393f053d1849712b7909f7ea441f5f1b,394
call_center_interactions/year=2023/month=10/day=22/call_center_interactions_20231022.csv,70284,e0878a204a91b5f8bebe646e67689e7d1b96d0f5fb3c62d28dca19884d60c063,347
call_center_interactions/year=2023/month=10/day=23/call_center_interactions_20231023.csv,152853,a680da7060d9faf83c3fd432dc99b43ef228b8a55cc527d924b312afebd15ef1,747
call_center_interactions/year=2023/month=10/day=24/call_center_interactions_20231024.csv,172964,47cdd0772d8cc3269cbee43654edadc10fdde0a7ac67fb171bfdd6c8e547a14f,853
call_center_interactions/year=2023/month=10/day=25/call_center_interactions_20231025.csv,155139,ad3ce89f4b88f3e210abb0136dce21bd0870d24a1ddf0bd47b9f38d9036bc8fb,759
call_center_interactions/year=2023/month=10/day=26/call_center_interactions_20231026.csv,127334,85cc0fefd7a3e065cb4cd7dff28870da7ddd93e575c6aa6aa2e043fc62024945,621
call_center_interactions/year=2023/month=10/day=27/call_center_interactions_20231027.csv,151529,1b06ae46542f0a49dff6160dc17138b2f577018365d279112de2500035e568b0,746
call_center_interactions/year=2023/month=10/day=28/call_center_interactions_20231028.csv,67427,8903b7b7ed142390af9db286ea895da55317dfdcd55de25c3bdb09f7c4e7a667,333
call_center_interactions/year=2023/month=10/day=29/call_center_interactions_20231029.csv,76334,bbdd2cfcc4d2f8dde28f50d6a2c11270f19b0dd6022d7840925f4c87b0bb54e0,375
call_center_interactions/year=2023/month=10/day=30/call_center_interactions_20231030.csv,162665,ae13485ef28c396870b215b0d271a63def252a0a60e29a9e8e80c9e070205f9d,799
call_center_interactions/year=2023/month=10/day=31/call_center_interactions_20231031.csv,122111,9edbf5800b5e7740f5ec4705dc47c5df38dff2d546c5fff9a7cd2738641d3f17,602
call_center_interactions/year=2023/month=11/day=01/call_center_interactions_20231101.csv,154344,d9b98fde9d984282f70a5d03aac12a0a43a81872ca9c2504479dca584d52dab4,759
call_center_interactions/year=2023/month=11/day=02/call_center_interactions_20231102.csv,132138,7a49dab0041a7687bf9db263b1b57ed423e577812c6fb544d1445b7972b27edb,645
call_center_interactions/year=2023/month=11/day=03/call_center_interactions_20231103.csv,154876,26c233166b17262636b6485bed501e2d181596d87786bbd55dcc1f5ba04a70d5,758
call_center_interactions/year=2023/month=11/day=04/call_center_interactions_20231104.csv,65425,4fcb77931c8007b75ddb64504143c55d3883394bb9dd5d8cbec52722b1f52cd0,318
call_center_interactions/year=2023/month=11/day=05/call_center_interactions_20231105.csv,67583,7f92d7cc7743d05296fb8752177fb3830263be84331465a6c767e8462833f7f2,334
call_center_interactions/year=2023/month=11/day=06/call_center_interactions_20231106.csv,173326,3794413b360306e17ba1164f30cf6a779cea4b4fe210d51184d8ee825861e9ea,851
call_center_interactions/year=2023/month=11/day=07/call_center_interactions_20231107.csv,153779,ebdb93027cd540c17749ed6275a82bb3fab6b4990491154344cfde6901949a90,756
call_center_interactions/year=2023/month=11/day=08/call_center_interactions_20231108.csv,142002,495e21b9e74fa44958779453476193e14d922b2820dd3fe5f784b32f6911b7fc,703
call_center_interactions/year=2023/month=11/day=09/call_center_interactions_20231109.csv,119763,1ce1aff69812d494c8a82cef99d46fd6bf8eecdb19cb38d8d5080b0c17409640,591
call_center_interactions/year=2023/month=11/day=10/call_center_interactions_20231110.csv,124808,113723d5d3a372e8cb00cb88199bb35c9c21bdfbc439b4a443abd07c0da08f40,612
call_center_interactions/year=2023/month=11/day=11/call_center_interactions_20231111.csv,74029,be2c0866835249e0531855d85f745489eef3acde5a6d8111832d0d845e08ddc7,361
call_center_interactions/year=2023/month=11/day=12/call_center_interactions_20231112.csv,70828,1b740061342e43cfacabb76ed64fe60eafeb03a37cbb163f72511d8387238123,344
call_center_interactions/year=2023/month=11/day=13/call_center_interactions_20231113.csv,131025,00c30800cfe3e1e24838c6cba08c5586546dd127db4489639b60664ed61ca656,643
call_center_interactions/year=2023/month=11/day=14/call_center_interactions_20231114.csv,176879,fc17bb9644f19a33401869d12ae2692e33c4c6232f12f864838b1ed51bff9d47,860
call_center_interactions/year=2023/month=11/day=15/call_center_interactions_20231115.csv,165834,2a33aa1b12d4e325bb8241f2d41f9e110b2c6d1b6c58d951c21acf00f6a475e4,814
call_center_interactions/year=2023/month=11/day=16/call_center_interactions_20231116.csv,172949,60bc81115855425f2b0ac6a0181bafb816c3720987e312e95227d177feb00a12,846
call_center_interactions/year=2023/month=11/day=17/call_center_interactions_20231117.csv,125339,22850b73ed79bb456a869f1a64a6f4a413ca94222e785db397a2adff5ae05bf8,619
call_center_interactions/year=2023/month=11/day=18/call_center_interactions_20231118.csv,62791,fc0f5f1e9922c0e3998c8dc6ad358c78a7b0b41aa9fbc9667cee620f69a4621b,306
call_center_interactions/year=2023/month=11/day=19/call_center_interactions_20231119.csv,67469,71a72ff4e44865d24c30a1a6a22cbc5bca21653c763a8177d5eff457bf516c7e,333
call_center_interactions/year=2023/month=11/day=20/call_center_interactions_20231120.csv,130627,4280173fe14b6e4181c728f3f6411d5cbb2db7c84cf413d268768f9cd1dd13ee,643
call_center_interactions/year=2023/month=11/day=21/call_center_interactions_20231121.csv,155365,aeb04aec1916180d02de13d037869b7cf369fa92b17b6ebfb6429bd59917508a,757
call_center_interactions/year=2023/month=11/day=22/call_center_interactions_20231122.csv,143555,61982af41bfb84e10ea885025c3ce5138368aace81f2ae707e409302a3affd7e,706
call_center_interactions/year=2023/month=11/day=23/call_center_interactions_20231123.csv,149515,306d6d2a6307089efcc4c2d434ee1553ce8a35f78381b0a02ca2bf9edb1cb20d,738
call_center_interactions/year=2023/month=11/day=24/call_center_interactions_20231124.csv,161491,72e6a4f8ead810bf14c6c4782981c35cfd4eb3638e8b928009bfe82b4b13f4ae,796
call_center_interactions/year=2023/month=11/day=25/call_center_interactions_20231125.csv,88885,36952cbb967cbdbecd7d205ba1f548633a36545db9c221507dc0de670c572ddf,434
call_center_interactions/year=2023/month=11/day=26/call_center_interactions_20231126.csv,69392,5acd37c2c130bf3bf93c17276b0a9b64a30c02c930ca8cfc4df2703d5e68ca5d,343
call_center_interactions/year=2023/month=11/day=27/call_center_interactions_20231127.csv,157458,3d264ecca443b09c7d1b675a803396ccfe79d84d105828feb684a5f0790526b0,778
call_center_interactions/year=2023/month=11/day=28/call_center_interactions_20231128.csv,169568,6e17d47831b49a8af40c79d1cc30c6f67f53da9ed797622fc742fa9386f699d5,835
call_center_interactions/year=2023/month=11/day=29/call_center_interactions_20231129.csv,127520,f1670cb43691d1b5b85bf811743aefc8abdfed94973aa8627ef737e73a06c167,629
call_center_interactions/year=2023/month=11/day=30/call_center_interactions_20231130.csv,124537,19a0aa30ea3cf7663851351405b29cd41728665187c196adeb9b70ab0cc94857,607
call_center_interactions/year=2023/month=12/day=01/call_center_interactions_20231201.csv,175571,cd93218decd43ba08d3ba83d1bd65c26f6ee6856a68b863475d4837c06f7b485,861
call_center_interactions/year=2023/month=12/day=02/call_center_interactions_20231202.csv,76757,fe4b5bc5a4e0924b20a542dc64bfc389c256fab7c05583ad0bd2a4a5b939460b,375
call_center_interactions/year=2023/month=12/day=03/call_center_interactions_20231203.csv,77282,72ba3b81e003bcf322b72394ccb62e15d81fc24a65d3b9f3dfee4d045eff172c,381
call_center_interactions/year=2023/month=12/day=04/call_center_interactions_20231204.csv,152886,4e4c1ac56e147d1b8115add247aab24e287d270bcc8508a6e8d6ed953e1c8aac,751
call_center_interactions/year=2023/month=12/day=05/call_center_interactions_20231205.csv,121684,2ed496197db6731f960479aeb390688c10ec2792ccc8c342466fb6f0f20a99e4,596
call_center_interactions/year=2023/month=12/day=06/call_center_interactions_20231206.csv,156269,2b2f4e92b867467aa121f7c6ea4d18b4e593dcb1f29959ff515db6ec000676a9,769
call_center_interactions/year=2023/month=12/day=07/call_center_interactions_20231207.csv,140162,8f21c741deaae99be15f22a2a30d10b9c7e98950c8829dd3f9157a12573f3749,689
call_center_interactions/year=2023/month=12/day=08/call_center_interactions_20231208.csv,155455,40b78699fe5973d82464110ce50743233b4c07c0ce4799eb5cc98fc449ecb633,763
call_center_interactions/year=2023/month=12/day=09/call_center_interactions_20231209.csv,69816,6f4eb51692e1610073f0de37ab00805c191b2318c98b23b650f6cf104dc736e6,342
call_center_interactions/year=2023/month=12/day=10/call_center_interactions_20231210.csv,77533,3e086224a944da7220e553fbdb3f32237989af51225ddab9f73fc15216a6b5d6,381
call_center_interactions/year=2023/month=12/day=11/call_center_interactions_20231211.csv,131298,5ff0cea346e9f2c3e7d05a58b0400eb32d72a1833ab0eb56bd64dac05248c0e7,645
call_center_interactions/year=2023/month=12/day=12/call_center_interactions_20231212.csv,172283,677c50f01e8ac9a7eba03d4371d19e08146709fb9aa2ee05aa85a86da10d2e70,844
call_center_interactions/year=2023/month=12/day=13/call_center_interactions_20231213.csv,158557,f3fef9546e1433fbcde2e02425dbc749ac15d203d7bad68578a3e27062f20051,783
call_center_interactions/year=2023/month=12/day=14/call_center_interactions_20231214.csv,177456,c0f4e54d4f7a6c0efd6ed9d1a27e1973809bbafe87e0676567f04e5959887ded,871
call_center_interactions/year=2023/month=12/day=15/call_center_interactions_20231215.csv,122738,1fa821db7ae2364e18519c183d2c9c6a316d9963be9c6adef5a6215fc98350fa,603
call_center_interactions/year=2023/month=12/day=16/call_center_interactions_20231216.csv,63905,27810a72bfeb7d94f65cbfed3c2e989f92fc4ad925e2418ef398a7fa6eb24534,316
call_center_interactions/year=2023/month=12/day=17/call_center_interactions_20231217.csv,87444,f7d6aff86ab744f6017f3bba2ec56a18b22bf5a273551b985054fd4e6bb58032,423
call_center_interactions/year=2023/month=12/day=18/call_center_interactions_20231218.csv,174076,d1eb6bcf4e1439b12fb871e2a5d31c050e8188e55573db2a3f17849b28ad2e1f,857
call_center_interactions/year=2023/month=12/day=19/call_center_interactions_20231219.csv,150839,3b29aacf80fcc741c090f01abb64115db4e82c77b587ae23d1e11c9fe9aa5e61,741
call_center_interactions/year=2023/month=12/day=20/call_center_interactions_20231220.csv,160548,702ee0494f6d33aa71b155e5b07614f11631773d444d642d1455a3f91ad16581,796
call_center_interactions/year=2023/month=12/day=21/call_center_interactions_20231221.csv,136467,0b570c7c6bcec8c23b84cb9069571544efffbd41ee496438609d21437358067a,674
call_center_interactions/year=2023/month=12/day=22/call_center_interactions_20231222.csv,171751,d8aa3624eba8c8401814c189f10e01c3fd4a32ebb40b6904609959f0a1e8da2f,843
call_center_interactions/year=2023/month=12/day=23/call_center_interactions_20231223.csv,70395,d15edf573f3ebf420f5ce14c0f03f2b865ebac2153c956d702a24d7f13016bc5,345
call_center_interactions/year=2023/month=12/day=24/call_center_interactions_20231224.csv,76504,9f002cffb2000b91d9be47e7db608186170ba44ece04dc1a4c7d7276700d28fe,378
call_center_interactions/year=2023/month=12/day=25/call_center_interactions_20231225.csv,127071,588b2c99ca3818c602410be0d60ea1036f91d16344faa2982a4b9d9063efef71,630
call_center_interactions/year=2023/month=12/day=26/call_center_interactions_20231226.csv,125921,c377de696d4197c96aa6e064949d73aaccbdb301ef9fbda6202b1b5b390497ce,617
call_center_interactions/year=2023/month=12/day=27/call_center_interactions_20231227.csv,135383,f336b5144e802cca92ef3bd2bf2da75971dd14e86d9032017b34d336867a1b53,666
call_center_interactions/year=2023/month=12/day=28/call_center_interactions_20231228.csv,136005,01168b11eede88598d5e0b1b059f0524ebfb1e0c8af5cf12ca7ae2d550ca5a3f,665
call_center_interactions/year=2023/month=12/day=29/call_center_interactions_20231229.csv,132147,1ad82a9fc17db19deff6ec8dbb8f7b8df08f44e1d51fb75641e59958a6ffc827,649
call_center_interactions/year=2023/month=12/day=30/call_center_interactions_20231230.csv,88736,739e6fe4954e30c7dd4d68ffa4d8aaa40eace0920ab8d5056e35a796fb365f88,433
call_center_interactions/year=2023/month=12/day=31/call_center_interactions_20231231.csv,84306,538aa9a9b7c49de84d86c2375a2442662d386cc7c42607b4e8d807dcafef1297,412
call_center_interactions/year=2024/month=01/day=01/call_center_interactions_20240101.csv,172212,2e2f6aeb871f86d97dd204b193411e9133efa6ea847540eca3de7d2da0ba075d,847
call_center_interactions/year=2024/month=01/day=02/call_center_interactions_20240102.csv,119412,5612452088f3b2482cf2a9dc21fb84be1ce53c19d42b148eeb0abd662c63f0b1,590
call_center_interactions/year=2024/month=01/day=03/call_center_interactions_20240103.csv,149343,b4a44569ab9eed6b64d39d3a0ecb05fd199d3c06452a15da2cc81608ce30cd89,735
call_center_interactions/year=2024/month=01/day=04/call_center_interactions_20240104.csv,122919,cbde5dcb16a488d693b0ff9ab766a9f5f39717ad507eec7b23a8ddf36a2f024e,606
call_center_interactions/year=2024/month=01/day=05/call_center_interactions_20240105.csv,152042,5cd9e2938cae06403fbd940d7fac014127f1991cb3a49e3375ce3f71ec5ac3b7,749
call_center_interactions/year=2024/month=01/day=06/call_center_interactions_20240106.csv,66127,e209d7f6fdff014d63c28b44602a15532b0aacd5175f6adfc6607df743e3c2a2,326
call_center_interactions/year=2024/month=01/day=07/call_center_interactions_20240107.csv,61281,cbf90c24298e6658a51b9ed3fe8f5391ec2b785d23105137830e4ed9f3829130,301
call_center_interactions/year=2024/month=01/day=08/call_center_interactions_20240108.csv,148435,f4f22ea41c32708573ad3972f0f45bcae9397802a7f0af09d93dba40065ac75f,726
call_center_interactions/year=2024/month=01/day=09/call_center_interactions_20240109.csv,139120,139ed92ed1c5e8e5be2371985a64a089c48878a993e17d11b4edb99caea36383,680
call_center_interactions/year=2024/month=01/day=10/call_center_interactions_20240110.csv,119792,ee21c874ec9789d04c7f2ebb5dfdf3499c1344f1131cbf9a4139005461d266be,589
call_center_interactions/year=2024/month=01/day=11/call_center_interactions_20240111.csv,162592,4f6e50aa0f4ba567e0f42b6080d72a419860e04f904c5ce224e7ff9850baed48,799
call_center_interactions/year=2024/month=01/day=12/call_center_interactions_20240112.csv,138236,8bae345588e247b218786e77762dfe1f2222c6690d3b7f822cc8dbab5fe052e5,676
call_center_interactions/year=2024/month=01/day=13/call_center_interactions_20240113.csv,76949,8b058a4ec733401a9ac01087934743062e82446fec39d6f4e64b2132e947e45d,378
call_center_interactions/year=2024/month=01/day=14/call_center_interactions_20240114.csv,81666,9ae6006fe54b1034732274d918d4b20ae3c907c27abe9fa1251a8a17e35f8385,404
call_center_interactions/year=2024/month=01/day=15/call_center_interactions_20240115.csv,147718,c02e11de9894a0c61b44d0f8bad44114161b85fbf8b12ada55e8342bc65e6039,725
call_center_interactions/year=2024/month=01/day=16/call_center_interactions_20240116.csv,175560,65c9f445d1d5668a3bb884bb4ebe0abe4a438c544ebf32acdbe989877c17ae1f,863
call_center_interactions/year=2024/month=01/day=17/call_center_interactions_20240117.csv,167567,7e421e6d5e9e6d223d30a94c7571b581ff797f2cdbd9dd2d21ac82cf15d94cfa,827
call_center_interactions/year=2024/month=01/day=18/call_center_interactions_20240118.csv,149523,15c0788043867d886e5cd15279f88f725d49c87f8e575194d5f73a16d11409b7,734
call_center_interactions/year=2024/month=01/day=19/call_center_interactions_20240119.csv,131255,db4c80469c7cfff2f670db138bff2a7850a7367ba6c26116ec99341546bec5f8,650
call_center_interactions/year=2024/month=01/day=20/call_center_interactions_20240120.csv,65271,12f4c45401b44e517d39ed91ee405eea793836f61bbfef226a017475d5036c28,323
call_center_interactions/year=2024/month=01/day=21/call_center_interactions_20240121.csv,74497,4388f4183f0e9dab9d4d9575e2c84565e6bf98890b648f7eda2cdd75a0c41664,367
call_center_interactions/year=2024/month=01/day=22/call_center_interactions_20240122.csv,156276,11c1c13e275e27c4af710809577ab39e7c4e60e00871eb81871aa2dea5f80276,765
call_center_interactions/year=2024/month=01/day=23/call_center_interactions_20240123.csv,134072,4268d04ae2321201e831a5a3eb4b267688199fd35da5f07913c462860e12d611,658
call_center_interactions/year=2024/month=01/day=24/call_center_interactions_20240124.csv,121199,76afe396b6e0103f1d4cfc5e9faaeff5b177f6856c14ef0c74637ddcd94946ac,593
call_center_interactions/year=2024/month=01/day=25/call_center_interactions_20240125.csv,141318,68cc89610c71f8372b9b50fd383f0dd33b2d93db8ccba757966a0dd10f6a22dd,698
call_center_interactions/year=2024/month=01/day=26/call_center_interactions_20240126.csv,137138,90db8873bc40c760cc0ea882bef79faca0cef22a0bbe26f303845d22d5abeca9,671
call_center_interactions/year=2024/month=01/day=27/call_center_interactions_20240127.csv,71323,1340628b6ff8e87ed123bbf5ad4424fe3c1d14bf8eb3f829025e38f5379a1944,352
call_center_interactions/year=2024/month=01/day=28/call_center_interactions_20240128.csv,87997,b5540ba45ffff41816561c368a30b0e72a7563986ebab70927e1d72b35130a32,430
call_center_interactions/year=2024/month=01/day=29/call_center_interactions_20240129.csv,130651,48221d3c3b28f70c17df792af76d0e440e2d4bbbc063c9ee3ffdcf896c4580c8,643
call_center_interactions/year=2024/month=01/day=30/call_center_interactions_20240130.csv,137373,b49aef47bb80dbe9cefbfcd77f90fde8145e7a9e2c5387a2bf52a4822d743646,676
call_center_interactions/year=2024/month=01/day=31/call_center_interactions_20240131.csv,127747,5783b603fcd9be1eea32eac0131df5402d025c9a26548ee69e1aa4dbd5408311,625
call_center_interactions/year=2024/month=02/day=01/call_center_interactions_20240201.csv,119446,199014682baa8c003cebfa938258db4873b82893ab37f440290fe99b11ff502f,591
call_center_interactions/year=2024/month=02/day=02/call_center_interactions_20240202.csv,141068,6c5cba3c003a9279dabad9882145621a7b4c5818010ca2863af4e01fa84622b2,691
call_center_interactions/year=2024/month=02/day=03/call_center_interactions_20240203.csv,69386,7b8173d3460dfe4d521a8ee1846482cd0360bdb52c06d552cc73258fe305d5f8,339
call_center_interactions/year=2024/month=02/day=04/call_center_interactions_20240204.csv,88955,246889f11398005c26d6ba4a4bf9731e3ffbf2d14a7d42fdc37487a5ea0a7d14,433
call_center_interactions/year=2024/month=02/day=05/call_center_interactions_20240205.csv,176531,dce25f5dfcc3aa38c3cb2f25963991117af523c466aae7795a37a5bd43ff266d,868
call_center_interactions/year=2024/month=02/day=06/call_center_interactions_20240206.csv,146945,169649dee9ba63c2d41d8bf6568ceedc94bf535ec33ef6e5cb283fdf953bea51,722
call_center_interactions/year=2024/month=02/day=07/call_center_interactions_20240207.csv,165956,bece6d9422aaf26139c8e52484a6ccd46e4a8d456e75aa6d4d047f274adc04aa,813
call_center_interactions/year=2024/month=02/day=08/call_center_interactions_20240208.csv,141344,a2bce610aa93b9c73542d350a6dd11433d50533b730f0473de638cfb21e986b5,694
call_center_interactions/year=2024/month=02/day=09/call_center_interactions_20240209.csv,163704,4a0ddbabee4625bc8f9afc84acdf15cd8aa3a5c1910a3d9c01de376b175a4da1,806
call_center_interactions/year=2024/month=02/day=10/call_center_interactions_20240210.csv,83004,2075ec97e4fef5621469a30aee7118a392753c5361e6f6ea61fd7eadd4521a99,407
call_center_interactions/year=2024/month=02/day=11/call_center_interactions_20240211.csv,63969,95a62da3a05f3da9c074d310fa202c170a45c78cc9efa4425b8216e0e0816ff6,313
call_center_interactions/year=2024/month=02/day=12/call_center_interactions_20240212.csv,148026,19f2d5bcc7275a897c968f0518f9751ad39f5f23413d8064604e1d8168c8d62d,727
call_center_interactions/year=2024/month=02/day=13/call_center_interactions_20240213.csv,125856,3764822b31d5f1350cddfe59ba4ccb9bcf31d43de367ffe8208ba02432f18d56,617
call_center_interactions/year=2024/month=02/day=14/call_center_interactions_20240214.csv,163100,29dd1ab197e67623c490f341b3083ff3fc1976539e8f8b90097371adc9304682,803
call_center_interactions/year=2024/month=02/day=15/call_center_interactions_20240215.csv,159624,2e40f9e11138702751b244081917d6da7c80f91e86a0c7a57699f933b4212f03,787
call_center_interactions/year=2024/month=02/day=16/call_center_interactions_20240216.csv,155114,4498d9bb53b075beda8cd7ea8476dae1fe00359545e713c09dbbd858f68ace6a,764
call_center_interactions/year=2024/month=02/day=17/call_center_interactions_20240217.csv,82283,27a8981630ffd74e65de541d6abb6db2584440717cc532694d6c3500621b89c4,402
call_center_interactions/year=2024/month=02/day=18/call_center_interactions_20240218.csv,86862,30607c2c29bdbee4451ee998893d858b77139a20514174ee0398f7db410e2b7c,427
call_center_interactions/year=2024/month=02/day=19/call_center_interactions_20240219.csv,174232,1496202d54a6c6cfbff4176ae716e6c19a862715c11e6669fda18b73fa94153a,863
call_center_interactions/year=2024/month=02/day=20/call_center_interactions_20240220.csv,149962,990f8e455bcb8da1c4cda6ef6d3aedfe7d2299ca5744a877cb696d2ae6cd10ce,737
call_center_interactions/year=2024/month=02/day=21/call_center_interactions_20240221.csv,138994,d4939deaf1a2dcd2b18cc862abbe5cef1e7f6bc40c05dea492b754ce06453ef8,684
call_center_interactions/year=2024/month=02/day=22/call_center_interactions_20240222.csv,134778,0920467b8ab4fb96ed1a37927764523de0fdb71a9653f0b71974550b94972181,669
call_center_interactions/year=2024/month=02/day=23/call_center_interactions_20240223.csv,143415,12ed7b77864ed6f1ef87231a73d36bf9fa7acf5dae85a2cf7383ffc77c33f5b3,703
call_center_interactions/year=2024/month=02/day=24/call_center_interactions_20240224.csv,70519,1328c0be0c95b6100e66bb7850acc5983b2c1408f59d8ba302693d2c4a341cf1,344
call_center_interactions/year=2024/month=02/day=25/call_center_interactions_20240225.csv,75292,e86cc92ddb2c9c261ad340156a40dafd6eec2a298f944745462ce63253e4add8,374
call_center_interactions/year=2024/month=02/day=26/call_center_interactions_20240226.csv,176784,6ded75c9ca07059c772d54b6b5f30cfce95525a6490f29beafae5fab2ddc658e,874
call_center_interactions/year=2024/month=02/day=27/call_center_interactions_20240227.csv,155342,7fcd5a9c3764ee1fa188f1009c1c89bf1f16e5b1737a08d875bb5b24db96f2f4,758
call_center_interactions/year=2024/month=02/day=28/call_center_interactions_20240228.csv,135992,7bb999f63be9d20381a820cee0f36e379bc595557c1c3ed216d39957d2828a23,664
call_center_interactions/year=2024/month=02/day=29/call_center_interactions_20240229.csv,123602,90c520fa42c5a506ca068dad0a099253f42c49dc1f66a02a2d1421be41abb7e1,604
call_center_interactions/year=2024/month=03/day=01/call_center_interactions_20240301.csv,147186,13c78bc40e60fd09b24edb03856d8416e0b385eb2c25ec768dbba5d62088873d,723
call_center_interactions/year=2024/month=03/day=02/call_center_interactions_20240302.csv,63658,9345e142a9dc994214b48f900cbf60489b1f47a82f2551bb4fa7ffd167bd0f66,315
call_center_interactions/year=2024/month=03/day=03/call_center_interactions_20240303.csv,87299,ff56e06bf0d3825abd2401ac96d44d10309527094e8602b5d44dd14484eba5b3,429
call_center_interactions/year=2024/month=03/day=04/call_center_interactions_20240304.csv,131412,f923ab3da20afa062089f941513a0de4cc388736bc25ad2c10c20fc106dcddbd,643
call_center_interactions/year=2024/month=03/day=05/call_center_interactions_20240305.csv,157838,7cc7286ac3cda9bbcf2943983bc88fbc57523e08688d5a7d7bfbc4a7c8c02764,773
call_center_interactions/year=2024/month=03/day=06/call_center_interactions_20240306.csv,133852,e3b7c1426f4ad383c9cc30598a65191f6ab5b5d2a610bcadd96372b0a0615e8d,659
call_center_interactions/year=2024/month=03/day=07/call_center_interactions_20240307.csv,128381,e7a37c88d6eda322c88c1d0a78ec1635c64e7b71e4a8dd0c49584f004fdec8d4,632
call_center_interactions/year=2024/month=03/day=08/call_center_interactions_20240308.csv,163718,1878d61501a9073746b60e6003407030406fb0cc92c97a9e77e7a663ddbfb8ac,804
call_center_interactions/year=2024/month=03/day=09/call_center_interactions_20240309.csv,65320,be8b627977ea94cc8ee76e7bd81027182131255a4da4d0a7dfdf1c8935fd7cc4,318
call_center_interactions/year=2024/month=03/day=10/call_center_interactions_20240310.csv,74198,b67672378ff18620f1f4ca0d7ce9d2925892972981fd4f0d6398b1519330aa53,361
call_center_interactions/year=2024/month=03/day=11/call_center_interactions_20240311.csv,152033,be899c9c5a69f10474fbb589c4a8cb4e6481c5b04ccbbe8594a8e01880d9ff7f,750
call_center_interactions/year=2024/month=03/day=12/call_center_interactions_20240312.csv,145710,d7609ef6c190e1159b49b7d8b41365ac46699553d621319ef65180c2285dac83,713
call_center_interactions/year=2024/month=03/day=13/call_center_interactions_20240313.csv,149272,300569071f548012aa85a96a182d8937959e20aee451680490c34a8aed44e944,734
call_center_interactions/year=2024/month=03/day=14/call_center_interactions_20240314.csv,128633,e5dee5241532a79bcb4d35f47c28340c5acd8a6f6ef41bc5a706921b2a78fcf8,632
call_center_interactions/year=2024/month=03/day=15/call_center_interactions_20240315.csv,139536,30e59e61d7c15c180c88c0a2da416a4e56ae45c7abd1954faa11da8216dd3343,687
call_center_interactions/year=2024/month=03/day=16/call_center_interactions_20240316.csv,64963,5dea76a661b5e6200b750bb6dfe4c7710f5567131b6532ba1721b9e7611872e5,319
call_center_interactions/year=2024/month=03/day=17/call_center_interactions_20240317.csv,71376,e5016551bdec8b804961f5b41bdd7c7cbf72f4edcbf9d15a1d77d94476119aa8,351
call_center_interactions/year=2024/month=03/day=18/call_center_interactions_20240318.csv,156164,e3811c5b7f0424b8e5a82ce06a15415000dea0179cea9bc031f5e42d3496a2eb,765
call_center_interactions/year=2024/month=03/day=19/call_center_interactions_20240319.csv,121079,40604e2af7afaf06021efd903ecf536f0ca0cfbb30f4285fdbf1b3c39cd0120b,591
call_center_interactions/year=2024/month=03/day=20/call_center_interactions_20240320.csv,133528,f0b4c3726ff3eeabeecfd530473446056131ff28ffb17bb8672d16f930e024a0,654
call_center_interactions/year=2024/month=03/day=21/call_center_interactions_20240321.csv,119119,23216ee70d4df2f9e824fb8297819e3056c6f367413ef6b7e76bc3f57faf94ad,583
call_center_interactions/year=2024/month=03/day=22/call_center_interactions_20240322.csv,152257,f80a09e873af0bd023137cdf7cd09e40fcb8055500fb945745962800bae19e03,745
call_center_interactions/year=2024/month=03/day=23/call_center_interactions_20240323.csv,76458,4ccb178315c0334a941ffe9302dfed7cc4e45431af74c923733259ae576854dc,373
call_center_interactions/year=2024/month=03/day=24/call_center_interactions_20240324.csv,88666,43618b65907e2056e66a46325c03e82ed78ad06faaab280a9b35d7262f95725a,433
call_center_interactions/year=2024/month=03/day=25/call_center_interactions_20240325.csv,175836,de23d87b691a23610bfe643e65f368613fce29681e1f82b6b13d4ed120c63585,862
call_center_interactions/year=2024/month=03/day=26/call_center_interactions_20240326.csv,163809,2913283195f7cabaab78c65c8309c40e34f8281c56883be2ff9ce425243f7c10,805
call_center_interactions/year=2024/month=03/day=27/call_center_interactions_20240327.csv,169725,27c780d65e9f73e8ac43cb10e002d574ba8d020a916ee880efda4e84f3d56c2b,835
call_center_interactions/year=2024/month=03/day=28/call_center_interactions_20240328.csv,165603,fab735b03067ef8cf7ff1d60b99a3c81ef79eab48f0141a106119469c09fcbd9,808
call_center_interactions/year=2024/month=03/day=29/call_center_interactions_20240329.csv,146789,a2d335af95aee67fb2dc3eb82e9c3f2263d1b31c86358ecd7039c9b9c82acae2,723
call_center_interactions/year=2024/month=03/day=30/call_center_interactions_20240330.csv,85121,2bd92c3752a0250c59fd05ae11d3dce50f12e1e69d0235df02ed5367b1fc0141,422
call_center_interactions/year=2024/month=03/day=31/call_center_interactions_20240331.csv,86173,283321c4074a3341cf3d945b26f1ee46cdfe751d0571562979ce38ce73812f0d,423
call_center_interactions/year=2024/month=04/day=01/call_center_interactions_20240401.csv,170838,641c8098ba3f1680c7e5f40c159e87bf1f6ce1f4e3fad72a389fc65014a791d6,839
call_center_interactions/year=2024/month=04/day=02/call_center_interactions_20240402.csv,153306,1efa4ca787aec33e455eb6c460bdc506be6be4428b58b9646c64145e8db6915f,755
call_center_interactions/year=2024/month=04/day=03/call_center_interactions_20240403.csv,163708,7ce94373976a2758932c6f7def778444c23c49389540859ab540064b16307f73,805
call_center_interactions/year=2024/month=04/day=04/call_center_interactions_20240404.csv,127330,d8c6c943dff077898a6879404472131f410d2b7666319dd9c71378c79c766ef5,626
call_center_interactions/year=2024/month=04/day=05/call_center_interactions_20240405.csv,175613,f068f38d0bab8e3969e8b88a07e7c1057a54721e72a037f7097caa4a39bbbbfc,864
call_center_interactions/year=2024/month=04/day=06/call_center_interactions_20240406.csv,83821,68452a2cb00d4f88a5a1816b0162f4fef3a811a2a0c56a31816819514f8f615c,414
call_center_interactions/year=2024/month=04/day=07/call_center_interactions_20240407.csv,77447,a3a53441c9e870b9dcd9342e980d9d42c0b22256b03170e612fcbddf764ef33a,380
call_center_interactions/year=2024/month=04/day=08/call_center_interactions_20240408.csv,130054,abb1e32e69b40a54b229365a0c4fa048db45c02ca0ebd66aa82b09ea8d1d7c29,639
call_center_interactions/year=2024/month=04/day=09/call_center_interactions_20240409.csv,156751,f92cfbe3cdddc589a3e9adf65d3f43533240aaf081ba60bf1ee21862413985eb,776
call_center_interactions/year=2024/month=04/day=10/call_center_interactions_20240410.csv,156350,b89dbaaba32e698904c6eb2b80130e55d455537c4e659dd591d28ccb8c50673e,767
call_center_interactions/year=2024/month=04/day=11/call_center_interactions_20240411.csv,175404,d89612f79af515bd716c650e87a9f74b9d12b00baad6fedfe458be287e447634,858
call_center_interactions/year=2024/month=04/day=12/call_center_interactions_20240412.csv,157537,74612efd306e7092fd5b2ebe198dc0562dc05061349bc6581560c1a1c005c4ef,772
call_center_interactions/year=2024/month=04/day=13/call_center_interactions_20240413.csv,68913,72773575a6a5e7561d3541389be231358d2080b12ef1ab2e488d149213500d22,337
call_center_interactions/year=2024/month=04/day=14/call_center_interactions_20240414.csv,77628,5faabdff992892c80acac07716ba0583e1a36c529276b80f62c7313e38063b37,384
call_center_interactions/year=2024/month=04/day=15/call_center_interactions_20240415.csv,171921,5bac03e81b830ffb3f132a8da4ac9a766e7cddca16040e6a5435a90b49359d82,846
call_center_interactions/year=2024/month=04/day=16/call_center_interactions_20240416.csv,138502,4b4b65d3f8302c8a74c86e764593c0ac208624ccffcc88c371f22b9f0ae6545f,682
call_center_interactions/year=2024/month=04/day=17/call_center_interactions_20240417.csv,155858,d1ac842ef48dcf698cfff5e68b3db5d6af7ccc2e83fc23236325789b26d71626,765
call_center_interactions/year=2024/month=04/day=18/call_center_interactions_20240418.csv,172886,3c23f0f097fc00fde5bdae47c56152123b1b22c6e563ca28c9ff14e1081b9bff,850
call_center_interactions/year=2024/month=04/day=19/call_center_interactions_20240419.csv,151468,f015f701c2825407adf083be92539f17f7dcd851e3b8da94f1de05f8a35f98dc,735
call_center_interactions/year=2024/month=04/day=20/call_center_interactions_20240420.csv,76021,a006cd86a1151b61dabd6310cedc1c3bc2020cdcbf084cb7b281cbbe1906772b,366
call_center_interactions/year=2024/month=04/day=21/call_center_interactions_20240421.csv,83236,140a62b17d10428b7a3ee3d7f008cc5d2b2123fbc2dc2d59b19af6bc02c4fb8b,410
call_center_interactions/year=2024/month=04/day=22/call_center_interactions_20240422.csv,148776,33602bf45898bd63c735f794f50f62e5bd23620934b8ca233d0b02645bba0d95,732
call_center_interactions/year=2024/month=04/day=23/call_center_interactions_20240423.csv,139889,f614d56b706eb5c2c96622934243730091ba626b7235e488c7fedce428d8719a,685
call_center_interactions/year=2024/month=04/day=24/call_center_interactions_20240424.csv,137461,0f36768e776a918d20ec29e9afab4ae08771304810cf25ab394e234cec04221d,674
call_center_interactions/year=2024/month=04/day=25/call_center_interactions_20240425.csv,145371,0be430a30d88b64adcaa6b40460aba8123fa4434e16d2d084551a07c304b7f05,713
call_center_interactions/year=2024/month=04/day=26/call_center_interactions_20240426.csv,157849,3ca456a03dc56388070c2ba7a4c41d623888e5adbf1bfd0399714bec68ac554c,772
call_center_interactions/year=2024/month=04/day=27/call_center_interactions_20240427.csv,79023,f75073950d959e9d5faa18125f05057da38fa9c5a4774e8d4bf8e6aad9320b23,390
call_center_interactions/year=2024/month=04/day=28/call_center_interactions_20240428.csv,78266,f5d9ece44457744a950b73953fbb10ac004d68d6eb6dc0e11067704aa3567a46,385
call_center_interactions/year=2024/month=04/day=29/call_center_interactions_20240429.csv,171127,e2d77a4dec8a5375520e94e189a68c9fe2b7388749e3a06805a590c97781af9d,841
call_center_interactions/year=2024/month=04/day=30/call_center_interactions_20240430.csv,163377,4d63b693a333070cbb5bc44bc81a3e586ed2fa894ec2e72a426974bb7d81786a,808
call_center_interactions/year=2024/month=05/day=01/call_center_interactions_20240501.csv,134421,db36098780e0ca7bfdaf1f6472c0f94f86f9f8c5f64f3c89a3576aa2160e50db,666
call_center_interactions/year=2024/month=05/day=02/call_center_interactions_20240502.csv,141702,b514c9d45cd20f9ffa421c32c0871ebd758a6c78703f8c8ef359d7db3a422b6b,693
call_center_interactions/year=2024/month=05/day=03/call_center_interactions_20240503.csv,167421,1163d13b20c933c6b1eaefb276b0492c1ce62f63d397d830ee68829790e2856f,820
call_center_interactions/year=2024/month=05/day=04/call_center_interactions_20240504.csv,59596,2fb4f11f4628bfefc4156350d88bb199db4be23d92936c787f7a9002544e21c1,294
call_center_interactions/year=2024/month=05/day=05/call_center_interactions_20240505.csv,75362,bd663e74545ecc83464a51e22f63328d4ee78ab35490abea3efe55fc765a72cf,368
call_center_interactions/year=2024/month=05/day=06/call_center_interactions_20240506.csv,141771,a0b2c0c36cf824be097a031a125becda3d42d8b174c43fd166440a4630cb1807,702
call_center_interactions/year=2024/month=05/day=07/call_center_interactions_20240507.csv,134607,36657a0c76bb08cf9116131eac5455cdba3f6d1054cfe8ffd20ec99213bbce37,660
call_center_interactions/year=2024/month=05/day=08/call_center_interactions_20240508.csv,175121,50d1b0b80fa3f9e02d31d833a5a81c8f009fef66308f6a9078fc3ad58c85d389,863
call_center_interactions/year=2024/month=05/day=09/call_center_interactions_20240509.csv,140417,adb82a0a01904c70734093b29babc8123cee39816c545f496192b15d1c912b98,690
call_center_interactions/year=2024/month=05/day=10/call_center_interactions_20240510.csv,177021,bca48b92ed0778a2cd0af94710b4d2f023f19d7db4102977b2641864836da8f5,867
call_center_interactions/year=2024/month=05/day=11/call_center_interactions_20240511.csv,76395,14c304a225848bb5ea31215c85a61ee4db94ed7ad36e2f3387c9131ddfd51dfc,372
call_center_interactions/year=2024/month=05/day=12/call_center_interactions_20240512.csv,74376,5a4a6efd6b926b8be3f36ee3794e95ee0705f885ea19c4027bfa59d9d5023390,368
call_center_interactions/year=2024/month=05/day=13/call_center_interactions_20240513.csv,126879,8c2a2f4489a449778ad4c21274ea3bcf397441f3c7763fd70087f33b64a77445,623
call_center_interactions/year=2024/month=05/day=14/call_center_interactions_20240514.csv,129083,6ee2092fb3e103f7a98e2b5799c97c04e037cd6430546cb76b175cf675435ffe,635
call_center_interactions/year=2024/month=05/day=15/call_center_interactions_20240515.csv,120781,935377b26d5c536da31569b48e6186eed251bb252967523b279f364658275601,595
call_center_interactions/year=2024/month=05/day=16/call_center_interactions_20240516.csv,136831,4ad4f994d4de0c363f0bf37f83fa43bb49d0eb25c86b70f7953c97c8596316d6,674
call_center_interactions/year=2024/month=05/day=17/call_center_interactions_20240517.csv,121365,ac2709a7b3d1b350df5ca6c040e0691f758ed2b7ff2286010078e3922d655077,599
call_center_interactions/year=2024/month=05/day=18/call_center_interactions_20240518.csv,76820,d5e7cc615efae0b70550872bb75da2dcdcacab8a7ff5e8cab08a86479f1b9c5f,377
call_center_interactions/year=2024/month=05/day=19/call_center_interactions_20240519.csv,65060,05674b7699a7e8d1025a82da7aef9cb95727cfe3f911008da768fe90c9c3765d,320
call_center_interactions/year=2024/month=05/day=20/call_center_interactions_20240520.csv,159671,391558662b40f135183dc06e005e92dddbabe8ddbd2e5cb004d5aecf32446181,780
call_center_interactions/year=2024/month=05/day=21/call_center_interactions_20240521.csv,135644,549d298975a209b664e9a51bff683f19afdc9591729f8fdc9c169c4c8bcc9fb0,664
call_center_interactions/year=2024/month=05/day=22/call_center_interactions_20240522.csv,127135,37e7e8396880a3b96ffe222c9aabd87b398482a7b47b1fac1f6a780bf8b5ab11,623
call_center_interactions/year=2024/month=05/day=23/call_center_interactions_20240523.csv,140473,cdf3c3fccf3328470f1c77145c2226eb52d513d99ace39514123a0b3cbe8fbe0,692
call_center_interactions/year=2024/month=05/day=24/call_center_interactions_20240524.csv,163112,15bdc6c985bfb8fca1070bb760515fe38e3642fb35badaffc7777cee4f37cf69,805
call_center_interactions/year=2024/month=05/day=25/call_center_interactions_20240525.csv,63605,9284a654c2fad9610bbecd46980eabe63e10eb97db4d174d2d75d6c264c1e799,311
call_center_interactions/year=2024/month=05/day=26/call_center_interactions_20240526.csv,66705,42bc3b83b8303cafb3794d69285b1ace133ce683cadb70d303d9786109be3ac7,323
call_center_interactions/year=2024/month=05/day=27/call_center_interactions_20240527.csv,142883,d21e7979abd962a21b34f5812f567d757b92eb30349a994d6a5dca69d27a87b0,698
call_center_interactions/year=2024/month=05/day=28/call_center_interactions_20240528.csv,146019,06103f4f895514fa32316df14fd3a1ad18cb49cfbfa874eea9eb0dd84c445555,714
call_center_interactions/year=2024/month=05/day=29/call_center_interactions_20240529.csv,157199,8108df1371968b9593aa02f971f16e77dff265e7869e79ba9d172f4ac38f19b4,770
call_center_interactions/year=2024/month=05/day=30/call_center_interactions_20240530.csv,153241,f5be9004c8bb26b487ca515caa230d8448cd3b560efbfe07d75f361a260c986e,751
call_center_interactions/year=2024/month=05/day=31/call_center_interactions_20240531.csv,173683,6713e7dfbf7d04e3a2970aac989c8ed333a309e19586ea8101bb03047968d2b8,851
call_center_interactions/year=2024/month=06/day=01/call_center_interactions_20240601.csv,85820,a6cb358e044762110d6dac7f37f2944613341ab87621a1d2e7ee13f349a6dcff,419
call_center_interactions/year=2024/month=06/day=02/call_center_interactions_20240602.csv,72751,acb66fa95e6ec31a8d86a3c0444f5afdd4543b7d26d339c2167fd1298bd27ccd,359
call_center_interactions/year=2024/month=06/day=03/call_center_interactions_20240603.csv,132217,e44bd3b9343513b2b6e2a0f8d395cc1e87c7600f158548bc3429a08a52ba4e86,650
call_center_interactions/year=2024/month=06/day=04/call_center_interactions_20240604.csv,150974,bbfad25d15f33c4d76847ec16b6a36622a1ba42deb373ba5722d722afa50a57b,744
call_center_interactions/year=2024/month=06/day=05/call_center_interactions_20240605.csv,156028,f30a93bd4f4dcb292b7b5672563bafbbf313502176edb9251b50fe03e092cd2b,766
call_center_interactions/year=2024/month=06/day=06/call_center_interactions_20240606.csv,146156,428dc2caa0224b328e70be7695318ed88532dff4ad86484455ddc3a3aef768c6,720
call_center_interactions/year=2024/month=06/day=07/call_center_interactions_20240607.csv,162451,66cc361522dadecb36862ac072ad54b9b4c77a9f1e2246e965ebe5d094cb820c,802
call_center_interactions/year=2024/month=06/day=08/call_center_interactions_20240608.csv,63022,372c5b98966e6f530b4b831445e4a5a22cdb91a460e936c9f5a0e01ea9859631,308
call_center_interactions/year=2024/month=06/day=09/call_center_interactions_20240609.csv,74603,dcf9b3e686720e6b4a5ed3625a60519a5415205a0b5284bf9a713ba549fe4510,365
call_center_interactions/year=2024/month=06/day=10/call_center_interactions_20240610.csv,140002,288abf9765fdf8d4140dcd4c0103c52013b276fb3e69fc6981ace34bab5ded46,683
call_center_interactions/year=2024/month=06/day=11/call_center_interactions_20240611.csv,149301,4b5ddb77fef98fe1b62c258e824bac49cc56e1ef02ae3e76409ab3064d376d56,733
call_center_interactions/year=2024/month=06/day=12/call_center_interactions_20240612.csv,166391,a25d6e891a349da3e21f2823db73892297ee22050b22abcd97b12740a8fd75cb,818
call_center_interactions/year=2024/month=06/day=13/call_center_interactions_20240613.csv,123521,a043d62f45e492b33a53f6187123eeb6a483a2aed3bb8b84a214ca41ccf34dd2,610
call_center_interactions/year=2024/month=06/day=14/call_center_interactions_20240614.csv,131625,cfd73e3c208be27d104fe64abe007e09f2195a1a355d240cf5b01f4820f21f69,649
call_center_interactions/year=2024/month=06/day=15/call_center_interactions_20240615.csv,76046,356bd33bee26b94fe25b77c0dff96f25442a80e10b9e85a106a3671695e53cbe,373
call_center_interactions/year=2024/month=06/day=16/call_center_interactions_20240616.csv,73028,82e92e723d6c5070a8ce91e07a85e929ba22f78d5ada1bdb862361cf75f7ffe8,358
call_center_interactions/year=2024/month=06/day=17/call_center_interactions_20240617.csv,170646,af4cea9c741b95496ca1795dc106f755346e0965bd72026e62d2ceeec08b7d90,834
call_center_interactions/year=2024/month=06/day=18/call_center_interactions_20240618.csv,137050,ab99a3108c09bf31db1b62eddb5f37660285a849ed279c2cab07aad4fbc43360,677
call_center_interactions/year=2024/month=06/day=19/call_center_interactions_20240619.csv,174024,333b59424765bf5f89ea3b7e22b278de513438797cf4badebfd3303475c3e9d1,857
call_center_interactions/year=2024/month=06/day=20/call_center_interactions_20240620.csv,139287,69730136f3c20e2ba80be370fae35109623cbb12817e2a04b3198c68b3ce44c0,685
call_center_interactions/year=2024/month=06/day=21/call_center_interactions_20240621.csv,126839,e7b176de5e0c81dba8970b87fce1c5472fa1de196bdf9132429b22d0761de7a2,625
call_center_interactions/year=2024/month=06/day=22/call_center_interactions_20240622.csv,85091,69ea577f209365ab627c7803893257db32595e282f22642637c456f655938170,417
call_center_interactions/year=2024/month=06/day=23/call_center_interactions_20240623.csv,83505,cbe59851f9b797afd9d2689ccfa3d09882e00ce38c4dbd11528cbb7de745bec7,410
call_center_interactions/year=2024/month=06/day=24/call_center_interactions_20240624.csv,154243,7e9072c2c0a6b2c7bb0edfbfc8ae51fa5edd5f8962c99ebd8f34d9217164044d,763
call_center_interactions/year=2024/month=06/day=25/call_center_interactions_20240625.csv,126083,2fb23fa75333437856cde5c952cdaa6d06a20c2695bc554388f6b18a68a4d4f4,620
call_center_interactions/year=2024/month=06/day=26/call_center_interactions_20240626.csv,160031,598b2b0d6e392ae32abd7817132639a4e5bccd9b4b9f42fc2614f60921c6d54a,786
call_center_interactions/year=2024/month=06/day=27/call_center_interactions_20240627.csv,136866,96a7e9dc5717e3bb632dfdd2c9c65817023d942a582870f02f69c4ac16009faf,670
call_center_interactions/year=2024/month=06/day=28/call_center_interactions_20240628.csv,144229,13243d14c5dc074257aaa735bc214ce3137eac1f4229ae7779f497e9f310d29a,710
call_center_interactions/year=2024/month=06/day=29/call_center_interactions_20240629.csv,73968,44fdd824d9a3ad809cff88ff57bce5d9d46972dba4f43dda0ab7dc776126650c,364
call_center_interactions/year=2024/month=06/day=30/call_center_interactions_20240630.csv,60479,c15164cd0230c71675f470e89941875e6a78a7652394ce4acb8865cb9e20df2d,299
call_center_interactions/year=2024/month=07/day=01/call_center_interactions_20240701.csv,172243,51a41711355ca052c7718b4a19fba16ac623d1ae4f8cb886636237bb15cc9e74,844
call_center_interactions/year=2024/month=07/day=02/call_center_interactions_20240702.csv,162284,6a7208e8c537d4d0a859ff5895ee6d40262e6cc835b0fe405314958c4b0d9357,798
call_center_interactions/year=2024/month=07/day=03/call_center_interactions_20240703.csv,125813,1bba1e0e80d27db7dfe5fccbd0c73e885ea257dbfcc6b07736bd54b3f770ab73,612
call_center_interactions/year=2024/month=07/day=04/call_center_interactions_20240704.csv,150798,2cfaa207991176c59117686a2d7e4f11a344d09b4fdc0757a798f03988a11bfd,740
call_center_interactions/year=2024/month=07/day=05/call_center_interactions_20240705.csv,157577,b3adea5ea1616da6d19a96b1dc1edcdf198bef686c062e9b65e3eb8ee5fdf3b9,772
call_center_interactions/year=2024/month=07/day=06/call_center_interactions_20240706.csv,75857,67665a2e0470f0381a08f871dc4ac684177a35703672b8d711dddab6e5489860,371
call_center_interactions/year=2024/month=07/day=07/call_center_interactions_20240707.csv,75252,5e00e3c65b377726a881084d151df9a1a6c96d73b00771b52113ea79ba91d488,368
call_center_interactions/year=2024/month=07/day=08/call_center_interactions_20240708.csv,122748,ea9f87de221bb12b58a6e5fa77b67efc74ac709753303a8a43f69e95148a6605,604
call_center_interactions/year=2024/month=07/day=09/call_center_interactions_20240709.csv,155269,0bfad51fffa213883b5143813f2ef910b74a672fbb787cbcfe6d0981dc70dc1c,762
call_center_interactions/year=2024/month=07/day=10/call_center_interactions_20240710.csv,142441,d624f7ff25edb5eadced2db41c4bd2aa027fe58ff919649a030d5b7e4078aa99,700
call_center_interactions/year=2024/month=07/day=11/call_center_interactions_20240711.csv,151382,abb6b1aaceccbb562b5368776ac33fee7d859430eb25277943d43ed8d23230f4,745
call_center_interactions/year=2024/month=07/day=12/call_center_interactions_20240712.csv,130190,50f29502c73b832c6bc46a4130eee9495795d007a937a4347b9aa83cdd0fd0ba,638
call_center_interactions/year=2024/month=07/day=13/call_center_interactions_20240713.csv,78325,5ddb1e6e246ad10641e57ebc0d6751d241ab3b8e6543e28e12c8a6b2685d5fd8,384
call_center_interactions/year=2024/month=07/day=14/call_center_interactions_20240714.csv,75020,cff9dc650b2b7bdabe65a5c4189636c17fdfa740a93d747e7a266d4fabd6df69,366
call_center_interactions/year=2024/month=07/day=15/call_center_interactions_20240715.csv,123989,368bae74ae1d0746c29bfe7df6215a1bda5ea867e06e1411d0fcc4f71df695f2,610
call_center_interactions/year=2024/month=07/day=16/call_center_interactions_20240716.csv,121561,f1e52df140c07d4a0043c9800daddfa77d37de8fde88de771beaf738f9c6d8e5,593
call_center_interactions/year=2024/month=07/day=17/call_center_interactions_20240717.csv,154177,9615e699e441b5c1b9b2fd19117bcc6fb44ebb58f094b8c3618e256b431e13e9,759
call_center_interactions/year=2024/month=07/day=18/call_center_interactions_20240718.csv,144135,6f392d3d150be2ae304ca4f1055a9aeb0e49abb3e9c21ae9879d7effe6047c9a,702
call_center_interactions/year=2024/month=07/day=19/call_center_interactions_20240719.csv,168955,f5084fd5995da362c7771e2e3412376ba3ae556d8b2e2928f4476b4167825326,831
call_center_interactions/year=2024/month=07/day=20/call_center_interactions_20240720.csv,64752,e67db1e41841fef0880ceeffac909fc4e760a7940181cde6b7c961379b021e76,317
call_center_interactions/year=2024/month=07/day=21/call_center_interactions_20240721.csv,74437,66cba917d287efe97baec9757f68e334c6fed2348d620728c8992761bfe6aabc,364
call_center_interactions/year=2024/month=07/day=22/call_center_interactions_20240722.csv,166350,16d17de07190429741411511baa86aa9e45e8a3eebaf4244f0b4073dc8fc93d3,818
call_center_interactions/year=2024/month=07/day=23/call_center_interactions_20240723.csv,169285,a21e52711f9af2fd15a2509a851e50320fefa45812a0bd1dc5701be35ccccd0c,832
call_center_interactions/year=2024/month=07/day=24/call_center_interactions_20240724.csv,118923,cf249fe7e5aaa93d1f154f54238ebe6f152f962f6f4179477bc4b76e41bac625,584
call_center_interactions/year=2024/month=07/day=25/call_center_interactions_20240725.csv,124258,6a448dfd77c4d9d161570b917d96440b6ddad1c0e971767c18d9d2bee9c4212d,611
call_center_interactions/year=2024/month=07/day=26/call_center_interactions_20240726.csv,171895,f81d11248a11dcb1456947e2535b010dd3ea3de1665d953a7ddda03843768644,848
call_center_interactions/year=2024/month=07/day=27/call_center_interactions_20240727.csv,79969,7a61165f012b535b0b1b98967c71145cf657fef39f4b49dfe2cbfca3e91dcb1a,396
call_center_interactions/year=2024/month=07/day=28/call_center_interactions_20240728.csv,80158,67a0915c16d0c032f41022acf1aef4d0be9a437eed52d100b4b203d8233396f3,396
call_center_interactions/year=2024/month=07/day=29/call_center_interactions_20240729.csv,173835,cb269c791a56234a97bd55d99c21ab1a40c80a05d5a1bb4f93f2a3fca898556f,854
call_center_interactions/year=2024/month=07/day=30/call_center_interactions_20240730.csv,151829,9acb597e961583077b897ef6324ba6066a5df12c191074485e6e26f28e6b756f,746
call_center_interactions/year=2024/month=07/day=31/call_center_interactions_20240731.csv,156558,985df94561ca6682bfddb4082e3699be3406a07f2ad731b298e9184a30f44361,764
call_center_interactions/year=2024/month=08/day=01/call_center_interactions_20240801.csv,178173,07f9937c250782d95031148600b55ec2e7dbe5f5bfc358417d7a147c1061e88d,868
call_center_interactions/year=2024/month=08/day=02/call_center_interactions_20240802.csv,153305,551f63a9aea4990499ef03755a0e62aa68360545916a3314d76a26d445da18fa,756
call_center_interactions/year=2024/month=08/day=03/call_center_interactions_20240803.csv,86191,6bfe54087fcb0d38c8a594668e1d14f7713892653258eef3588cd1136390aa0a,423
call_center_interactions/year=2024/month=08/day=04/call_center_interactions_20240804.csv,79734,e969e3bda7a48894961f416dab3e2a2f2bc8fe92ff85d9c8531ddf2d81e9961a,392
call_center_interactions/year=2024/month=08/day=05/call_center_interactions_20240805.csv,139462,abf19d93e53a1c555f98cd4438c4c7ff4632db150956009d8bc9d6d2f5359bc9,692
call_center_interactions/year=2024/month=08/day=06/call_center_interactions_20240806.csv,170473,3c1e3409af77bd6d4f3e376afebd265db8ec362a39d7ee94d0ac7868d29d9b19,841
call_center_interactions/year=2024/month=08/day=07/call_center_interactions_20240807.csv,144079,0fe0353add2ef1a2b8282b9f4866b55db8b9020a7a2d7a77013c4a896d9ba769,706
call_center_interactions/year=2024/month=08/day=08/call_center_interactions_20240808.csv,167554,c9f6038a02375e5dff684c21688beb692f1b1b6564876917ce0c593924c0980f,822
call_center_interactions/year=2024/month=08/day=09/call_center_interactions_20240809.csv,133401,ae8b603f54bdb5a7cf5ef148d4a0952c60e7739b519123bb2eedbf781de320fd,655
call_center_interactions/year=2024/month=08/day=10/call_center_interactions_20240810.csv,73500,0b9d7ddc2212d87d52014d8f006a4b072e33da1233bea226235a4fb74c912190,363
call_center_interactions/year=2024/month=08/day=11/call_center_interactions_20240811.csv,85509,e94f567a47cb559dccc4161e720cd7b85759926f73ee36b66e56929bc7be2c72,419
call_center_interactions/year=2024/month=08/day=12/call_center_interactions_20240812.csv,174210,75b0277d9e4b801631858a69555f3a6504fe5bcc1802db8d3c478a5caaf9cff3,852
call_center_interactions/year=2024/month=08/day=13/call_center_interactions_20240813.csv,133866,012253d0a0e0a1dc83e94e62672dd5a18c570ea4f405202185f5354b155a09ae,663
call_center_interactions/year=2024/month=08/day=14/call_center_interactions_20240814.csv,150679,54dc5f1811cea63f43313e5b8cf73336a889241a9db9ebcd82ea4f0d6d6b2075,742
call_center_interactions/year=2024/month=08/day=15/call_center_interactions_20240815.csv,135566,caf4f33bd42a4badcef21e45b338c02e24231881fb70ab43430e97ea1b0d968d,667
call_center_interactions/year=2024/month=08/day=16/call_center_interactions_20240816.csv,169891,f0f4c64ec516a5ecb7ea66564a859785dd18cc4072efbb598eef3279bb3d8f1a,833
call_center_interactions/year=2024/month=08/day=17/call_center_interactions_20240817.csv,62157,5d32ec5b7490143b6ea7afe46a3345b6cb4d07c29967a867b730e04b27a2c320,303
call_center_interactions/year=2024/month=08/day=18/call_center_interactions_20240818.csv,80435,93f45d7aaeade511b2cb261e5848ef937cdfcb0e1bc03945d13d057df6abb435,398
call_center_interactions/year=2024/month=08/day=19/call_center_interactions_20240819.csv,139574,6d8868d43e6bfa19050c159a8afba810a4b7b417ef48b3ba9c14da0c90f00bbf,690
call_center_interactions/year=2024/month=08/day=20/call_center_interactions_20240820.csv,167467,fa47212692b459d2f6b0e314d58f4d326659c625e33bec18409a7d5350d01240,825
call_center_interactions/year=2024/month=08/day=21/call_center_interactions_20240821.csv,158092,22973ea310cfd85b87fa2e7bd836b4f6ed9d6809ddf59d103d69b8bdf6df968b,774
call_center_interactions/year=2024/month=08/day=22/call_center_interactions_20240822.csv,140305,1a14e3a7af9d57c582563df07a456e0d1c4a08c0b11365d435e38b6b0cebdd51,692
call_center_interactions/year=2024/month=08/day=23/call_center_interactions_20240823.csv,178155,c81d74df66d5d45b08c808e25c55decc559b7d5b3c3879337e5345a1d3852a1e,874
call_center_interactions/year=2024/month=08/day=24/call_center_interactions_20240824.csv,72163,7b4584be2b545818c312d8b640f82a51ddd0589aa0527c8481b77f0a92ff29fc,351
call_center_interactions/year=2024/month=08/day=25/call_center_interactions_20240825.csv,71698,ec58ae6e1481e81564cbf97122e1101802a9ac5d38f09edc648c735be504d2fc,351
call_center_interactions/year=2024/month=08/day=26/call_center_interactions_20240826.csv,135944,0f5b9c31561c7807b975e6e81b22db115f3c16e05213833b8cd79c54e9a63eb6,668
call_center_interactions/year=2024/month=08/day=27/call_center_interactions_20240827.csv,119457,86fb27c6aa68d67ca808462a575cd9c31c1b7ba2bf0843ed9f398bebd00e6ff4,590
call_center_interactions/year=2024/month=08/day=28/call_center_interactions_20240828.csv,176626,a4e371801a9db81aa1f55f89ed5e3bc5b7c388a2fda87abf00fc7297a4b5365d,866
call_center_interactions/year=2024/month=08/day=29/call_center_interactions_20240829.csv,142932,a949fe916db217f9158d5a67778f2668a0aed3554b001d1a1e3327eac60275a7,706
call_center_interactions/year=2024/month=08/day=30/call_center_interactions_20240830.csv,133252,100ebf072aa68d6c6e1993a927b651c7eb4b1696107a9bc19fc73804abcf2d59,655
call_center_interactions/year=2024/month=08/day=31/call_center_interactions_20240831.csv,73443,70f21c7381030efa5d427aaeaa60d2e7071020de376ac14be400994f8e5241c7,359
call_center_interactions/year=2024/month=09/day=01/call_center_interactions_20240901.csv,78290,17bc4d7eca8d609be5564a3485bbb14d5e8dd7ab743d878ddd898764a89a70e1,385
call_center_interactions/year=2024/month=09/day=02/call_center_interactions_20240902.csv,159693,7b4547784193f70174713b5bbf1b0f4ee0210e1521b1e4310b740153d102e856,785
call_center_interactions/year=2024/month=09/day=03/call_center_interactions_20240903.csv,130644,953809922a0d9f265ff307dad09bdfb6827f728a22d0604e6390cebec5b02868,639
call_center_interactions/year=2024/month=09/day=04/call_center_interactions_20240904.csv,131818,bce7c17464267ed5fda6d1816072b7b3ff3f80b1764d1944963d40eb97ffa40e,649
call_center_interactions/year=2024/month=09/day=05/call_center_interactions_20240905.csv,173345,4b72344148ec8611c42b39870ecc4bdd736c67e5e30406ca096ea70fbb64cedc,855
call_center_interactions/year=2024/month=09/day=06/call_center_interactions_20240906.csv,171639,3a91ceb2e7c390f0de565d23ec3bced51449f76f694887619ae55825209ec660,841
call_center_interactions/year=2024/month=09/day=07/call_center_interactions_20240907.csv,71860,57f55adabcda6fa61054178fcd3d52ac37752d3304ddc5dff700d9b83c526af1,350
call_center_interactions/year=2024/month=09/day=08/call_center_interactions_20240908.csv,84824,52b80a7525056fc61c6a470c9e24183886f865ac683c9b4dac3132eb3bcd686a,414
call_center_interactions/year=2024/month=09/day=09/call_center_interactions_20240909.csv,119270,93baf260372c79f25c64c6b41c553e08fcf32b30059b3d911f83e715873669f6,587
call_center_interactions/year=2024/month=09/day=10/call_center_interactions_20240910.csv,173738,8601dcb459c78378c4ff5bdf9306881f49f713b4672b2199048c06597bcb912d,854
call_center_interactions/year=2024/month=09/day=11/call_center_interactions_20240911.csv,142331,42926cc3058cd5f9af660486ed97afe6ece6d57639a59970eaf5c5b36830f7e3,701
call_center_interactions/year=2024/month=09/day=12/call_center_interactions_20240912.csv,166852,b1ddcaf5e12fbb7c771d72834f2cb74dad0b78b416461a267e3309fbae200c24,818
call_center_interactions/year=2024/month=09/day=13/call_center_interactions_20240913.csv,172592,4409eac16304d147f117e8a6a403984b65ec3730974ff9e1982dfb9a27949f14,845
call_center_interactions/year=2024/month=09/day=14/call_center_interactions_20240914.csv,70577,2b2dbf40e66db83140f426c37109e969a09bd011295dbdd91f0ce7f1e6867f9e,338
call_center_interactions/year=2024/month=09/day=15/call_center_interactions_20240915.csv,63314,002dde677264d4403982d45c20790cc7b6482254bec53cf7f5d7f8c59f2f2ece,311
call_center_interactions/year=2024/month=09/day=16/call_center_interactions_20240916.csv,127001,9f8c98669460eda971f39236f88b1212ea2e4435f366663d23a7df62910fb7e6,625
call_center_interactions/year=2024/month=09/day=17/call_center_interactions_20240917.csv,155709,a07c25d6a1dc78e185fde7bbe740bd1f5dbd1c5bf5e5b95b6e14204fdb7a5806,766
call_center_interactions/year=2024/month=09/day=18/call_center_interactions_20240918.csv,164372,ec87c4280560ed94080c37d98beeb3772d4cad5c632e8a29d2457216b0818dae,810
call_center_interactions/year=2024/month=09/day=19/call_center_interactions_20240919.csv,136029,008dec71a12080b098e3f638d2b4ddcb16074f5270c6ea6f11aa49e47d1c9e14,668
call_center_interactions/year=2024/month=09/day=20/call_center_interactions_20240920.csv,176034,472d277af7439ef5598c08be28eead4529b027e92f9f7e691508f1e3f6e28321,868
call_center_interactions/year=2024/month=09/day=21/call_center_interactions_20240921.csv,77346,f3a86725c55b21627df2e0b172344528d01bbb065f7e39ddd4eb8fa12009c074,382
call_center_interactions/year=2024/month=09/day=22/call_center_interactions_20240922.csv,65863,66e41d8bd4850ae94dafd0e39cf7e24c3cae7c7534ec3cbeb297f1c39a36ff43,323
call_center_interactions/year=2024/month=09/day=23/call_center_interactions_20240923.csv,133761,daea7aa38f609371c2607534f40c30e04c947b00d7c4d77556659c65d2457c22,656
call_center_interactions/year=2024/month=09/day=24/call_center_interactions_20240924.csv,164147,5d0b0470cf77d34472fe97687bd4ef739e42e0edcc852391b8b28ec696ea7d2d,809
call_center_interactions/year=2024/month=09/day=25/call_center_interactions_20240925.csv,129089,b9beac243ee52e60fd0b32d64f5ed60a231f3094c4fddf1d16a60b0830a0686e,631
call_center_interactions/year=2024/month=09/day=26/call_center_interactions_20240926.csv,155295,c712b727754ee297534f1975728ea4bb067e763b77f22f5ce279a143286d136a,763
call_center_interactions/year=2024/month=09/day=27/call_center_interactions_20240927.csv,166331,d0c068105a01b8060ee14002001c9b77a69c0023654a33b6e850dbcfc087144e,816
call_center_interactions/year=2024/month=09/day=28/call_center_interactions_20240928.csv,81993,20a0bfced5b6306c546af6dce3543cbb7f0c508ba25648bd94102661198a83a7,403
call_center_interactions/year=2024/month=09/day=29/call_center_interactions_20240929.csv,72106,1d7bb9bbd239243c367101e8bf9ab47456511b6c763cc05d5911ac3896d959f2,353
call_center_interactions/year=2024/month=09/day=30/call_center_interactions_20240930.csv,143106,5261391e53957f8c896925a5fc5982a40da6e2c566ca3c49634e9fd482966b58,699
call_center_interactions/year=2024/month=10/day=01/call_center_interactions_20241001.csv,129843,39f0f3b2295943cd1711375867958afb1da127319fbeaa3ff4455808b5f06b9e,637
call_center_interactions/year=2024/month=10/day=02/call_center_interactions_20241002.csv,147307,3a27f3eccfe13fd1a094a8091fa1f5fb6ec3481dbe33b2f0bd6a261b01e74741,724
call_center_interactions/year=2024/month=10/day=03/call_center_interactions_20241003.csv,175855,c3cd8e452fcd81942f4973d67ff47097a54525d8b71d47fb733ecfa790c62e5f,866
call_center_interactions/year=2024/month=10/day=04/call_center_interactions_20241004.csv,169206,4fc0a958ccd4c5095b6ccbd97ebe525297d1f0b3029661754647c7d0b42b73b0,831
call_center_interactions/year=2024/month=10/day=05/call_center_interactions_20241005.csv,70163,2923abf35e73570e79edc87f49c10b3132ca31d105d77959ce3f23cd23f6a9b3,345
call_center_interactions/year=2024/month=10/day=06/call_center_interactions_20241006.csv,79160,f6ed50af881ea8d066369d8972d9be6db8e46fded95f69bc0012faf3820be355,386
call_center_interactions/year=2024/month=10/day=07/call_center_interactions_20241007.csv,166887,4d0065ee787180cb230a6c15922f1b9e140d02b81d9379b52750e5a6f7c6ccd2,814
call_center_interactions/year=2024/month=10/day=08/call_center_interactions_20241008.csv,152905,6306eb9d7aacd48afc24c9e542254ff3417941b9da767e558560f0fcedb09a7b,748
call_center_interactions/year=2024/month=10/day=09/call_center_interactions_20241009.csv,172299,2108a9a104caf32ed3408a41207be040029d61e3b4b7d79a1efbd8b4898d5515,845
call_center_interactions/year=2024/month=10/day=10/call_center_interactions_20241010.csv,152194,95f2f0883fac5e967bb7574c823c08fe18b9c53d82280cddc7c13575145adeee,748
call_center_interactions/year=2024/month=10/day=11/call_center_interactions_20241011.csv,128873,be95e129b3d023a3f4bc71cf01a2741ae6f0dfda6e4a8e34130770498f0ae1ec,633
call_center_interactions/year=2024/month=10/day=12/call_center_interactions_20241012.csv,80040,f834ca0953dd74fd2b6b64ec48654d075bacc87c7e1ecba4dd5580832ea5ebd4,393
call_center_interactions/year=2024/month=10/day=13/call_center_interactions_20241013.csv,86983,74da3e44a65a33d2ac80165be0c32e963b6691fde23c4f853215be8842a4a97b,424
call_center_interactions/year=2024/month=10/day=14/call_center_interactions_20241014.csv,133413,0fd344639c73a08d8484341e144c0cd5eac7b7f0a6921e86751e9ed32aa9fe07,659
call_center_interactions/year=2024/month=10/day=15/call_center_interactions_20241015.csv,159640,c8a6f344c909ddfba2e551a4ce306b2c43da21db3a5c802c9ddba74b1b1bbd45,786
call_center_interactions/year=2024/month=10/day=16/call_center_interactions_20241016.csv,160850,ef0e117b3d3639a2acb1916b64aa0324bc8b9e21cac38b8d5ca336906686c5b2,788
call_center_interactions/year=2024/month=10/day=17/call_center_interactions_20241017.csv,119487,080865e22f655d807657b53266f9271973f783158bbd93a57f4f1f84f0b1715f,588
call_center_interactions/year=2024/month=10/day=18/call_center_interactions_20241018.csv,165350,7543fa5667f230a940e6130015cba7ff27b4d8e8636504f6bbdca7fb3044c2f5,813
call_center_interactions/year=2024/month=10/day=19/call_center_interactions_20241019.csv,69079,f2f788a04a86aed9b4f98f66825e3a051c0f7d4312747587db6530e34272b6b0,338
call_center_interactions/year=2024/month=10/day=20/call_center_interactions_20241020.csv,71715,71c225c45da0eaeebc4935f31bd62846e10eb4bab0c7d6140d163941afc5e451,350
call_center_interactions/year=2024/month=10/day=21/call_center_interactions_20241021.csv,120137,95b813bfe9646d436160816443346ea6b8939847dfc5dc6aea64f4300fd7b36f,589
call_center_interactions/year=2024/month=10/day=22/call_center_interactions_20241022.csv,153753,cd66bb2e88daefe13aaf3b451fe0b569e3dd06e3bafc1a4042991fd64523ede5,760
call_center_interactions/year=2024/month=10/day=23/call_center_interactions_20241023.csv,135121,c9dd06a2cf787e6c04d505231057dd242d0ab69e00e82ad4930b3efb632184ba,667
call_center_interactions/year=2024/month=10/day=24/call_center_interactions_20241024.csv,127621,af6cc86bb57ca77907f65a9639976df02ca28e29ca8c97168a85c3add9059e98,625
call_center_interactions/year=2024/month=10/day=25/call_center_interactions_20241025.csv,123376,6f783ed275b76938fa785633fd2e83180dcb403199ae8f7f25ced81ac6874650,609
call_center_interactions/year=2024/month=10/day=26/call_center_interactions_20241026.csv,76832,c063bfc324460e2dbc6ddd97b12f900769415e1317f0f182e0ed7aeebfdbc175,372
call_center_interactions/year=2024/month=10/day=27/call_center_interactions_20241027.csv,67932,c6cee7dc6480a11cca51f2f1c824380bb6be3b9d6aad3fdcb40265fef0999c2b,327
call_center_interactions/year=2024/month=10/day=28/call_center_interactions_20241028.csv,148075,10395dfa9cbcdd1ac5c7852897b1d7c5bd297f89bac57e77b007f70d50cf8a8e,729
call_center_interactions/year=2024/month=10/day=29/call_center_interactions_20241029.csv,133948,bd67aff7bbc19f7ddcbc96206aa4dca1ae75ce44129933043bc436b8a6dc23eb,657
call_center_interactions/year=2024/month=10/day=30/call_center_interactions_20241030.csv,175200,b6f0d2b149614826555f9bf44aff242660fc65d4834941a16f3941e1eca19cd8,861
call_center_interactions/year=2024/month=10/day=31/call_center_interactions_20241031.csv,130311,8a0918f219b713a2125dc77db6ccfda618fa5ba069edca54b16296f2db9c4ee9,643
call_center_interactions/year=2024/month=11/day=01/call_center_interactions_20241101.csv,142100,a3569e7b22bc4396aa34aa155e0919dfe8e1c17a32461e72be88cc07627b7161,700
call_center_interactions/year=2024/month=11/day=02/call_center_interactions_20241102.csv,77078,0fdc3e5b9a58eaf00dcbb3c55018259e783beb868f60474c7a42fc346c4c6ec6,376
call_center_interactions/year=2024/month=11/day=03/call_center_interactions_20241103.csv,78873,678cb703d46e188141f214e8037226237fd4bf6012be0cc1c861e19c78a3cacf,384
call_center_interactions/year=2024/month=11/day=04/call_center_interactions_20241104.csv,126519,4f0f7d5cd1da9398e27548d5407700fbd960d94be889d97b1ee0a034dc406d9a,624
call_center_interactions/year=2024/month=11/day=05/call_center_interactions_20241105.csv,156305,26cb3eb918a2ed99eae449ee60ad73082cd65eb3caa25583547a820c8c804936,770
call_center_interactions/year=2024/month=11/day=06/call_center_interactions_20241106.csv,119362,19e0add1f6db0fae4821795a082995a85842116f6e4ae9f76ee7a1d22d904d24,585
call_center_interactions/year=2024/month=11/day=07/call_center_interactions_20241107.csv,155532,b616f66d6f592f4d889860ef938a5c66f385c9753aad32857f129ca1fb01015d,762
call_center_interactions/year=2024/month=11/day=08/call_center_interactions_20241108.csv,136720,d49f5536bc952be4f2ee6542b4ac212224eba4798fdf73e875dda808f9cb291b,670
call_center_interactions/year=2024/month=11/day=09/call_center_interactions_20241109.csv,78506,e75637c93c1b68738bacab3cf46e2ac0fec2b8051afcbff3f0f0f6e6276dbb1f,383
call_center_interactions/year=2024/month=11/day=10/call_center_interactions_20241110.csv,68000,bea386b3718922f51fe82edeb34d336d6f53d5ee178f1ffa231d8558f093cab7,335
call_center_interactions/year=2024/month=11/day=11/call_center_interactions_20241111.csv,149889,364f2e529a9fa3efab054c50ef957202bd81c3e1882da2410dc0ed196bc664c0,739
call_center_interactions/year=2024/month=11/day=12/call_center_interactions_20241112.csv,120632,194071bfc63c94ef6ce10ccddd9b646c34fce186f0bd43ed94dc4436d0be277a,590
call_center_interactions/year=2024/month=11/day=13/call_center_interactions_20241113.csv,131245,239ab0de41b46378938d5ba9d0511031b463aa833d0c8c74006f58cb19c3b175,646
call_center_interactions/year=2024/month=11/day=14/call_center_interactions_20241114.csv,150106,21e0ee22294d93b9def7b4645a4e187676c2a57e853a3c534c02452dbbc75e65,736
call_center_interactions/year=2024/month=11/day=15/call_center_interactions_20241115.csv,131152,af237d225e7dfb8c975338082b7622478cefd07d32d30a0afcda8c42a7788152,644
call_center_interactions/year=2024/month=11/day=16/call_center_interactions_20241116.csv,79738,a9b8d23999caa1a50d21581d59a852d552b587671e5ae55c34d8a62ba01f6b09,392
call_center_interactions/year=2024/month=11/day=17/call_center_interactions_20241117.csv,86107,b9abf2b96a1f5e99a42d5b5235a0da36f002ee6fb78d5dd972f815ef13f557c8,421
call_center_interactions/year=2024/month=11/day=18/call_center_interactions_20241118.csv,154850,bd3b251050be1745df74d9011942a78aa27c36dc4c1d901830352f3f9d31ad59,760
call_center_interactions/year=2024/month=11/day=19/call_center_interactions_20241119.csv,160989,d1bd640bd330456b04492012ab5aa49de40c81e39196f84de0768261ab783f78,792
call_center_interactions/year=2024/month=11/day=20/call_center_interactions_20241120.csv,130244,2693ca3e58f9fd5655aa97d1bf16e8cc7069e127aca86d92f35fabae146f04db,641
call_center_interactions/year=2024/month=11/day=21/call_center_interactions_20241121.csv,119964,795239116b0e2d30da41f54a6d685b9c1461178abb0e14cc2bc15e1ec6f52f4f,589
call_center_interactions/year=2024/month=11/day=22/call_center_interactions_20241122.csv,155845,41a960a11dd32458c80461c8c5a5dad848b7f65d29143e0646b58d8bb59564ab,762
call_center_interactions/year=2024/month=11/day=23/call_center_interactions_20241123.csv,74598,3f647bd98c9cf1ac35f797ea59e37c027e432d7e4914f366f6cbdb790b389986,365
call_center_interactions/year=2024/month=11/day=24/call_center_interactions_20241124.csv,89623,b94d2fa250785a9af31ff7a3b74953f2f776f289538f7be18131271b5a41ed0d,434
call_center_interactions/year=2024/month=11/day=25/call_center_interactions_20241125.csv,131691,e727541407f2ec3750989a970dd45033cff20ae02dd9419ce1a1359298940c8e,644
call_center_interactions/year=2024/month=11/day=26/call_center_interactions_20241126.csv,127139,77c11bed88188e99abbe0a679731d8d79326ce6c7578fb12bee54edb809076c1,620
call_center_interactions/year=2024/month=11/day=27/call_center_interactions_20241127.csv,137114,c6d2bfc1e5aaef37ab7545abc4e33ff8056474a4e7b9923c70267770180ce650,673
call_center_interactions/year=2024/month=11/day=28/call_center_interactions_20241128.csv,124503,d2e2142aa4925cf272f0f3b829bc2cb93bf30263466927f06685e146700d1b4f,614
call_center_interactions/year=2024/month=11/day=29/call_center_interactions_20241129.csv,126971,81f30c82975722c3850c7d68aac28d2560027c702f7777dcf81422b0d7f72bba,625
call_center_interactions/year=2024/month=11/day=30/call_center_interactions_20241130.csv,70952,1f23e3f85dba5c25cd346953937680fcb7a2ba1b084e654642c047978823a776,348
call_center_interactions/year=2024/month=12/day=01/call_center_interactions_20241201.csv,69092,4994eeff2d85693f8502341385d23cffce305a673843cb0be985196cbe29449f,340
call_center_interactions/year=2024/month=12/day=02/call_center_interactions_20241202.csv,172198,6ffa7ea1638a57041f008af01ee53ce9f7c0525d0a61aa20e689216ef8a9f14c,853
call_center_interactions/year=2024/month=12/day=03/call_center_interactions_20241203.csv,172725,c58c0c3d98f0296f3ec9fa2b908ad8725dff76bb2ee19ce5885fec60d8ba0673,848
call_center_interactions/year=2024/month=12/day=04/call_center_interactions_20241204.csv,119803,62756c40c0bc243c3e802e9fc21f57fc08402bfd26c0b7a53bac5da215bd21e5,590
call_center_interactions/year=2024/month=12/day=05/call_center_interactions_20241205.csv,154388,851534b7320689ada62b2169dc8ad9840d830ec4575503a1c92f96451aa4d646,758
call_center_interactions/year=2024/month=12/day=06/call_center_interactions_20241206.csv,148226,d533df2f4a6201de36b901a113edc9aef24b3a0c2965a816d81a4a09a8f6cca6,728
call_center_interactions/year=2024/month=12/day=07/call_center_interactions_20241207.csv,82288,c7fdf3595887a8257063123459beb0c9a03ed7fcb1f400fdc7ac7c035ad6ee71,405
call_center_interactions/year=2024/month=12/day=08/call_center_interactions_20241208.csv,86525,c06781665410c5af65041bf32ca4da13282635c023b2202134bc67ad6002bef7,423
call_center_interactions/year=2024/month=12/day=09/call_center_interactions_20241209.csv,152049,63cab700af8dfa9edc1efff28d00982c486b41c298f20b0d799ad5f9ae5a72e8,748
call_center_interactions/year=2024/month=12/day=10/call_center_interactions_20241210.csv,160951,147abb438206b319c23736ad8887b5fcdef1c7ae8a2f40a90c3b61bbbcfb3b4e,790
call_center_interactions/year=2024/month=12/day=11/call_center_interactions_20241211.csv,130703,dc4cb22c303ac63653ce8c17948208b874e121d419b1fbb6849f0556c3fed5ef,647
call_center_interactions/year=2024/month=12/day=12/call_center_interactions_20241212.csv,132867,b245e5ddcb9fcb14de5c3295cef37937d4cbc5cbfb6e1f70494c90defc4db4b3,653
call_center_interactions/year=2024/month=12/day=13/call_center_interactions_20241213.csv,164482,e9b155ff70d41cee20ef5ed42a8a3f2338cb63b71caadccaf024401212315241,809
call_center_interactions/year=2024/month=12/day=14/call_center_interactions_20241214.csv,64569,ee4b4275bbd11aab951a71d1546a5153070ee18ff1fcc0a4425e7348b05bb464,316
call_center_interactions/year=2024/month=12/day=15/call_center_interactions_20241215.csv,74393,c9d4d931fd4c0aeca14c925cf6d5714fc1eb154750dbdf705570a1f58d738010,364
call_center_interactions/year=2024/month=12/day=16/call_center_interactions_20241216.csv,126267,dc41e1818c381f14352c03d199d38d2d6a7cdeda04674bf146b0f02014dfefde,621
call_center_interactions/year=2024/month=12/day=17/call_center_interactions_20241217.csv,123553,14acddc59718b99c06997a22cae11da346c1e57a1b8369495297016dff6ad712,608
call_center_interactions/year=2024/month=12/day=18/call_center_interactions_20241218.csv,124437,2b34c3fb1410bd33ba0de95f0ab7bfec12406ec3b7dc9bbe02f263c18e6e270a,610
call_center_interactions/year=2024/month=12/day=19/call_center_interactions_20241219.csv,154902,1c03cef38625317791ce8bcf4998b1a8dec91d74c0a27164dcc6286df35fbe94,767
call_center_interactions/year=2024/month=12/day=20/call_center_interactions_20241220.csv,123502,a894e882a06405801fc36ecd41f73aee04a1d0d6f19d22a76766e705dc2492d0,606
call_center_interactions/year=2024/month=12/day=21/call_center_interactions_20241221.csv,85009,6ad83f225e58467963e0cc04f5bdf5fb083869909586aa1491f956c3ad0ee3a6,415
call_center_interactions/year=2024/month=12/day=22/call_center_interactions_20241222.csv,70103,8c0393722381d8df7d8f786f8936cca142b773ac8e891d690351a2a4a4b542b8,344
call_center_interactions/year=2024/month=12/day=23/call_center_interactions_20241223.csv,174445,62ce4476efc4c39c842208a6427e780f3c69da952996d52239f3accf3176692a,863
call_center_interactions/year=2024/month=12/day=24/call_center_interactions_20241224.csv,173759,9f440b03580c2b7641d927f05aa275d2da88ee2c2ebffb31652a6f2707803c4b,854
call_center_interactions/year=2024/month=12/day=25/call_center_interactions_20241225.csv,126315,3552358485a388089e4313cae55320e9c999232053706e525b5d2c5bfa700782,622
call_center_interactions/year=2024/month=12/day=26/call_center_interactions_20241226.csv,139781,5ccc40958f6487c675bdfae49c48ccac869e6c3fc20c2aa85242e5aaf1e5355a,688
call_center_interactions/year=2024/month=12/day=27/call_center_interactions_20241227.csv,151805,ae2f7986ff33d7a577dcc2dd300b842b02692a9f291491c52c9f8e4a2e6a4b1f,742
call_center_interactions/year=2024/month=12/day=28/call_center_interactions_20241228.csv,67982,55526efed0338a687da24cca202ed4860b76f745ba32c381e8b03e9d3a95531d,332
call_center_interactions/year=2024/month=12/day=29/call_center_interactions_20241229.csv,68065,9a5c94a927108fe160ef73447df772a604e3acd5102760351463bd07dae6b382,332
call_center_interactions/year=2024/month=12/day=30/call_center_interactions_20241230.csv,150322,a90e78ef85b80487dcf90171a17e65587ca6cf5d64a8970db0442f8829560553,740
call_center_interactions/year=2024/month=12/day=31/call_center_interactions_20241231.csv,140114,e01c96bfdcfd888bbeb381ee16c1e65a4400e275801e661ddf694faa498fda7b,685
call_center_interactions/year=2025/month=01/day=01/call_center_interactions_20250101.csv,176009,d7c804c116f9eaf20dfeef4e85deb69f26e7e930929f9f4b32342ec4f4e52bf5,866
call_center_interactions/year=2025/month=01/day=02/call_center_interactions_20250102.csv,176406,b3a1f6d76936905820c5ac0914b3de312f1f376b9f5dad2cfc564d3bdb438976,868
call_center_interactions/year=2025/month=01/day=03/call_center_interactions_20250103.csv,147678,4a7513fd2f5ea0d2cd9bb691e3268df06b41c7f3cd2ff4a084c04c1d1ceb8fa9,724
call_center_interactions/year=2025/month=01/day=04/call_center_interactions_20250104.csv,60731,9de614976c86a23302b4358028f2f217dff23d7c8a9b573b2f37150b0298a998,301
call_center_interactions/year=2025/month=01/day=05/call_center_interactions_20250105.csv,66237,03df82c42ae32565dc82a16826269a42a1e405d20f85cbd465def6f2b1a888af,324
call_center_interactions/year=2025/month=01/day=06/call_center_interactions_20250106.csv,120440,614dc7a4443a8480cc0d2bb8b41e464162a7cbedf57b6481105e7ef6fd129a6d,592
call_center_interactions/year=2025/month=01/day=07/call_center_interactions_20250107.csv,176826,4fc44d309c036327c2508cacd44a6a4a8ea6c7ee4690b9f31b5f20011d150ddc,871
call_center_interactions/year=2025/month=01/day=08/call_center_interactions_20250108.csv,121420,00d696d4450bfbdd81a654e68f3f72dc2704b58fedb8419a13835d8bf08383b4,601
call_center_interactions/year=2025/month=01/day=09/call_center_interactions_20250109.csv,178172,c8079c6288eb423a44a1936f4549c3731b10db2bb87a3155b6b125fc31647b94,872
call_center_interactions/year=2025/month=01/day=10/call_center_interactions_20250110.csv,160568,d431f9eac1d899f5cd68b379d31dcb49bb2ea80f797f287f332275d6496fe3be,787
call_center_interactions/year=2025/month=01/day=11/call_center_interactions_20250111.csv,67236,dee30535854cfb1eef45b151f767618b90cf78f600431a7e946ede8a744a7b1a,328
call_center_interactions/year=2025/month=01/day=12/call_center_interactions_20250112.csv,73957,60c7d4f7f3861deb030111a81d1bdf5538d67f988f58d12abc46c1610abe248d,363
call_center_interactions/year=2025/month=01/day=13/call_center_interactions_20250113.csv,173820,e960446afb33e04f82882cf6638d6b8632d665b0c5faeedc5f896ea310337da9,851
call_center_interactions/year=2025/month=01/day=14/call_center_interactions_20250114.csv,133063,45e6f4349158a7574ded3db6511e8f4affc88c2500ec07dc46445bacd2a44d7f,654
call_center_interactions/year=2025/month=01/day=15/call_center_interactions_20250115.csv,129492,b79d0da9f9be0dcdeea9198d563c0fad3f99ccd069f9a80c9d72aaa4c5dd7790,633
call_center_interactions/year=2025/month=01/day=16/call_center_interactions_20250116.csv,142406,88dc18bf56a0b1d0a4a74dc5e156952e318719d529ee44e5c28de75431716c40,701
call_center_interactions/year=2025/month=01/day=17/call_center_interactions_20250117.csv,124636,be2961b95a1da9b9767d1c63e348c6ef046dce820dce7d484109abd9444529cb,616
call_center_interactions/year=2025/month=01/day=18/call_center_interactions_20250118.csv,74123,56f0ec1f85a077d716d205dcae4569c6ecf570648e6793be9ddac034d30f8d66,367
call_center_interactions/year=2025/month=01/day=19/call_center_interactions_20250119.csv,80935,b6573892c564a3cfb17816bce40b6ebdbf3fba99135457981026ec03a03ea15d,396
call_center_interactions/year=2025/month=01/day=20/call_center_interactions_20250120.csv,139874,fbe6dfef9393284b610d8e0075509dd3da91e602c9120f4717de10ea44cbe427,688
call_center_interactions/year=2025/month=01/day=21/call_center_interactions_20250121.csv,119670,0ba3175fd561978b7ab9f6228d9e47ce51388033d690d85a2ea6ca5d95faf9d0,591
call_center_interactions/year=2025/month=01/day=22/call_center_interactions_20250122.csv,124258,94fd48d1d870b32a7dc051fc9aa6286addfe01445414fc0006eb5bd0f2d386a2,602
call_center_interactions/year=2025/month=01/day=23/call_center_interactions_20250123.csv,162823,a0a5ce42d070736ab71ec229e7bb670a1a789065bf7f094e4bbfb01f1a149e7b,801
call_center_interactions/year=2025/month=01/day=24/call_center_interactions_20250124.csv,120413,c0745a86f0b7121cb07b77bb0c90f0a9118feceeedc5bff2ecdc4b3dbe7b6ba0,594
call_center_interactions/year=2025/month=01/day=25/call_center_interactions_20250125.csv,86690,74e639deb02588afe1a15ab5a31f795c0a698f7a0a410b47196b73d7b31b09f3,427
call_center_interactions/year=2025/month=01/day=26/call_center_interactions_20250126.csv,73981,9d090293862c9aacd605f4920471d619572402f7964ed8e63ee41b91d68a929e,361
call_center_interactions/year=2025/month=01/day=27/call_center_interactions_20250127.csv,163862,cae77d62946d6b7a52871297493f981e7e2bac9faec988de1aa9e7a172bd97db,808
call_center_interactions/year=2025/month=01/day=28/call_center_interactions_20250128.csv,135964,31bf06024ca98716239221085c45b0a2ac46b30f7c377f879839e56143637de1,670
call_center_interactions/year=2025/month=01/day=29/call_center_interactions_20250129.csv,156147,6c253ac10d765f0b749a287214052d0c841976c6bec89cf5debcf838384cfc78,765
call_center_interactions/year=2025/month=01/day=30/call_center_interactions_20250130.csv,166741,b600184a29eebb1338152b0991611819d349b105f4ca971b66729a0e6a5b9f3a,820
call_center_interactions/year=2025/month=01/day=31/call_center_interactions_20250131.csv,133416,8d1e01ae630ada61af5853cd603b51a2cf8506b2a828dbd40ce15e49d9014c6a,654
call_center_interactions/year=2025/month=02/day=01/call_center_interactions_20250201.csv,61749,f06a652e228f6d945b0c605b621a1ff202fc061caed04419602d4de3cefa25af,304
call_center_interactions/year=2025/month=02/day=02/call_center_interactions_20250202.csv,73861,12f2e9a777387aaa8b4f9925c074d64dead482efb1fbb48118fc8e579a6f850b,359
call_center_interactions/year=2025/month=02/day=03/call_center_interactions_20250203.csv,162470,3542faa97516aa76e5efd306040d2d329bbaaeee3c3533fb6d590e7468216e73,797
call_center_interactions/year=2025/month=02/day=04/call_center_interactions_20250204.csv,126640,11aab977e1faed8764bad0dbbd637bf4a64d22622717896e05631ede64d6080c,623
call_center_interactions/year=2025/month=02/day=05/call_center_interactions_20250205.csv,137950,4ea4be2ecda221993c9290ba2bea3c4df67a2f9c44e81eb0a961f798abcf324a,670
call_center_interactions/year=2025/month=02/day=06/call_center_interactions_20250206.csv,140765,817723b8b3a954692269a2be11bb0860efbc32bc3f36c47e512a93466662681e,693
call_center_interactions/year=2025/month=02/day=07/call_center_interactions_20250207.csv,146343,b1646851b30d75d52246fe6a10e635599434eef7db254e424856d2fc8de3562d,714
call_center_interactions/year=2025/month=02/day=08/call_center_interactions_20250208.csv,79697,d13b9cb69da4794e67f4557640767fb331a40f94b71d631b35576da409282681,392
call_center_interactions/year=2025/month=02/day=09/call_center_interactions_20250209.csv,68519,5c6de5b84349398bb2f821b68793ee1b84ef2691b53b08ec2a6c2b15365d006f,337
call_center_interactions/year=2025/month=02/day=10/call_center_interactions_20250210.csv,173912,adc4f155c04888fd044824d45d91a586ca9f6c96657d1aa401bf9c5e470fc1b0,856
call_center_interactions/year=2025/month=02/day=11/call_center_interactions_20250211.csv,169935,d04a0c9c57d551a348906d160a076e07e7e013efd315012f7bb9d3146d2b910d,833
call_center_interactions/year=2025/month=02/day=12/call_center_interactions_20250212.csv,138605,db21f3d1f12fecb7da8a4807ca8ac3893cc29f9343ab7fd5206c46bca9b749bb,679
call_center_interactions/year=2025/month=02/day=13/call_center_interactions_20250213.csv,139196,35842b80c0048187d35dcb34ad1400eff16bef9bec15e4581c6a286a2011f158,684
call_center_interactions/year=2025/month=02/day=14/call_center_interactions_20250214.csv,166298,7fcfbd9f940daf371555f44e10b3188bfb0b6317fd18507100c3a2ef055b71b7,819
call_center_interactions/year=2025/month=02/day=15/call_center_interactions_20250215.csv,67872,d8e046d48148c8dbf378a7366d0136018ee10540b455f0a5209bc881c10f7419,331
call_center_interactions/year=2025/month=02/day=16/call_center_interactions_20250216.csv,63841,3a36f475dba302889071b03ef6fcd5c5185b9d7bb247276fd920316ac005934e,315
call_center_interactions/year=2025/month=02/day=17/call_center_interactions_20250217.csv,171898,4cbcf5b5c3716662fb73ec5ef36e22f2931bc4a6507014acd72e32fa258d477e,843
call_center_interactions/year=2025/month=02/day=18/call_center_interactions_20250218.csv,124836,e3803aa81b0f5964bcb3682d2a79dc0f861c36035fcd0bab7d861668ce79d2f3,608
call_center_interactions/year=2025/month=02/day=19/call_center_interactions_20250219.csv,147464,7e7dd5cf66ffe39ce13d40adf0fad0eef99362e22329db28ae64078a1441db67,730
call_center_interactions/year=2025/month=02/day=20/call_center_interactions_20250220.csv,155181,620a62144005122a12a0d5d17f373ab754cad3b4fd8a643c472225cb98d1e0e7,758
call_center_interactions/year=2025/month=02/day=21/call_center_interactions_20250221.csv,145379,937f89fabebfc16dbacaefdc4c3231409cb97348cc41647c62a16b1358e85a33,718
call_center_interactions/year=2025/month=02/day=22/call_center_interactions_20250222.csv,67815,77127978743a7f38c9c593dc6e24cddf8a32a946c2360031d64aec1ab83e3ebd,333
call_center_interactions/year=2025/month=02/day=23/call_center_interactions_20250223.csv,61964,a11e32ceb9367c9be292d697d5f2aa6b1d9ab18496273c6c72da567e98a40d7d,304
call_center_interactions/year=2025/month=02/day=24/call_center_interactions_20250224.csv,132219,3696c59dd668435cedfa5f01421ef74961eb8b089ca102998e17119c04d77b9e,650
call_center_interactions/year=2025/month=02/day=25/call_center_interactions_20250225.csv,140408,7a1bb39bfc8dc5eaadff1a8ea7d74d57307d4cf9dd17c637bf4bfbf100fbd5b7,685
call_center_interactions/year=2025/month=02/day=26/call_center_interactions_20250226.csv,149726,7002ac921e29f0a0f0f07a8a81885d5838e4b5c648cc7e6ed132275123a9986d,741
call_center_interactions/year=2025/month=02/day=27/call_center_interactions_20250227.csv,146504,2fe79511fae7e594e17f3322f44e9a57ad914765c927762de095d6dff2213797,713
call_center_interactions/year=2025/month=02/day=28/call_center_interactions_20250228.csv,146903,1e50897359c40e6b6f3a160ef29319c2144268c21eba7ca3ca14f57bc11a657a,722
call_center_interactions/year=2025/month=03/day=01/call_center_interactions_20250301.csv,84417,d8c8c7c0bcaa43d387fc60cac92f5d1cbccd37fbaf7ba8f0ed4d722ee68c5194,414
call_center_interactions/year=2025/month=03/day=02/call_center_interactions_20250302.csv,60375,20a10947d4a14139a1eeddb4f5d2339b3ed412ab9f582ffd18e7e942f0e7a057,298
call_center_interactions/year=2025/month=03/day=03/call_center_interactions_20250303.csv,142931,e48637b01bb95c6f404b7d846c68ad389136d1041686fba8f750381779e38dc3,702
call_center_interactions/year=2025/month=03/day=04/call_center_interactions_20250304.csv,151881,6d71a4c2a027930f7948cc803771b8e45872d5410744c51c789b7a5ce08a7e45,748
call_center_interactions/year=2025/month=03/day=05/call_center_interactions_20250305.csv,174658,f8f3b4b568a31e4515eaf866d7990bbaf54906d73b06972b02477f28f35cd941,858
call_center_interactions/year=2025/month=03/day=06/call_center_interactions_20250306.csv,153767,555018f68ab77a2b28e3c34a22c832531a9132f4696ff5fbc29ae21a95e0156c,755
call_center_interactions/year=2025/month=03/day=07/call_center_interactions_20250307.csv,133326,410378c1bc536464e4e4ecaa04d813e605a1d6f6ce3567a89affb62412d3a97b,657
call_center_interactions/year=2025/month=03/day=08/call_center_interactions_20250308.csv,74479,0381a92d3b0073b7c3d274ee6a9c0856e0087571d0dea6ba4fe86a7bf1cca391,364
call_center_interactions/year=2025/month=03/day=09/call_center_interactions_20250309.csv,79472,d51b5b978a88b08d44e093c07c55ec728b5c4979050006fcb74880c0fd1be290,388
call_center_interactions/year=2025/month=03/day=10/call_center_interactions_20250310.csv,156009,63e349fc2d767df8b6e06a01bc36f90276d608f508ec78c72995f1c535314111,768
call_center_interactions/year=2025/month=03/day=11/call_center_interactions_20250311.csv,170380,37ad636e3e875f559c84a66bcc55adf259de29682f4aa66cc91426ce1d876aa9,839
call_center_interactions/year=2025/month=03/day=12/call_center_interactions_20250312.csv,176120,b9302a293591290b1d199456bb56235c3b5283f636ee9c80c31e07ae5f6653ea,864
call_center_interactions/year=2025/month=03/day=13/call_center_interactions_20250313.csv,170669,ccd28c1e0ef046a2207dd989463581e25634e1a5900ab6e2fedecb461dcf2e79,833
call_center_interactions/year=2025/month=03/day=14/call_center_interactions_20250314.csv,137278,babb01890a3905287c02c73d2e7dcafc26d4e32463f2ff4d10462782360c54af,673
call_center_interactions/year=2025/month=03/day=15/call_center_interactions_20250315.csv,83645,fb292ee551f9ece022a7bcf80ab430c7b49a2343e24ec0f427b8d7d0fefd6578,413
call_center_interactions/year=2025/month=03/day=16/call_center_interactions_20250316.csv,60497,05d799781ff0b174b16f68ad2595e36bdafa58d7c825997c146d1806706b4122,298
call_center_interactions/year=2025/month=03/day=17/call_center_interactions_20250317.csv,145906,156863abd05731834d1ff895391c1a8607c3f7c2675b4b854aff22bd48ed6e49,719
call_center_interactions/year=2025/month=03/day=18/call_center_interactions_20250318.csv,137781,164433fe81e65477d3eeb62c33b5a1b18b3846a512be3296378553258165f820,672
call_center_interactions/year=2025/month=03/day=19/call_center_interactions_20250319.csv,142615,d86863beb61eccef0cf3e958d342ece1b8cb3aadfad1ca1cef42f6b909647e6c,701
call_center_interactions/year=2025/month=03/day=20/call_center_interactions_20250320.csv,175661,fc3b7d008e6b7794b4c931f0b9d16dda309dd5ced2e5d7e090ef0e18c4fd126f,865
call_center_interactions/year=2025/month=03/day=21/call_center_interactions_20250321.csv,126800,f0013d787048228ebd231202e981fbf70b228f4ee111c5e4001ceb35e4050cb9,623
call_center_interactions/year=2025/month=03/day=22/call_center_interactions_20250322.csv,68518,4859025201c3ce17def71a77c12cc06915f502f8ddc37d7ad5b31d6771f445bc,333
call_center_interactions/year=2025/month=03/day=23/call_center_interactions_20250323.csv,87396,3f28b8f995987cff8a9e94c437a293fb061782697157b2c9413df701243f1f51,430
call_center_interactions/year=2025/month=03/day=24/call_center_interactions_20250324.csv,153012,d0967c753f0a7123f63f79cb16d98e065d8ae5658dd8f8f22d28e59a123e9160,754
call_center_interactions/year=2025/month=03/day=25/call_center_interactions_20250325.csv,168757,049ac575694068f699254eb2a9f64d446cf40766324c45e9a209efe67305ec3c,832
call_center_interactions/year=2025/month=03/day=26/call_center_interactions_20250326.csv,156404,83fe9cc56efa7e0c7475363ebf6acc8d939f76280b54680232a4b94457ad438c,765
call_center_interactions/year=2025/month=03/day=27/call_center_interactions_20250327.csv,174398,5554d8c02704c75ebfeb1a17c2a2b5ad8d7090ea843dff13114f0f91aa656a9f,858
call_center_interactions/year=2025/month=03/day=28/call_center_interactions_20250328.csv,142132,50dec0548e78370786e25dd26745feeb9d21f3bd9561d1d4b7f53eefb11a7c9e,699
call_center_interactions/year=2025/month=03/day=29/call_center_interactions_20250329.csv,66412,64b2e05744205aaa4c9ec056c644b896173d9630e7619e50319ce6a85400333d,323
call_center_interactions/year=2025/month=03/day=30/call_center_interactions_20250330.csv,81259,1ac7c457784eb12410c78e08cb2041bad738a82f298aae158000e183ed7d4b0e,397
call_center_interactions/year=2025/month=03/day=31/call_center_interactions_20250331.csv,132774,dbf6cbb7fb70289632f75c2aec782a124b8261f52fae1ffc822b0f185f8f6898,655
call_center_interactions/year=2025/month=04/day=01/call_center_interactions_20250401.csv,155409,e7f76fd254df2f570cb51c8d3e25f4fdb19d87a7a8c5560af37cf6e243828c77,767
call_center_interactions/year=2025/month=04/day=02/call_center_interactions_20250402.csv,152665,0812a815471502f455724ac73cbbe3a91105d3786a91138cfeb873eaa78a95ae,752
call_center_interactions/year=2025/month=04/day=03/call_center_interactions_20250403.csv,175116,3ab87368ed3eba7c3dd38128d2804733e23a6116acc024242a47d41c8e8ddce5,868
call_center_interactions/year=2025/month=04/day=04/call_center_interactions_20250404.csv,122923,5600f7ec2d0e75c4c0453f4f4f238dacb9395e6183e470c4933d4e66a0c71a36,603
call_center_interactions/year=2025/month=04/day=05/call_center_interactions_20250405.csv,87599,9fe2018bc207fdd05d7e920eec33b5fd3138fcd98c2a9513726ba5dd71a4ed74,429
call_center_interactions/year=2025/month=04/day=06/call_center_interactions_20250406.csv,73484,b5684460897b66480ed830ab2f14a819f50b818ea1a5f22c21decc85e45fac49,363
call_center_interactions/year=2025/month=04/day=07/call_center_interactions_20250407.csv,142930,fe081ec4ac2462b3a08690f01a597c3ed379f7dd4c59ac52556066ae82abb514,699
call_center_interactions/year=2025/month=04/day=08/call_center_interactions_20250408.csv,168123,3150e2753e1900f832623109e599b90a0bcf67eb7031103861fc75754a1b8fe1,826
call_center_interactions/year=2025/month=04/day=09/call_center_interactions_20250409.csv,134490,dbcc7b40149d4a805e3e26d8e0be7ace2227cfab4ffa95da8d0e15a30a4ba8a2,656
call_center_interactions/year=2025/month=04/day=10/call_center_interactions_20250410.csv,167615,a161ac82fb8b59e0eb9ba2a8488ecdc7f7f132d57814eeb7f890e0203f5eadd5,822
call_center_interactions/year=2025/month=04/day=11/call_center_interactions_20250411.csv,121563,8042926e82a97fa7e08bd1f8c3f54075886d0884bd52bdede0174e49cc1ff3f0,599
call_center_interactions/year=2025/month=04/day=12/call_center_interactions_20250412.csv,61967,f972dc020d072f045809ec05219493652f9e02000593197ad15437b5699bcb8e,302
call_center_interactions/year=2025/month=04/day=13/call_center_interactions_20250413.csv,67846,a42b6c03962e4c862792af25b0b5ae705b45b3e4b0a8798be1c72ffe09264920,330
call_center_interactions/year=2025/month=04/day=14/call_center_interactions_20250414.csv,172569,322bcc668658a3da4c47000363d4e18d78c667125e324a66073d9f8fccab4a09,847
call_center_interactions/year=2025/month=04/day=15/call_center_interactions_20250415.csv,135058,1c735614037aeeaab31b84b039af73f1f4ba298efbee0f4d9d4c7316a154935f,666
call_center_interactions/year=2025/month=04/day=16/call_center_interactions_20250416.csv,166006,8d8fc7f54b27ecb3a9109038d0c1e232c1d7800c785e7faa7abf5d0b916f6f0c,815
call_center_interactions/year=2025/month=04/day=17/call_center_interactions_20250417.csv,153092,4bdece23625f283fb98914251894742a43ba98299dde0c3ab812f5c93b68a9fc,745
call_center_interactions/year=2025/month=04/day=18/call_center_interactions_20250418.csv,131709,9e13b96b1aa4d136deb46391cca8247aa67865e32a678c10050f34e68a65bb13,645
call_center_interactions/year=2025/month=04/day=19/call_center_interactions_20250419.csv,81039,3c09371cc516227a56a4cc857654a5e0d6f03e8ea3f4de9a94c058051f2cea12,396
call_center_interactions/year=2025/month=04/day=20/call_center_interactions_20250420.csv,69409,97fb5f34f1b5fbe4ad1f020101477dc9d960f4794a1c41af5dcac459b8d1b037,341
call_center_interactions/year=2025/month=04/day=21/call_center_interactions_20250421.csv,134649,34e43b1287e82dbe1874f08662c3329e8c5c264e76b65fbfcec5dffa8abd55e8,659
call_center_interactions/year=2025/month=04/day=22/call_center_interactions_20250422.csv,168718,bcd766adee194ffb89b9b99f4e915194da6347cb638a58d7354101f8e6249fc4,834
call_center_interactions/year=2025/month=04/day=23/call_center_interactions_20250423.csv,124546,e01517a332a5fd3f1a5d0abe4d26db3798a13422a94dadbbca4a5ed7ad845b72,615
call_center_interactions/year=2025/month=04/day=24/call_center_interactions_20250424.csv,158860,45dc542d089c14cdfb96853628bbe72f5b532a61952fd4602b6d63f7533f61c7,779
call_center_interactions/year=2025/month=04/day=25/call_center_interactions_20250425.csv,165069,d6b6c96321ed50ff50364522b65cffacebbf9c4ba2c672751ef51603de1ad158,810
call_center_interactions/year=2025/month=04/day=26/call_center_interactions_20250426.csv,80997,1d3cae2518697a6258c3cf780ac91647959acb59922fc23ca12e48ba16b3fa28,400
call_center_interactions/year=2025/month=04/day=27/call_center_interactions_20250427.csv,72436,586b408a757f18e86a2e7267712dbed1be0bb254efea744b69a2c45e604b7efb,354
call_center_interactions/year=2025/month=04/day=28/call_center_interactions_20250428.csv,161870,b10e45c6544b31034e9166c00fbf88250e07af594cec2e3ea9f95f2379cdc210,790
call_center_interactions/year=2025/month=04/day=29/call_center_interactions_20250429.csv,150692,81350654f92204a28435bb5339d31906cc6a68ef365d975e059b5515a43573ff,743
call_center_interactions/year=2025/month=04/day=30/call_center_interactions_20250430.csv,146931,b7df6853932ed33968a92ac42f3027f67f02d103c5bb4c58747dad8ecd31d318,722
call_center_interactions/year=2025/month=05/day=01/call_center_interactions_20250501.csv,157075,2ba26bf0b5e84b7e7f390b87e96e5162408691adb3a2ac57e8a5dc469b98c747,770
call_center_interactions/year=2025/month=05/day=02/call_center_interactions_20250502.csv,155601,c339bcbd3296291fcb8173db8e02d0480f670f7d98f4c494a00392c35baa636a,757
call_center_interactions/year=2025/month=05/day=03/call_center_interactions_20250503.csv,86709,f5472fda439fcf2178b9c8f1de688730f3e1a6d62fc4a3f75d9cc3f5b5db2d45,427
call_center_interactions/year=2025/month=05/day=04/call_center_interactions_20250504.csv,63174,67e8dd05f7b78c07c2a2ebfd4d49aeb2f39025055faf7fcd712de71e039ada86,312
call_center_interactions/year=2025/month=05/day=05/call_center_interactions_20250505.csv,161347,3b3cfd78200ac5a821950bf262dfb010fd5276a6566e3fcafc5f7296050dda81,793
call_center_interactions/year=2025/month=05/day=06/call_center_interactions_20250506.csv,129358,e1eb81852f95f4dab790c794679d50bc5512efb59fe80446883ee8896f28a7c9,633
call_center_interactions/year=2025/month=05/day=07/call_center_interactions_20250507.csv,125654,2fdf882293c10d7be05f5ff62bcac703f6ed7cb5740366b66a3b3ee56b9b4445,617
call_center_interactions/year=2025/month=05/day=08/call_center_interactions_20250508.csv,122126,ed54a8bb4697b7e7418a67dca010bcedde32188b9c91257abd2e7168d115b63a,599
call_center_interactions/year=2025/month=05/day=09/call_center_interactions_20250509.csv,125933,b3732fc93a4452892f6c3eacfe7fb3aea7ef4274ddfb4930b83d8428c750edf9,618
call_center_interactions/year=2025/month=05/day=10/call_center_interactions_20250510.csv,68772,4f2ea6fee3d1fc6bc34acf4da2bb197f81e9a1268a4689049625a2be97162ca7,342
call_center_interactions/year=2025/month=05/day=11/call_center_interactions_20250511.csv,87947,acdc4adc327da2f944637f851b6f93ac711788b3617dabd4638c95366654a978,431
call_center_interactions/year=2025/month=05/day=12/call_center_interactions_20250512.csv,169642,0438cf188b1fbeeb99002012a59b1f60bf96bab1cb58f324b1e0dc58ab1340b2,832
call_center_interactions/year=2025/month=05/day=13/call_center_interactions_20250513.csv,129177,76b2308ca0cf2c508511c40dde7620468653e6424576f758fbc42b93f4ca1f73,637
call_center_interactions/year=2025/month=05/day=14/call_center_interactions_20250514.csv,149501,ef35e3e4f67c0ef138c0655b5a65294a7ba376a44da64c4f55c7cd8c5de570b4,735
call_center_interactions/year=2025/month=05/day=15/call_center_interactions_20250515.csv,168966,6892a51a64e9079ce0947b37cb4d35f085e225daa0433fc9965561938e7d79a5,829
call_center_interactions/year=2025/month=05/day=16/call_center_interactions_20250516.csv,148891,1bfa92b9cf1db0d0b0d080fe710c771295a2caaba55de71711151e008c35c9f2,730
call_center_interactions/year=2025/month=05/day=17/call_center_interactions_20250517.csv,64079,9f9ebf58843a96067b2f451c564ba4cdca21c6111bf992cf32ec7969c8dc8f4b,312
call_center_interactions/year=2025/month=05/day=18/call_center_interactions_20250518.csv,63360,ce674a4dff241f5ae9f5c151f5c37e85a30e07ae4cf6a74921c8d35f04393058,309
call_center_interactions/year=2025/month=05/day=19/call_center_interactions_20250519.csv,150999,501ea3110a4ab94060eae74b2de7fdb0986862b78e5dd3771c1b1099272e39fa,737
call_center_interactions/year=2025/month=05/day=20/call_center_interactions_20250520.csv,135387,8b87f1b08d3e4e1a56393b2527bb6b54af881595d2e3300b9ebdbf9fcc9c978b,666
call_center_interactions/year=2025/month=05/day=21/call_center_interactions_20250521.csv,164938,0faf7b3a9403d9190ac70df8789f360b74203928d82c15761633ff1c58f7abf9,814
call_center_interactions/year=2025/month=05/day=22/call_center_interactions_20250522.csv,171137,fe47bf89b2cc6171bc88cbbba2b40c272a87a19eddc97c35b55757f21a05fb34,841
call_center_interactions/year=2025/month=05/day=23/call_center_interactions_20250523.csv,161193,a74bc299e2546e4a94767f1996dcefde5b1eea5079e1a58e6f19d79321da278a,790
call_center_interactions/year=2025/month=05/day=24/call_center_interactions_20250524.csv,86112,79624d70abddbcca9516969f90860b1a3cbc792d237ecc9112ee5fe835c9e936,424
call_center_interactions/year=2025/month=05/day=25/call_center_interactions_20250525.csv,87667,77d24a98a1a68a3890e15fd0f123758b93d28e0748c650c92e9a0c5a75fee1c4,432
call_center_interactions/year=2025/month=05/day=26/call_center_interactions_20250526.csv,152633,3a47f97a135bb1b6e28343ec6a221a8d3be5b41376efdb9b0d4b5ed3fdd7065e,755
call_center_interactions/year=2025/month=05/day=27/call_center_interactions_20250527.csv,168416,7ad5eea3f01d37e2bbb34281f2a3cbc1cef99879f8e28a30dc5b141ea3636d9b,831
call_center_interactions/year=2025/month=05/day=28/call_center_interactions_20250528.csv,150861,5c5cd871fd07096ca26d27bdfed6d52bcbaa3bc31300fcc51dbf38fcbada5867,742
call_center_interactions/year=2025/month=05/day=29/call_center_interactions_20250529.csv,169932,ba4f94ce68c00b6268d57c8c8e25c07b6bd621f2bdd9eea4f9434edf58c75a82,834
call_center_interactions/year=2025/month=05/day=30/call_center_interactions_20250530.csv,138150,b7171a011e43e4932b7c7ed51a7341f35e4c14778edad794f422172c078f15d0,677
call_center_interactions/year=2025/month=05/day=31/call_center_interactions_20250531.csv,83682,7a606ed99c407fd15b5571244c3904c32ea578f8c6bfe1d65f103681d57dc49a,408
call_center_interactions/year=2025/month=06/day=01/call_center_interactions_20250601.csv,75990,09694b88a4e5c095552d8a745d5f5834a51cd5674eba80c02282966e198ac3a4,372
call_center_interactions/year=2025/month=06/day=02/call_center_interactions_20250602.csv,124368,f8bcd6b168c411c8470fb2d8cf8a8e046f9d52b47231cde5e150500686753324,605
call_center_interactions/year=2025/month=06/day=03/call_center_interactions_20250603.csv,124116,5439d5b9e21a5675685171f0bf0d2dc212f5f71b985b7386905516b57f7f4bd9,613
call_center_interactions/year=2025/month=06/day=04/call_center_interactions_20250604.csv,139147,02f16783d6982d10ec7caab32b8fc8937ec9fa8314e76bceece0f9774f0f3a89,683
call_center_interactions/year=2025/month=06/day=05/call_center_interactions_20250605.csv,128055,4d63cfba259fd8382a9b2b244c0a1fe9700a8fb7bbc9344d1dbd0b4fa5cf5bf4,627
call_center_interactions/year=2025/month=06/day=06/call_center_interactions_20250606.csv,130117,b6e0f7926d46d87b95dc924fb50ceb15f4049719c22aee99ffcfc1bbd9279b72,643
call_center_interactions/year=2025/month=06/day=07/call_center_interactions_20250607.csv,82210,690a86a21d83a04fe54fc9da4a64dfecf2eb18efa1dc6ab06bb4cd0d9e380d27,403
call_center_interactions/year=2025/month=06/day=08/call_center_interactions_20250608.csv,82839,002bb6a93180a7071d1de5680a3b5c8c3e473aebe72da33dde1fee69b6ef348b,407
call_center_interactions/year=2025/month=06/day=09/call_center_interactions_20250609.csv,128670,b975369dd37abca44320a7cd72f7e950799b012bb07dcdcecf4f4b38e17e0380,632
call_center_interactions/year=2025/month=06/day=10/call_center_interactions_20250610.csv,159242,2a2d7c7b18b088cffa928db8209edd1e931dd65526386196cfacc17b3a822094,784
call_center_interactions/year=2025/month=06/day=11/call_center_interactions_20250611.csv,156252,08b36e027cf97819ec90466c80e777cace332413f63190aa4dc4c63d7eff4283,768
call_center_interactions/year=2025/month=06/day=12/call_center_interactions_20250612.csv,149153,1570f1f092ac3db151f20ca293d4e134d3d23afb0cafe910b85f5323700d28cd,731
call_center_interactions/year=2025/month=06/day=13/call_center_interactions_20250613.csv,149328,f08e8a47cbf586c25e58bc27041568c8c3ce4cd8f411f0272112952c32f34518,728
call_center_interactions/year=2025/month=06/day=14/call_center_interactions_20250614.csv,63217,43e99e115a8b1a0f6d9559d3f2074049c514be6e12df802b65208b8a35b83af1,311
call_center_interactions/year=2025/month=06/day=15/call_center_interactions_20250615.csv,62480,1a8db13bcef0d69bffafe1ca8fdce84cb0e8c7ba01f2f74c6554abc7d9ef0377,309
call_center_interactions/year=2025/month=06/day=16/call_center_interactions_20250616.csv,145038,ce992da314f4a0336979740b164ff08fc9437b5af9f176171d5f0e6dd7dbeb8e,713
call_center_interactions/year=2025/month=06/day=17/call_center_interactions_20250617.csv,128113,c90a45e1fe53ee165015880c53e72f56837105cb1bf50d1d91f4912a6281d4c0,624
call_center_interactions/year=2025/month=06/day=18/call_center_interactions_20250618.csv,147432,5aa23e353aa71a1d64295f170dbdf9d5203d95eb5bd3e7aaac4c8b1fb3a64a47,727
call_center_interactions/year=2025/month=06/day=19/call_center_interactions_20250619.csv,163502,9699b63aceec4ec60e385d4d71a96fbdb520a5c798cf786abd1a9b9b9d71d427,804
call_center_interactions/year=2025/month=06/day=20/call_center_interactions_20250620.csv,174961,2e19f6208c8417885ffa99697fe4d794d3c12194595e00a2b3bc103018a1fd98,864
call_center_interactions/year=2025/month=06/day=21/call_center_interactions_20250621.csv,64462,08a760c7fb2b0e65ea9ad20899f67e4332968b64e66de22362e0c1464c88ae84,317
call_center_interactions/year=2025/month=06/day=22/call_center_interactions_20250622.csv,68578,47eb1518ed1f14909de8f65db3aa81f86c45ac79c2fbafbabf21237e11201e0b,337
call_center_interactions/year=2025/month=06/day=23/call_center_interactions_20250623.csv,160790,2ceacc3ee83012ccebef2c61fb90534ed0efb7f1e9899284b5cbc51a1cef5e49,793
call_center_interactions/year=2025/month=06/day=24/call_center_interactions_20250624.csv,133362,fe2e0fb0abc7ce90e80366f9be7dec61044b4a9bbd63e914d6c116e88a0589b7,658
call_center_interactions/year=2025/month=06/day=25/call_center_interactions_20250625.csv,168503,188983b426f92f16026ee3a29fb76b705c068263fa223a4aedd634adc2a84adc,828
call_center_interactions/year=2025/month=06/day=26/call_center_interactions_20250626.csv,131545,9d7cdd2a6d11ab3f583e6db1e450a77e46b308230c43bfd9f8a108b83e27a720,643
call_center_interactions/year=2025/month=06/day=27/call_center_interactions_20250627.csv,176715,64ba20c0cb5f5459ccd2da0796f5018ba39ccace96712aeae613ced382c5fd6c,872
call_center_interactions/year=2025/month=06/day=28/call_center_interactions_20250628.csv,85328,f8cea07412e2ebd7c0b037c13dc984629f454b5285c27a93660c0a1c78c40f92,412
call_center_interactions/year=2025/month=06/day=29/call_center_interactions_20250629.csv,71864,678957cc6059057136235f095fc4da9d67cdd10355f03c5615ae4452a8cc0a8a,352
call_center_interactions/year=2025/month=06/day=30/call_center_interactions_20250630.csv,138465,37cc263186168671a3afa22dda4748e5e0c81645301f57713157d9313105b002,677
call_center_interactions/year=2025/month=07/day=01/call_center_interactions_20250701.csv,151214,4aa999da0daf096322ccfb0778d66d782386043d1150211c87d3acfa244c8e8e,747
call_center_interactions/year=2025/month=07/day=02/call_center_interactions_20250702.csv,156242,a4887e65a68aa49339ef57c063ee44a9a3a6127de61661bdc59e956a85d4c3a7,768
call_center_interactions/year=2025/month=07/day=03/call_center_interactions_20250703.csv,138016,2df259404ea27d4e6b2453e2cc2fb7e73b598fc54959557cef5ad1ee6f0f469e,683
call_center_interactions/year=2025/month=07/day=04/call_center_interactions_20250704.csv,120697,65cb62497e9cacff84dc9eaa732918b0795fc22fd615dfdf414769f89b88a7fd,591
call_center_interactions/year=2025/month=07/day=05/call_center_interactions_20250705.csv,63720,d96dd32448d89ce266bffdba95d79ae4be2011fc5c2735cf50d3143688cc0c0f,313
call_center_interactions/year=2025/month=07/day=06/call_center_interactions_20250706.csv,73922,ce3f5b4e068bd6a63833b0078061a5d36b3a47cc9b471383db5ab99af66bfc61,366
call_center_interactions/year=2025/month=07/day=07/call_center_interactions_20250707.csv,167105,1573ca0fea9685274937553af804af3f64d432611ec6366432f046365aeaf93d,820
call_center_interactions/year=2025/month=07/day=08/call_center_interactions_20250708.csv,137945,3d3821b469d2f1d6f520a2406f285a58a83a4633174f5dfbb800060648abe48b,678
call_center_interactions/year=2025/month=07/day=09/call_center_interactions_20250709.csv,146933,991157edfea5105adcf779a8e5f083b68651c7ba710a99ac3644a53e75e42b3a,722
call_center_interactions/year=2025/month=07/day=10/call_center_interactions_20250710.csv,122905,793473d09f92e2ce209d2d1b571a6ac215bcbe149c3ade00c4cf00534a0eb6ee,606
call_center_interactions/year=2025/month=07/day=11/call_center_interactions_20250711.csv,158369,d33c3add2b345a4adceab47ada40232c2bd5da61e35f263295f7acef7b233e4c,773
call_center_interactions/year=2025/month=07/day=12/call_center_interactions_20250712.csv,78246,0c527657df0966288b7e5918b1b3227509ccbd48e605a8ed705f4a76ecfd398a,386
call_center_interactions/year=2025/month=07/day=13/call_center_interactions_20250713.csv,80726,fa6b3bcc13e45e25ca9836c30d6d59e7c8f2880a67e661fe6965c707041b8b47,397
call_center_interactions/year=2025/month=07/day=14/call_center_interactions_20250714.csv,135009,1cfdb56f9a8287e697046e9d2a5bacd6c7776be3c7480c6ac8e2dab872bbc2c9,666
call_center_interactions/year=2025/month=07/day=15/call_center_interactions_20250715.csv,158321,60f9a94942ae47fd879b41c49fb221093696544b6380376f2b8dd01942350950,780
call_center_interactions/year=2025/month=07/day=16/call_center_interactions_20250716.csv,171717,bb510fcbcfda975ce271c66042ca8e1d33467f3504f3eedaa398b84aaae2ec58,848
call_center_interactions/year=2025/month=07/day=17/call_center_interactions_20250717.csv,140805,a26c6a01fd705f90cbd478588e475f324c96303170c27893f98e2e6057fdc60e,689
call_center_interactions/year=2025/month=07/day=18/call_center_interactions_20250718.csv,148935,fc0470a0ca96af3bdb46cae10fe20096981ce7d3ad17acca12d0146981e5da07,733
call_center_interactions/year=2025/month=07/day=19/call_center_interactions_20250719.csv,71876,ae41f0f730cf4b3ed3541620fe8c151b31662fd9a18c0810c95407555c37c9c6,349
call_center_interactions/year=2025/month=07/day=20/call_center_interactions_20250720.csv,74426,ea10a089fbc35fcceb8183e34633d8224e38cabc44eec0b921bab5c9c52c0869,364
call_center_interactions/year=2025/month=07/day=21/call_center_interactions_20250721.csv,138133,7268d27de40ef3053f52c469109ef2eaeb790decdd35df3b11ad97a19152c4dc,680
call_center_interactions/year=2025/month=07/day=22/call_center_interactions_20250722.csv,163161,51677ca95f152b1fab8d84d578deccf59c28f2ad022961520c477ddac2978be7,802
call_center_interactions/year=2025/month=07/day=23/call_center_interactions_20250723.csv,164803,cfb383888dc1536da982612f4e0c7cb95de00afb1325b1f1a5b9fb9a2182190f,811
call_center_interactions/year=2025/month=07/day=24/call_center_interactions_20250724.csv,163264,8af6d9d69afd10e17cda97417a85c61d8a2291b0b96b6f2b594690029ce9523e,806
call_center_interactions/year=2025/month=07/day=25/call_center_interactions_20250725.csv,159899,95fbc372b3120a82eb32ded8b1160c677d892abd26d24b19ffbedc4c8b67feeb,786
call_center_interactions/year=2025/month=07/day=26/call_center_interactions_20250726.csv,82930,5d8d7e15bd674f5d699a8f8092ef453f30b7d2706c5cbc34066747b6c8a7e569,406
call_center_interactions/year=2025/month=07/day=27/call_center_interactions_20250727.csv,79218,0c31481fe52ed537cb6c80c382e4f0ce4f9eb83386825b0325cc69343c334108,389
call_center_interactions/year=2025/month=07/day=28/call_center_interactions_20250728.csv,142173,ce060d0201d083c3b92a97f698ed75992e49b8ee88cc260a1f580f80b03011cf,696
call_center_interactions/year=2025/month=07/day=29/call_center_interactions_20250729.csv,164603,b3b151bf52a76b80e5642b98cb44576b48d0ec967cc90934c24a121e0c904d76,805
call_center_interactions/year=2025/month=07/day=30/call_center_interactions_20250730.csv,122987,5e455d681604ae87195942e65cf7d8e9a4f8937de7cdab3e8c440489a5a97974,607
call_center_interactions/year=2025/month=07/day=31/call_center_interactions_20250731.csv,127147,1f8930fe6e39f2f9af49955671e20845f136aea6adbdb5b76d2a7029d4a3d6c0,619
call_center_interactions/year=2025/month=08/day=01/call_center_interactions_20250801.csv,135870,a2690ac370cdeb6d9fc20675cca3decb55d659c90ca605ad7b37514d3e9a8e63,668
call_center_interactions/year=2025/month=08/day=02/call_center_interactions_20250802.csv,82860,c310937ceea57757cf4ad070752afce1b29c1735f921c05096630b26bfda1284,407
call_center_interactions/year=2025/month=08/day=03/call_center_interactions_20250803.csv,75805,9d75d9fecadd37b292e963b123fc5d09bc87eeabe0cae058ac98709161e9fde6,372
call_center_interactions/year=2025/month=08/day=04/call_center_interactions_20250804.csv,127856,a4d594448f6a2071c2a1c7843ff63f8505dd36e3a622cb43d5addd1b96af23dd,627
call_center_interactions/year=2025/month=08/day=05/call_center_interactions_20250805.csv,176387,52d64dbcdbee0b91ccf5a13138d71f2a93721f35d1fdea34538dadb407de30ec,869
call_center_interactions/year=2025/month=08/day=06/call_center_interactions_20250806.csv,167945,13e04f5d095cd0816a18e2e991ee343119a29491954811ff10621ab478656767,824
call_center_interactions/year=2025/month=08/day=07/call_center_interactions_20250807.csv,156785,544bde8da598e2fde6110c7c09656e595bb10f64504c1b7ab3f3a56cda5be8ba,768
call_center_interactions/year=2025/month=08/day=08/call_center_interactions_20250808.csv,130459,994be73c214007e7041f8161466137a98e7920b95ea55ce14c2092d1c2daa2ed,643
call_center_interactions/year=2025/month=08/day=09/call_center_interactions_20250809.csv,83375,385f0b048a7871e4ed06d340f2de0955db5dcb22074e5a10a3ce3476dacb5469,412
call_center_interactions/year=2025/month=08/day=10/call_center_interactions_20250810.csv,69567,266960d602e91ed578345b887c23d663bbfdea056d489e866d92c04c7a6e33c1,342
call_center_interactions/year=2025/month=08/day=11/call_center_interactions_20250811.csv,158672,c722853cb40acedb4e80b293500d431cff6cc005e5645a36803bd999cc67fb52,781
call_center_interactions/year=2025/month=08/day=12/call_center_interactions_20250812.csv,146122,909360f416db0736968fafb4312172debad6d004ea0207bd624b8537d143c67d,714
call_center_interactions/year=2025/month=08/day=13/call_center_interactions_20250813.csv,131651,39865b2d1573139079e2836872b85f364faf5adb37f6e25c6d05ba68a3bd3890,646
call_center_interactions/year=2025/month=08/day=14/call_center_interactions_20250814.csv,131680,c917fa13e11ccf2dd7cbe906996e3e3376af99392868d9fa1598a56d5fb79d38,649
call_center_interactions/year=2025/month=08/day=15/call_center_interactions_20250815.csv,131035,744af1f998be03572e1953c21f6458e64d2e7221770d5a233ffc005cff70c595,648
call_center_interactions/year=2025/month=08/day=16/call_center_interactions_20250816.csv,84046,98851975c524373dffc323faf446517827964fd495996e8f6586e88b0767c6f8,409
call_center_interactions/year=2025/month=08/day=17/call_center_interactions_20250817.csv,67867,e53097304b7b1dffd49f128e172c0be8d2a242d04f14f75138af36efe92f1eb2,331
call_center_interactions/year=2025/month=08/day=18/call_center_interactions_20250818.csv,171590,54f5f5a83173016b58862eac15df851668d3ca8ef89ca821089c9009ddff245d,841
call_center_interactions/year=2025/month=08/day=19/call_center_interactions_20250819.csv,119401,0bac89333dbff47bb30f62fdab1586018166411b1bb6c2e65a67bd846e7d9efe,588
call_center_interactions/year=2025/month=08/day=20/call_center_interactions_20250820.csv,165990,4c9b3e2a895e70c62316540e8e451593907e3da347cc7df902880ad775820484,816
call_center_interactions/year=2025/month=08/day=21/call_center_interactions_20250821.csv,140289,f51b01447b55fefa25595d34758013b245376ce9492c9061ef692adf8174191d,690
call_center_interactions/year=2025/month=08/day=22/call_center_interactions_20250822.csv,176350,439aec37583e89b7538f75ea6e790436259f7c1fa6c6629a6ebb3ac0754f7b1a,863
call_center_interactions/year=2025/month=08/day=23/call_center_interactions_20250823.csv,68906,0d3ffc9f131441f288240781d8dfcaeba5010f955c9f712301edb8a054c1a2c5,339
call_center_interactions/year=2025/month=08/day=24/call_center_interactions_20250824.csv,61464,db5e88e0fbb003c59d78592f1826632c3e4b4b1d24177438d69e3a3b84f2d705,302
call_center_interactions/year=2025/month=08/day=25/call_center_interactions_20250825.csv,140323,026ed14d5c9dad78f35cc2d43522eb4a00d9f9c84704a39f184a8c6ad0e69aa4,688
call_center_interactions/year=2025/month=08/day=26/call_center_interactions_20250826.csv,171388,f4637df166f5fbb4952bd93d9210ab9a5b79b6fff8ae2e7e41250a1c303f420b,842
call_center_interactions/year=2025/month=08/day=27/call_center_interactions_20250827.csv,166823,5229d3ba14b0496152f60fae506610ce96ad9f2e0314834f50af12295544cb37,822
call_center_interactions/year=2025/month=08/day=28/call_center_interactions_20250828.csv,160587,ce4fef90d3b4e0de7da409317481d3ece40f22dc9adfdfdd87cf105cb1305c06,788
call_center_interactions/year=2025/month=08/day=29/call_center_interactions_20250829.csv,122833,a9f404532128b5e4d1e09a3aca66f38b9d476fa82ae3fabc198c031872eda62a,610
call_center_interactions/year=2025/month=08/day=30/call_center_interactions_20250830.csv,66025,cd1d79d8fb881de0fb1023f78b7970e103dc6f366cd3891561710d432afe730e,326
call_center_interactions/year=2025/month=08/day=31/call_center_interactions_20250831.csv,79152,f6ff266f8aec0aa44c4b75c227e6b6b656ffcd7478f9e84d59675c77e4a51d74,389
call_center_interactions/year=2025/month=09/day=01/call_center_interactions_20250901.csv,160737,facc1a18437d634f88a9a614eb023a0607ca0a317e4aab4e3681ddd384e2fdc0,787
call_center_interactions/year=2025/month=09/day=02/call_center_interactions_20250902.csv,131257,9b60f75c66b6202758156e7a3c0bd10149d8b1afca9acf87de91a0bdddad70c8,646
call_center_interactions/year=2025/month=09/day=03/call_center_interactions_20250903.csv,158003,b6fb0c099aea744351c58db4aebca9ce90bd027a52d3d913b44db7d6928d19e9,783
call_center_interactions/year=2025/month=09/day=04/call_center_interactions_20250904.csv,169100,28e12f31036e2d0cc7ea951554bce00ae9f5423bb21c8fd1ef87d3b33f397b56,832
call_center_interactions/year=2025/month=09/day=05/call_center_interactions_20250905.csv,133183,93b235ef8528bc6b977ff87ef0eb5ca1effd4e1c5cc27b40b295901c21ad9f8d,656
call_center_interactions/year=2025/month=09/day=06/call_center_interactions_20250906.csv,75157,0320d5e3a3b5cc7d77585006d0e620c986a2eca62286184802591e2804e282a9,370
call_center_interactions/year=2025/month=09/day=07/call_center_interactions_20250907.csv,67156,150f5547b9d5fc17086ebd50ce71e636faab869e0553cee3d5640718be2f1446,327
call_center_interactions/year=2025/month=09/day=08/call_center_interactions_20250908.csv,136771,3489092175e2c1e08b1f744d0e2cc29b8cd7e544a9fe329c67985a6f2f3bf0ac,666
call_center_interactions/year=2025/month=09/day=09/call_center_interactions_20250909.csv,171670,271f386dd832bbf69457d1d4d3a960d91d8a4c5865f8ed955c55eff9b5fbc137,841
call_center_interactions/year=2025/month=09/day=10/call_center_interactions_20250910.csv,127153,00519686492b556fd991e045359ce8b618c8a0d59af34b6f63ad8fc005d54d87,628
call_center_interactions/year=2025/month=09/day=11/call_center_interactions_20250911.csv,148812,69a8db6f618c4a7f2f7ab04245c2befe86123c42d8effdbd44c4d42094b213ff,732
call_center_interactions/year=2025/month=09/day=12/call_center_interactions_20250912.csv,150186,605e5651e58f6575bcc17258fa693c864524ee2ed9f975ed59b0f1c2fa3bbe76,732
call_center_interactions/year=2025/month=09/day=13/call_center_interactions_20250913.csv,75250,69572d5b438b0300e9b1885778d541b2bcb67a2166c9cbf908e4e654b75723b9,368
call_center_interactions/year=2025/month=09/day=14/call_center_interactions_20250914.csv,69026,2abb11f25e28d8d29e3309dd822a5b841f3066fc2469816d395664330ad673cc,341
call_center_interactions/year=2025/month=09/day=15/call_center_interactions_20250915.csv,122777,5268252d9516b2e49d7d057fdc4840059939becdb6bcf264f47d1774560c185e,604
call_center_interactions/year=2025/month=09/day=16/call_center_interactions_20250916.csv,135039,f86995194b92be54f50b5c775862d4d6386d76badeb6eba3309992da5aa8d500,667
call_center_interactions/year=2025/month=09/day=17/call_center_interactions_20250917.csv,174406,03af5c89f729b1dcfec07aaffc628e2a5e4b2b7e18dfaea54b8fe429154485fc,856
call_center_interactions/year=2025/month=09/day=18/call_center_interactions_20250918.csv,164956,3bec5d8cf1873bd3b8b0e46455e39a1299f02d0f60faa5bc270fa1e369824d72,812
call_center_interactions/year=2025/month=09/day=19/call_center_interactions_20250919.csv,138522,e75fb38d9bf194093ba89d3c9d3a51094cc151d5c670a067627c458d3a636a2b,677
call_center_interactions/year=2025/month=09/day=20/call_center_interactions_20250920.csv,77759,26991519fa5e89017be23637ec76c7d7c5f5f1782169e50a3214edf8abea0e00,381
call_center_interactions/year=2025/month=09/day=21/call_center_interactions_20250921.csv,85336,09ff3a986bba183c1d6c5b85e82396801ebf0848a7b8ef6ec6b0781b1b040d70,420
call_center_interactions/year=2025/month=09/day=22/call_center_interactions_20250922.csv,169844,47ab19ed24042ffa083f2b27668983e65b88573e2c7c605589617411a7b26970,831
call_center_interactions/year=2025/month=09/day=23/call_center_interactions_20250923.csv,175307,1673ba4d54861177211da4208c08cca1821395f669c01fd2b7d9a223a64787f7,862
call_center_interactions/year=2025/month=09/day=24/call_center_interactions_20250924.csv,158677,5a81e26d6edeccb41c3e45019df7d1e128ec83e745a6befb610e16fe2650a492,778
call_center_interactions/year=2025/month=09/day=25/call_center_interactions_20250925.csv,167799,a304a9305c9d5079c009bbc71abede0bcb754caec123b02ace66200c940aac28,824
call_center_interactions/year=2025/month=09/day=26/call_center_interactions_20250926.csv,162258,d48aa4f5702e5f110a7f42f0ea48d2f82628c50ebf1e58937363de42a11fef48,802
call_center_interactions/year=2025/month=09/day=27/call_center_interactions_20250927.csv,80491,4e313db6f49cd4d0fd962d8b1aba8d25746bb9194d6b4fe4c744e60e99e51253,396
call_center_interactions/year=2025/month=09/day=28/call_center_interactions_20250928.csv,72308,4ec315fce982bb977a7a60321b46a95b38fc5f60ba12ecdaefbbbbc4e3f99917,352
call_center_interactions/year=2025/month=09/day=29/call_center_interactions_20250929.csv,163664,0782bd142696c660647852f5278788d668952d42acdd6332d86d9c8a250cbfdc,804
call_center_interactions/year=2025/month=09/day=30/call_center_interactions_20250930.csv,125471,4e272b2df6fa6049121b81aa7e821b5b021027b995c24860aeef808240fb81fc,619
call_center_interactions/year=2025/month=10/day=01/call_center_interactions_20251001.csv,120668,4c0f5db95df89509aaadaa3b840abb899b9dc2b439f4bea09a2e3e5cfda5c608,593
call_center_interactions/year=2025/month=10/day=02/call_center_interactions_20251002.csv,149640,cfba9c0c7af20738eb7e75daa22db938a311ff8c6f4f6465c1474493a0149f39,735
call_center_interactions/year=2025/month=10/day=03/call_center_interactions_20251003.csv,161184,ce895846962d2cead835387c34149a32686e687677abe51a5a34d0ef1117f46a,793
call_center_interactions/year=2025/month=10/day=04/call_center_interactions_20251004.csv,76335,345592502cbe3863f02fe74c01d970d8b1f8f65e17c41ec8bf917ee8c831aa3d,377
call_center_interactions/year=2025/month=10/day=05/call_center_interactions_20251005.csv,85652,b69b1f0499e3babe64f76fdc5a278a3814541c873cfb72b97623c7772e5207c9,419
call_center_interactions/year=2025/month=10/day=06/call_center_interactions_20251006.csv,159949,192ef0f68c42e0da93eb8b6a930178743dfa8984b9d08505a5c0d31d44c69760,791
call_center_interactions/year=2025/month=10/day=07/call_center_interactions_20251007.csv,144933,2e518b9721d6d73e1262fbe67d5a1962c0fdd6b88f1eb3d7ee69368ac3a6491a,710
call_center_interactions/year=2025/month=10/day=08/call_center_interactions_20251008.csv,146194,1d3ed262bb417d4c5193c4159b0a60a5b2689355ba356b40c40d175b097f7fee,720
call_center_interactions/year=2025/month=10/day=09/call_center_interactions_20251009.csv,123382,ccc678513f52bd8ccb60417a132458a96e1411615fee96e295db563d2c52a39e,607
call_center_interactions/year=2025/month=10/day=10/call_center_interactions_20251010.csv,137747,99b2c343acb20912a8a0ec811c8f8463ddfcb8b75f08c63c67acfc03d3ba2a25,675
call_center_interactions/year=2025/month=10/day=11/call_center_interactions_20251011.csv,69156,9a89908eee6f6dfd21fc63c22f7e9abd6ff4df9019a638a3825045dfb934a925,343
call_center_interactions/year=2025/month=10/day=12/call_center_interactions_20251012.csv,67370,75951fa474100e9860195ccb160ac6b5404601a9e8e1acecf776aff278daaea9,332
call_center_interactions/year=2025/month=10/day=13/call_center_interactions_20251013.csv,173238,1a2f6bd9ee4d082685e5d96a5359d099cd78d50a82c71c04b961d3919d5d75ba,854
call_center_interactions/year=2025/month=10/day=14/call_center_interactions_20251014.csv,151742,0b49eb17037a58ad09342461bcb666960a54175c975ddb85c7ea4b36c52db6c5,743
call_center_interactions/year=2025/month=10/day=15/call_center_interactions_20251015.csv,169813,db5eab01a12556d28ce768f28e6205d6035fce4bd0ffe85fb18cf4237a393489,833
call_center_interactions/year=2025/month=10/day=16/call_center_interactions_20251016.csv,161416,839279f866f90940eea7f304640ee203317c3da6b93bd13058a89fcfd1ed29ef,801
call_center_interactions/year=2025/month=10/day=17/call_center_interactions_20251017.csv,150956,de2c30957fa2fe1dd337094680e7a08dd9d7085ef882754f75c10ca2d01c58fd,739
call_center_interactions/year=2025/month=10/day=18/call_center_interactions_20251018.csv,73733,255421edca9db6b0318441e1410c92f05c5c40502e83c9211f102bbdb87f748e,360
call_center_interactions/year=2025/month=10/day=19/call_center_interactions_20251019.csv,65157,4ce6e170c822f2a79fa3170d13e555d5261081deb0ac298e364d9cf9ba5085c1,319
call_center_interactions/year=2025/month=10/day=20/call_center_interactions_20251020.csv,169559,5d7f36b54e060f19c3a6be610bdfea80e894c35cc4b37057652e27f8d9fc9dff,832
call_center_interactions/year=2025/month=10/day=21/call_center_interactions_20251021.csv,147093,c11b23f741dba25d1205949ca0ece61ea7faf0e58706041f3b67ccc5f6cb4ba9,721
call_center_interactions/year=2025/month=10/day=22/call_center_interactions_20251022.csv,120392,f311f8d27fc426fdc0c6a34208db07f1d3bf548cf3d22d8d16c0d740b87b8c59,591
call_center_interactions/year=2025/month=10/day=23/call_center_interactions_20251023.csv,149850,5a9a48a3e0b70ba7acdc856ddef2db9db93e8465cc572989f7708cdd8e9099ee,736
call_center_interactions/year=2025/month=10/day=24/call_center_interactions_20251024.csv,129438,44611e925f5f2c94aac5a6515e259b87481494b22617243916172cc59cb88dc1,636
call_center_interactions/year=2025/month=10/day=25/call_center_interactions_20251025.csv,60882,9810d598c961fa45045838880b648b8e0048d14937729a206e568181f397a7f4,298
call_center_interactions/year=2025/month=10/day=26/call_center_interactions_20251026.csv,63365,0922210e11c7b72c49e3554529a91769c1e2a3197a6df48900417e0b36f3bd92,310
call_center_interactions/year=2025/month=10/day=27/call_center_interactions_20251027.csv,131983,7a8f64aa23abc805ef9c428ac396e446d13b62cb1220314f1b835d133d8b3bcc,648
call_center_interactions/year=2025/month=10/day=28/call_center_interactions_20251028.csv,119394,76be93a34bfcfcbcdd3fceb8cfb77169502974d68f54094a759eb0c43a6f9705,584
call_center_interactions/year=2025/month=10/day=29/call_center_interactions_20251029.csv,132777,bdaebbf784eb713b5b5f8262d2858e875783af25a83c890492fc69bd276e3117,655
call_center_interactions/year=2025/month=10/day=30/call_center_interactions_20251030.csv,138387,2e0df65a3b66486434735926c28e5bb1df7e87cf975aaa322bd1a8c2659e31e2,680
call_center_interactions/year=2025/month=10/day=31/call_center_interactions_20251031.csv,119671,e243a7ebe2e74383f736905120be824ef007d4f594ca04e944b0535973f9506d,587
call_center_interactions/year=2025/month=11/day=01/call_center_interactions_20251101.csv,61377,8599f521865b1c390319c0d9646add62dd6da12b7656a6fbc891bbe20de06b77,302
call_center_interactions/year=2025/month=11/day=02/call_center_interactions_20251102.csv,65103,793aa00be8330d3561e6b63feda8971648bebb762ccb2eeba5e2952eb574c39e,320
call_center_interactions/year=2025/month=11/day=03/call_center_interactions_20251103.csv,169613,2b4025ff9e468a0d1e7200be53878c302c9e223d73921fee20edfcdeddff4d80,832
call_center_interactions/year=2025/month=11/day=04/call_center_interactions_20251104.csv,150392,7e4a276c6357729901ad823c01c8d7941ba59a208a93e8849f1d67017f690cf4,737
call_center_interactions/year=2025/month=11/day=05/call_center_interactions_20251105.csv,156427,3c467c354a84b2a1a12325632a4904df282b1b2a585a1f64a6e84581caa87f5e,769
call_center_interactions/year=2025/month=11/day=06/call_center_interactions_20251106.csv,153442,6aae099fe0ddbad8a6670258e7386ef4ffe9c2196535c9232d696dae693feea8,755
call_center_interactions/year=2025/month=11/day=07/call_center_interactions_20251107.csv,175261,3fd9c643ac8e19f99978a82873bbb30dbc3f10f75ea2ce62c8d46e450adbe612,854
call_center_interactions/year=2025/month=11/day=08/call_center_interactions_20251108.csv,81030,7d4b4643bd907b5c77349150cb0fe4c73c2a533e5e739e63479eb403ddace71e,399
call_center_interactions/year=2025/month=11/day=09/call_center_interactions_20251109.csv,81794,01a46e55280b38123a00154ea9e447e945973efe46309480b46c68dbe1438b6c,403
call_center_interactions/year=2025/month=11/day=10/call_center_interactions_20251110.csv,124627,52e54b107d5036789cfa8460dec77751b2bb880dca88b698fa4aa43bd67c05a0,607
call_center_interactions/year=2025/month=11/day=11/call_center_interactions_20251111.csv,172748,c9401bdc57c9dd3b17f403cbb347cf52a1e4afd479c5876b559da62cadb9f2f5,848
call_center_interactions/year=2025/month=11/day=12/call_center_interactions_20251112.csv,132724,435514933cf31bf4d5d620b94c37a5e350f022c2622103590de22d15d5b59448,652
call_center_interactions/year=2025/month=11/day=13/call_center_interactions_20251113.csv,155014,6a1815ffc21f72b1f16b41e5315266dc30f2819f4d6166b95ec405f1cd665098,766
call_center_interactions/year=2025/month=11/day=14/call_center_interactions_20251114.csv,144637,126175029a4f91eed7f22f61a9e926933d55ee50762cd6770fb29a35fe793cb8,711
call_center_interactions/year=2025/month=11/day=15/call_center_interactions_20251115.csv,63001,1f4cd16ffebac402c044cd54533eaa8ec53f8894e3f5f2badc22adff8c50fcd9,310
call_center_interactions/year=2025/month=11/day=16/call_center_interactions_20251116.csv,59854,592195f0c4507143286d097b17f5d17cb43eefb8f172b96a2317b0f0dcb5fa2e,293
call_center_interactions/year=2025/month=11/day=17/call_center_interactions_20251117.csv,146712,a97da0521af1f620933ff664ae45f4a7083c14dcb08fe183a8bb83392c873c2c,718
call_center_interactions/year=2025/month=11/day=18/call_center_interactions_20251118.csv,176068,577984475049211730b3179c6ad0273fac23d3a76ba50852b4d246ed173cf743,869
call_center_interactions/year=2025/month=11/day=19/call_center_interactions_20251119.csv,161991,9146f978ad46603bfa7e59a30fa0942eb0cd93c6233800311d37c98d78bb711e,795
call_center_interactions/year=2025/month=11/day=20/call_center_interactions_20251120.csv,166769,20611fd3bed4fd3be5c39385783f76ba047a24d4d454e7501348ea4a227b0767,820
call_center_interactions/year=2025/month=11/day=21/call_center_interactions_20251121.csv,161581,87b76301db3dd3909ed2dfbdc4d74fad47e8aab76cb5c6e91069a71de440ded9,795
call_center_interactions/year=2025/month=11/day=22/call_center_interactions_20251122.csv,65918,d1889c298a923e3efe2ccca36945fe57c4a6ba127850bd4c55383c49e3709578,324
call_center_interactions/year=2025/month=11/day=23/call_center_interactions_20251123.csv,85984,da40b71f095e5606d7676956fc6cfa27f15c5ebb8bd801bbc5224499fad83adf,420
call_center_interactions/year=2025/month=11/day=24/call_center_interactions_20251124.csv,173939,dff7d67d2d98f3779680b0fa3aa7a6548b351062e3500862527d5b4b7c6d5dc9,852
call_center_interactions/year=2025/month=11/day=25/call_center_interactions_20251125.csv,160939,e77158cb7e1dc6648b505a1bbf4d0a715667d66d04aa7db7cfc092860920cf36,794
call_center_interactions/year=2025/month=11/day=26/call_center_interactions_20251126.csv,175456,401587a15174b933e93f9d4d8008ad06001c99635ce56958737eee18dca9423e,860
call_center_interactions/year=2025/month=11/day=27/call_center_interactions_20251127.csv,127355,0540c57aec8e4134bfb2b7af9aad4c4861cc1cb3f8fe2ecf0abd39cdf4dee85f,627
call_center_interactions/year=2025/month=11/day=28/call_center_interactions_20251128.csv,144892,def6e5bc02a9d364d47afac6dc205909fe3b422b898b9db6bd643961c043572d,706
call_center_interactions/year=2025/month=11/day=29/call_center_interactions_20251129.csv,84708,aa056f02714b454b27f85032cd21e91c4eb9dc1ba0be84de41029f64d6f7a9a7,420
call_center_interactions/year=2025/month=11/day=30/call_center_interactions_20251130.csv,80457,0f57042e8f67fcc8f474838302eefd1ee258a862240f9e54ad64331674a920d3,394
call_center_interactions/year=2025/month=12/day=01/call_center_interactions_20251201.csv,137468,568dcc23bd016296b4e88dd07dc16e17acecccf4969b49e9a0d1f11a1e5374d8,678
call_center_interactions/year=2025/month=12/day=02/call_center_interactions_20251202.csv,163230,e2f87b54c972fa2b6f90595cdb687f7a27484adc3252d25b7922e7f9537bb43a,804
call_center_interactions/year=2025/month=12/day=03/call_center_interactions_20251203.csv,129062,be884bb039f34288e54742f6641b12efeb1ea52181d3ca4903677d6c1b9331ca,631
call_center_interactions/year=2025/month=12/day=04/call_center_interactions_20251204.csv,149994,a44eb620cb37f82d46ce456ac010f4aebe1d3f63f4fc025cb72c4103d99a2d53,736
call_center_interactions/year=2025/month=12/day=05/call_center_interactions_20251205.csv,158273,9312aaa1e916dd6aae2a219f8436cb50beba91b1fc19f6c2e0c88993e3a196ee,776
call_center_interactions/year=2025/month=12/day=06/call_center_interactions_20251206.csv,69229,79cf3dadb8f7b1cba5e7ab70049e2e515a1bd9d2d3586740d6b2be7edd71120f,341
call_center_interactions/year=2025/month=12/day=07/call_center_interactions_20251207.csv,66770,04bea3f94e819c06ae3dccb812302afc841800e0e2f6ba1374955f6726e7f7b1,326
call_center_interactions/year=2025/month=12/day=08/call_center_interactions_20251208.csv,168236,9c57e506123db463eebd709812e4f46d47d652690915fbce630276f76e970a01,831
call_center_interactions/year=2025/month=12/day=09/call_center_interactions_20251209.csv,169657,35588966bfdd19a1f57a394e90fee9e3241bff9b37945c54e277ae3b55982484,832
call_center_interactions/year=2025/month=12/day=10/call_center_interactions_20251210.csv,148378,5cd5cd5e551b3f44535a1351389d2a81b265252d51a4926ca8d93179e9eaf5e8,731
call_center_interactions/year=2025/month=12/day=11/call_center_interactions_20251211.csv,170404,01c8820d31630a1df6e7c6870b2085e33a0d9b3253b65e41c88a4a224c0e35b8,839
call_center_interactions/year=2025/month=12/day=12/call_center_interactions_20251212.csv,130466,a9cb71ff04be91b022b43d8f4d017e548ed47354759adae242acc451bbca9a70,641
call_center_interactions/year=2025/month=12/day=13/call_center_interactions_20251213.csv,73043,3e65fc0e1ee14a6a341ba65240d6918a9fe03d7dab254c2979cab2af22930dde,364
call_center_interactions/year=2025/month=12/day=14/call_center_interactions_20251214.csv,69797,653b34c38126fb785f96673e90a67c5f7d9c2f8120cfe03dcaedbc2c8916af18,344
call_center_interactions/year=2025/month=12/day=15/call_center_interactions_20251215.csv,146732,f5c00c33a78f3e3eccbe82ae8d16d2d8edf67e6359814a85a53ff9b46d43545c,722
call_center_interactions/year=2025/month=12/day=16/call_center_interactions_20251216.csv,159538,9b3f48e3d9538f15bfc29f8af59b3a0bbdae14da32b1a6c5f91151516c857e48,784
call_center_interactions/year=2025/month=12/day=17/call_center_interactions_20251217.csv,124578,50be7d790117a81900224b84002217816f0bce3465bc46df46ea1a580a2751e8,611
call_center_interactions/year=2025/month=12/day=18/call_center_interactions_20251218.csv,154350,cadc6ec94b64771e21506f710080ebbdb273b6051c97b1707c5a5ed7e5e491a0,760
call_center_interactions/year=2025/month=12/day=19/call_center_interactions_20251219.csv,141373,3639d1ef2521a01f2d4d6212de88372cc6415ea921a3915bdda1a8b9134f8b68,693
call_center_interactions/year=2025/month=12/day=20/call_center_interactions_20251220.csv,78076,4bfb5ec9cef5f8c816d8841c0f7e0e990baa1dea2efd61ea047be4036f9f4b43,386
call_center_interactions/year=2025/month=12/day=21/call_center_interactions_20251221.csv,85872,87b17d5d96a54a729d4fdfa6b2c733a209782b67b557c69628bc2036ec9e7b8c,419
call_center_interactions/year=2025/month=12/day=22/call_center_interactions_20251222.csv,149499,ec7a91c161cb703aeb907924bd8f93e5347ed71eb07f328ac337723123ab305b,730
call_center_interactions/year=2025/month=12/day=23/call_center_interactions_20251223.csv,162903,d9069c5c121148cf66355aefa576ed7a94a68640e56c9bafffd7e2a71c798705,802
call_center_interactions/year=2025/month=12/day=24/call_center_interactions_20251224.csv,140712,e39c2d5e046667c60f0e4ac134efa03940e3fe37621b2fe6a4c72fd6ee4786af,690
call_center_interactions/year=2025/month=12/day=25/call_center_interactions_20251225.csv,121278,16024b4a821814f6ac0b8d44ca03b51e9bea938b6091bac6ecebe926cb3714a0,592
call_center_interactions/year=2025/month=12/day=26/call_center_interactions_20251226.csv,155504,bad3b87177a3835c1879399b90c6cb4e0fd3065aafdb72da2bdf834cf37e26c3,766
call_center_interactions/year=2025/month=12/day=27/call_center_interactions_20251227.csv,60418,211cc4ffd0e406e6f0dfdeff1442799944ed1c547e24875f4e258473b5e88d4b,297
call_center_interactions/year=2025/month=12/day=28/call_center_interactions_20251228.csv,74144,98e32e1e353ab71e9a0b78823613529a33ba268837c07e182ff1926355d4575e,363
call_center_interactions/year=2025/month=12/day=29/call_center_interactions_20251229.csv,148568,daa00a4a0aa5e9c70b1383f8a2dda700a2d6af84ab08b42029096faae3492fc9,732
call_center_interactions/year=2025/month=12/day=30/call_center_interactions_20251230.csv,139259,822b35b6edb845d03eb71d78fc29bf36b93c252476f2ce72b6641e247c60c355,687
call_center_interactions/year=2025/month=12/day=31/call_center_interactions_20251231.csv,166757,a4259d8425bb279f49acb118c5703f659b4b6699fd931adb8d3df5b1d4dbd9b0,827
call_center_interactions/year=2026/month=01/day=01/call_center_interactions_20260101.csv,168526,0dce3e3c48e29af925d89a01d7f8b2205899281bd0723441b0e93f37495fa155,829
call_center_interactions/year=2026/month=01/day=02/call_center_interactions_20260102.csv,129242,088d5a1b522f45c9539b07a791af6722a2f23f4d8471011832420ce247fd3303,636
call_center_interactions/year=2026/month=01/day=03/call_center_interactions_20260103.csv,86284,0870d4ce67ba2a6bb62a8159e7153bae12c8a476089bcd9849ca8102713b4fe2,423
call_center_interactions/year=2026/month=01/day=04/call_center_interactions_20260104.csv,86789,9fe261c909da5524f1f942e9982f98fdd6d9004975f2502a5f9bc1e66207099d,425
call_center_interactions/year=2026/month=01/day=05/call_center_interactions_20260105.csv,121037,75b7733e3d9ae4d43c4970c58772d3e8f07dca85750d2d1b10ec7f5d0a95b8f0,596
call_center_interactions/year=2026/month=01/day=06/call_center_interactions_20260106.csv,122027,fb20ebff396a5dfbd456acee466d57f09ed65a41d2f131427f7d5240fe5ea94a,601
call_center_interactions/year=2026/month=01/day=07/call_center_interactions_20260107.csv,147915,c98bb907816674e333468eaa3158a9dfabf8807878ea2aa551ae4bb950359a4c,723
call_center_interactions/year=2026/month=01/day=08/call_center_interactions_20260108.csv,120625,92a3d45c442bdcf840ec84af5463ab1f0bcafcdde50f8cfa2d8fe0bd93c95789,595
call_center_interactions/year=2026/month=01/day=09/call_center_interactions_20260109.csv,141023,33d7c53354045f444bdbe777a08a20c2fbe3943bec0963f311c976ee58ea9fd5,695
call_center_interactions/year=2026/month=01/day=10/call_center_interactions_20260110.csv,70981,444d48bd2f19803e305d6aa284ad8ee94143b687e63db0a14f4484753bb17c1a,348
call_center_interactions/year=2026/month=01/day=11/call_center_interactions_20260111.csv,67908,2b770c7a2470147b1c74bb03692bc43d75493b91239e8eb10a2d730a2d8ef626,334
call_center_interactions/year=2026/month=01/day=12/call_center_interactions_20260112.csv,131460,4ce75dcdd4ff96386b97b176eeb4d20bfe923ca11cd77acfbafa0e275d5515a9,645
call_center_interactions/year=2026/month=01/day=13/call_center_interactions_20260113.csv,119706,cefbb01b0ab71b399004b4cdaeafd414c2ac6b3a09779ab187514bef725d9e93,589
call_center_interactions/year=2026/month=01/day=14/call_center_interactions_20260114.csv,134836,2145106e4ee66dcfd4acfc2cb043607ef6e76d657ba0242827cff2a2450f9f6c,660
call_center_interactions/year=2026/month=01/day=15/call_center_interactions_20260115.csv,173610,3ba522dcf8c2e5f893c95553afc14adbd2c605cf7cf51fea3c409d61739292d8,849
call_center_interactions/year=2026/month=01/day=16/call_center_interactions_20260116.csv,141949,b45d8bf7a4f974659c76eeb40c035c96efc0eefbb4fee1e82828178a65b3f284,695
call_center_interactions/year=2026/month=01/day=17/call_center_interactions_20260117.csv,78330,fe8c2ce42be2e2630bdd7191d11335f1edbcf65c748b7edd5f35ecc37ed513e8,381
call_center_interactions/year=2026/month=01/day=18/call_center_interactions_20260118.csv,72285,12d480a8e4758189a2954f08b2200060ec9a1f0a2651f6c92eea46d2c41b6d3c,356
call_center_interactions/year=2026/month=01/day=19/call_center_interactions_20260119.csv,171079,9c5c8a360fa5d9d42e4580dcd6e5e648d892ed6a9fd623965884eb410496e26d,833
call_center_interactions/year=2026/month=01/day=20/call_center_interactions_20260120.csv,164420,fd849d95e71ec771b15911adceeeb1250cf5c487c381ead7948e284c18cd2fc8,806
call_center_interactions/year=2026/month=01/day=21/call_center_interactions_20260121.csv,142055,bd66946014d3c648f569a860f5f007236b69cdccec23965b460d05ecabad551c,700
call_center_interactions/year=2026/month=01/day=22/call_center_interactions_20260122.csv,173060,c4a384bf336450806e7a51e1c6c9ecb4894cceaa7d51d16d6471f95eb993bc31,853
call_center_interactions/year=2026/month=01/day=23/call_center_interactions_20260123.csv,124169,6065281e9a7a0b617d6a3f5fc0ac01aab585c3b0ffddaba9f49939ed5492a193,608
call_center_interactions/year=2026/month=01/day=24/call_center_interactions_20260124.csv,63173,9d4aa88e831f66dd86b82ab11aed653f49536dadf1f6df84d2e830b2bce37a1b,308
call_center_interactions/year=2026/month=01/day=25/call_center_interactions_20260125.csv,61492,661c718b2434092e2660ed18b8977c6c42063664263cf67d214e9c2795f4d51c,303
call_center_interactions/year=2026/month=01/day=26/call_center_interactions_20260126.csv,171858,5cc2dfd9ea0ea9c008f91ae71e4db3fcd4d5e9818fdb94b6957b6bba98dcf2f1,850
call_center_interactions/year=2026/month=01/day=27/call_center_interactions_20260127.csv,153390,d1f6c1a0a547c19272fac9fa921b9288a11204172e1ef04d98251d898c751785,754
call_center_interactions/year=2026/month=01/day=28/call_center_interactions_20260128.csv,119590,945b7424f6ebac75ea220d2f88d38d41bcabfc5a51b96275f0af172c7894f35d,589
call_center_interactions/year=2026/month=01/day=29/call_center_interactions_20260129.csv,124557,86d2b3c9f3b49bfcbfbff7752a1e1c3b6262405facade2d48dda2f170a421829,609
call_center_interactions/year=2026/month=01/day=30/call_center_interactions_20260130.csv,155249,c96dae3ad43de481e5aac1ea2fdf571038c7c69a0aa3894a26a1e97d7dd0aeee,766
call_center_interactions/year=2026/month=01/day=31/call_center_interactions_20260131.csv,65278,155532bcb3abea3e790803fdb684bde1338699551386bdf0f8bdb667f0487f20,322
call_center_interactions/year=2026/month=02/day=01/call_center_interactions_20260201.csv,86107,2ddc600ae41d193fd5ecf1bd232db7cb09a46cbf952ec119794a8fd5032cb9a0,420
call_center_interactions/year=2026/month=02/day=02/call_center_interactions_20260202.csv,127968,07fa0b072b34f9b91fe550678856de963e35121e9eaa802542db82c4a79c4aa3,627
call_center_interactions/year=2026/month=02/day=03/call_center_interactions_20260203.csv,140170,b6014afb7702ac4ba10dd8c0078b2ef015a48937492cf0e5c94a8fce93246eb1,690
call_center_interactions/year=2026/month=02/day=04/call_center_interactions_20260204.csv,119187,b10ec2571cba6cd80f60062f8a0119c7cd989ed98eda244de52e9bf64598663b,585
call_center_interactions/year=2026/month=02/day=05/call_center_interactions_20260205.csv,172995,4897af2e5797be8720df19cb637cf7bb0b5441d6c7fac263f862dabd285b8be7,856
call_center_interactions/year=2026/month=02/day=06/call_center_interactions_20260206.csv,169196,9fa16c15c1425f51e6cc09900597c262115187b3e6d691ea455f5116ea302f19,833
call_center_interactions/year=2026/month=02/day=07/call_center_interactions_20260207.csv,83568,037df80f5e9d5229f67be036020373c51d262a4efb365205fc157f45816e8ce7,409
call_center_interactions/year=2026/month=02/day=08/call_center_interactions_20260208.csv,79134,50fd390de2e18e7edf7c7f590dd4750044e73f5f6428a0e035e2ba95b3128adf,387
call_center_interactions/year=2026/month=02/day=09/call_center_interactions_20260209.csv,134627,175583e2bffd27179c237ec557ab4b82c06996513aca4f352f9ca0dc871ef8ca,660
call_center_interactions/year=2026/month=02/day=10/call_center_interactions_20260210.csv,155417,92692dfc95cd7be4c60b455c9cef85b42ce253851bca8534ea39f43b7ce13062,762
call_center_interactions/year=2026/month=02/day=11/call_center_interactions_20260211.csv,174673,bc98988f17d1dda1365251173c375fe1b3a6caef923c39007a97bda04571129f,859
call_center_interactions/year=2026/month=02/day=12/call_center_interactions_20260212.csv,123606,62f6773748a1ca7a50f6a889f3fe25342cd7c8bc76365406ef3a4dd4968864a9,608
call_center_interactions/year=2026/month=02/day=13/call_center_interactions_20260213.csv,178002,b767fea3acc32df0b2c739228fb9829f50115ce5682457e69f2e92c88af2aa23,873
call_center_interactions/year=2026/month=02/day=14/call_center_interactions_20260214.csv,83126,a35152d92b812b7c1a37b92013f83779a440835c44a270b5478b2d0f10586cbb,407
call_center_interactions/year=2026/month=02/day=15/call_center_interactions_20260215.csv,78286,fd0cb18e1eba4fad9e203e18d4075e5eec27d9718af162f0d26b979dd000b2dc,383
call_center_interactions/year=2026/month=02/day=16/call_center_interactions_20260216.csv,135038,4bc53e93afff9757ec17030a4f64e1ca39d198490513bb3d837f56acb0d49701,661
call_center_interactions/year=2026/month=02/day=17/call_center_interactions_20260217.csv,122326,cb526dd66ce2262ae6f87f3a6a6520582e857f8bcc0399fdd290e434ae89433e,598
call_center_interactions/year=2026/month=02/day=18/call_center_interactions_20260218.csv,126514,f56c229b4dc71a8a65e1084954c6ebf211606243dca38a8a1243d3553e918c75,621
call_center_interactions/year=2026/month=02/day=19/call_center_interactions_20260219.csv,133759,f32b78c8af166e84ad1e694184335f8a9cd599f0804bc0238e193f60aad30019,657
call_center_interactions/year=2026/month=02/day=20/call_center_interactions_20260220.csv,134240,7662e8c07df25de2e9cff4c7677bb3e0d49d1f424dd002c6fe2e4820c309dbe8,659
call_center_interactions/year=2026/month=02/day=21/call_center_interactions_20260221.csv,87649,61b6276758c7c369340c2aeb2d0df41f40a363f4cfbd796ec0b06c304ce43ec7,428
call_center_interactions/year=2026/month=02/day=22/call_center_interactions_20260222.csv,74265,30104d29324d2539c41fc6a26e634ae7e02d083c98110c11fc46d3f141bd474f,363
call_center_interactions/year=2026/month=02/day=23/call_center_interactions_20260223.csv,167723,1a337b68eeef7fa6484e85ad363369b0728ed9ffb83e023caf43bfd2ac636f37,819
call_center_interactions/year=2026/month=02/day=24/call_center_interactions_20260224.csv,159747,826499e8a50c2655c1b1dc46921ff982287b86128c92d60bb584ed0b255440e6,786
call_center_interactions/year=2026/month=02/day=25/call_center_interactions_20260225.csv,172841,d16719678cda3a6fd0272e870590e4e5368a010561f41c72e9ac68e48c910416,852
call_center_interactions/year=2026/month=02/day=26/call_center_interactions_20260226.csv,144048,b6c0ac764c321275ba92a6026274589787a543b27f6bd6ce4e903cf33bd74905,707
call_center_interactions/year=2026/month=02/day=27/call_center_interactions_20260227.csv,175772,6b712d5f6345b5e0af0fe082f6b5617a8f918290d4a00c5713a0e623fbe1f8a7,865
call_center_interactions/year=2026/month=02/day=28/call_center_interactions_20260228.csv,85106,8502a8925403c51daa4578c7f9438fee8d463f655b313a5d7a287c1ae87d4f32,414
call_center_interactions/year=2026/month=03/day=01/call_center_interactions_20260301.csv,85063,07e3c8f91ceec2415f550f8291eb63f7d12a81433744a7e5379dd96bec63fda1,414
call_center_interactions/year=2026/month=03/day=02/call_center_interactions_20260302.csv,169378,a381dfa8f565a639b01dfdd3cc47bbc755643364a4c7660f0af1fca8672336d5,837
call_center_interactions/year=2026/month=03/day=03/call_center_interactions_20260303.csv,149901,7c74b2b7d0e3f345136861137a2b1084140eb293e098736e99df6358b7e04535,738
call_center_interactions/year=2026/month=03/day=04/call_center_interactions_20260304.csv,172800,cb3091864916f1782b8a27f4a0426ff3dc6582cb287c97f1b353ef83cfcdf3ff,848
call_center_interactions/year=2026/month=03/day=05/call_center_interactions_20260305.csv,171343,7ee61190d0973e1ab3a29f4a2bebdeb961217cae3428c2bbb90a995c28b88c22,842
call_center_interactions/year=2026/month=03/day=06/call_center_interactions_20260306.csv,137474,5022472504910647ab1e3840a59a69428f9a709ad5e36dab2298b3e287806c25,679
call_center_interactions/year=2026/month=03/day=07/call_center_interactions_20260307.csv,62297,fad82100ecf79ad35a10aab77d83071066e76d30d7fce3c9e0747b138e5b0aa5,306
call_center_interactions/year=2026/month=03/day=08/call_center_interactions_20260308.csv,83181,a11b23dbc781c98951e40ca269c5df740258f06f27c1cd96be5dafc5cd8d0e38,409
call_center_interactions/year=2026/month=03/day=09/call_center_interactions_20260309.csv,156997,77e2513e208ef1f7b5a068846be4ba9ac0748930f38bf29b2299a24a198cb866,776
call_center_interactions/year=2026/month=03/day=10/call_center_interactions_20260310.csv,121748,d100938ea77cd6620449879e5cdfcd58579eda0c197744f868afdd5a2c6b80fd,600
call_center_interactions/year=2026/month=03/day=11/call_center_interactions_20260311.csv,177389,291aae49c694569547d66425c42d9134c5fda21fe9e8bac19d6f65ad2006c33e,870
call_center_interactions/year=2026/month=03/day=12/call_center_interactions_20260312.csv,173949,eaa36e02868f35c14d73755b60450c386ccf3267c5b95e94dbb48480e3df5d63,856
call_center_interactions/year=2026/month=03/day=13/call_center_interactions_20260313.csv,164148,1a5894a00febe93fa6da2953bd580a06dbb55d40395467c53e11d59e6a544b18,802
call_center_interactions/year=2026/month=03/day=14/call_center_interactions_20260314.csv,75596,dffa077d12d35e0157175efc751e2a6aae1de99456489b07ad8eaed52fc2725e,370
call_center_interactions/year=2026/month=03/day=15/call_center_interactions_20260315.csv,82944,57c02a132e66764ef3065a6d13f3da2ec02b4c8373344d675b47f50291aebd22,407
call_center_interactions/year=2026/month=03/day=16/call_center_interactions_20260316.csv,162425,ae70d43226d82d2c21a271b880b40d97550c1cdd816913e74ba979a758458a08,800
call_center_interactions/year=2026/month=03/day=17/call_center_interactions_20260317.csv,169903,88776c6badf78631be75f4dd97f07512f9f0b5a10ffb5b264a50f324ea1da610,830
call_center_interactions/year=2026/month=03/day=18/call_center_interactions_20260318.csv,153997,bee942722cb65e39454a520badc912c051f1f922cb22079c36ab792cc50290fb,758
call_center_interactions/year=2026/month=03/day=19/call_center_interactions_20260319.csv,152788,bc3d3fd4aff52a798fad383ebd9a32f8303bda9e7140d5765abc4298e36131ff,748
call_center_interactions/year=2026/month=03/day=20/call_center_interactions_20260320.csv,172448,83d275de8bae4968562c382ad7f1608846cf682764729121a84fb384444858f6,845
call_center_interactions/year=2026/month=03/day=21/call_center_interactions_20260321.csv,74773,8d964bf88af58577b3767f5cfd900c691a7087b57a84158d23be8ebf1e947e05,366
call_center_interactions/year=2026/month=03/day=22/call_center_interactions_20260322.csv,78274,0dfa6427b9f7212231c26174432f34980ec55ab32f38ba06bad3412ad20e9ea5,383
call_center_interactions/year=2026/month=03/day=23/call_center_interactions_20260323.csv,167997,1410488b994a3866b4fb4c9603ff643a53231fef7abeab6c03bfd6a3fe4bca27,832
call_center_interactions/year=2026/month=03/day=24/call_center_interactions_20260324.csv,142138,913b75220402f1d9dbacc21ef6bd25f85ec71401143239184a8318e5bebb5a50,701
call_center_interactions/year=2026/month=03/day=25/call_center_interactions_20260325.csv,152957,13c9262ab9c13653697e62b3cddb9bf2dc6c01c91ebdf406f972f11f657dad7b,752
call_center_interactions/year=2026/month=03/day=26/call_center_interactions_20260326.csv,166841,a26874c5ae5e954c441c23a61f2184a79b8200950fbcba8bb2012e0dbb8b0f16,823
call_center_interactions/year=2026/month=03/day=27/call_center_interactions_20260327.csv,123169,6fd2ce2184566b391c5c9d19c8c2191e576ff80dfa354658839def6a2a72aebc,605
call_center_interactions/year=2026/month=03/day=28/call_center_interactions_20260328.csv,80412,053cc90f38f90a46fe78a1c0b5190641492d556134806d83f69dc06d48fe97cf,394
call_center_interactions/year=2026/month=03/day=29/call_center_interactions_20260329.csv,87775,8225ffe3bddf15cfe7335c6561a84bfb87ea2e120bc612bb168d361628969fa0,436
call_center_interactions/year=2026/month=03/day=30/call_center_interactions_20260330.csv,160012,c8ce8e6c6d526392947a61752bdf0f2cd6ce6242cd3ad1273956b2d14e015319,781
call_center_interactions/year=2026/month=03/day=31/call_center_interactions_20260331.csv,150946,cc013af5f71a723e14e7f7b8a633c17fbfe70e8468b39879ccabf37caed5e525,739
call_center_interactions/year=2026/month=04/day=01/call_center_interactions_20260401.csv,138820,c7f681771f6e920144998861d2ffb627052080018f2de53cb3606efc7f381015,684
call_center_interactions/year=2026/month=04/day=02/call_center_interactions_20260402.csv,157657,1260cda80ed4d62910a70d21f0a6b4a49d5cd88fa6d86bf39e095f62e0960fb2,777
call_center_interactions/year=2026/month=04/day=03/call_center_interactions_20260403.csv,119775,6ad35b9773f0777adedd350c59ac24d799f60e9e6d00e538cf15ff41af1113f5,591
call_center_interactions/year=2026/month=04/day=04/call_center_interactions_20260404.csv,75327,c44ba69c280e572c71004ba9a31cfa2f74fee4a02f433fb3a0f928661319adeb,369
call_center_interactions/year=2026/month=04/day=05/call_center_interactions_20260405.csv,85974,6b9807b0cb842956caf912396ca862256988de8750464e7e2ecd4c2a756231a1,422
call_center_interactions/year=2026/month=04/day=06/call_center_interactions_20260406.csv,123209,2d37bac0775dc85f0997dc62eab8a2756f3de34af4c72b7623a31fa75583e8cc,602
call_center_interactions/year=2026/month=04/day=07/call_center_interactions_20260407.csv,159023,901e570dba8b0ac47499c84be38f1791f4e17e74e34f7d849961c7f49548aa6b,779
call_center_interactions/year=2026/month=04/day=08/call_center_interactions_20260408.csv,125702,acfad07ec74869defe9f96f93dbbad6bba2bb1bd3dfc8bc1a62b0b4148a48a42,619
call_center_interactions/year=2026/month=04/day=09/call_center_interactions_20260409.csv,120246,bc64286314a5035c252918d79720ae1e193f2b4a52059c2d3e3f2156da01b212,587
call_center_interactions/year=2026/month=04/day=10/call_center_interactions_20260410.csv,143348,0c6decbd22026ea307364451e4b11d07c2f60de3d7568036ad720d024c934a09,702
call_center_interactions/year=2026/month=04/day=11/call_center_interactions_20260411.csv,81819,1cbfeec9c90ca66c82fad3808085e56b3af17489e5ce3b04f375a3ee30b7c5c3,405
call_center_interactions/year=2026/month=04/day=12/call_center_interactions_20260412.csv,71819,0fee59bda5dde60279ddf38af360c75b418910c6888b0098924d54046466a94b,351
call_center_interactions/year=2026/month=04/day=13/call_center_interactions_20260413.csv,172581,1a7f4cbe1231ff46c2eaf76121e3ded74b5db969df08de91dd3dc794aebb25bd,852
call_center_interactions/year=2026/month=04/day=14/call_center_interactions_20260414.csv,147276,832d3c82b395feddf0aca5d16374b99d867381fd66c48581147f044caabcadb0,720
call_center_interactions/year=2026/month=04/day=15/call_center_interactions_20260415.csv,130038,e0baf005512d6482b1770fe3d9867da929f3aee7746958f349053239ca1724d6,639
call_center_interactions/year=2026/month=04/day=16/call_center_interactions_20260416.csv,125918,be566467870530c0bdbb3b991a96f08258ed45d9170e0c4e1fe636111ddae110,619
call_center_interactions/year=2026/month=04/day=17/call_center_interactions_20260417.csv,139749,fd8d3c8aab471ea4dc1855753cdb980558454f65687eb623eed192d02e92d2f9,689
call_center_interactions/year=2026/month=04/day=18/call_center_interactions_20260418.csv,86815,2191f5be1eaac6e064bacd219f6b9e82034aea1e1f179bc3fb3c06dbddd80d0b,429
call_center_interactions/year=2026/month=04/day=19/call_center_interactions_20260419.csv,59952,71e6ca5e767b250cedb9354efef1f43fb4425647ce30af1ea15662c01351e56a,294
call_center_interactions/year=2026/month=04/day=20/call_center_interactions_20260420.csv,167546,b23190bf3854ef9074a655e94ec653533afae454462c2e92362e936960502f06,827
call_center_interactions/year=2026/month=04/day=21/call_center_interactions_20260421.csv,127175,b87f7007e09862768d1edb4352537676da7ce972d3c4bfccdc3f1ed479626cff,623
call_center_interactions/year=2026/month=04/day=22/call_center_interactions_20260422.csv,171350,c142f8ba6f936fae77fcda1eb54d2aa3b4ffed1165755cd1a45e09be867458fa,843
call_center_interactions/year=2026/month=04/day=23/call_center_interactions_20260423.csv,141608,dd5362e0965bfdcec1165107534d763602c7f03da5e21681ad908b77d6be4f9a,694
call_center_interactions/year=2026/month=04/day=24/call_center_interactions_20260424.csv,172643,5d4e56c8b5204ad5d3a72e27306bd4752642d48115f6fc1d802523e5e011742b,851
call_center_interactions/year=2026/month=04/day=25/call_center_interactions_20260425.csv,80882,f24920dadcd3b4d1152321e54e13e0c970836f53156fce527058a87c07a7bc17,397
call_center_interactions/year=2026/month=04/day=26/call_center_interactions_20260426.csv,78145,a2a09f2ced8456af8b5800847fcb8751883a7f35d2eaeae61e8602d5d105cd0b,380
call_center_interactions/year=2026/month=04/day=27/call_center_interactions_20260427.csv,148808,247003305d151437b9c13a60b703421e6686cdd94395ca825d0c6b9b86eaed31,726
call_center_interactions/year=2026/month=04/day=28/call_center_interactions_20260428.csv,151570,27ba8a8908d41ab30535db846d5de3366aa79c8b4af7e4b55d9dc4448e475171,742
call_center_interactions/year=2026/month=04/day=29/call_center_interactions_20260429.csv,175829,af2fd96b31c0501830760e4145c5b56763c3806649839b0c9be534a2236a24f7,861
call_center_interactions/year=2026/month=04/day=30/call_center_interactions_20260430.csv,145470,1038f35da16d057bf2ae7addb0234eb4d000c9c521eb29a46e0b2cf8f4c6e9d0,716
call_center_interactions/year=2026/month=05/day=01/call_center_interactions_20260501.csv,123966,944d246debbfca8356e7f081100275244103e5f3a8de96b28f873b42f2ccb6f3,609
call_center_interactions/year=2026/month=05/day=02/call_center_interactions_20260502.csv,65894,9cd55cb728eed13cf96e1a58e7e586c03b92803fdfaeeab3ab79519fc41ebd78,325
call_center_interactions/year=2026/month=05/day=03/call_center_interactions_20260503.csv,87512,ca575218af4ffa048e51107a5dcbb6c654a3d55975515cf5ea53e04870be3c14,429
call_center_interactions/year=2026/month=05/day=04/call_center_interactions_20260504.csv,134129,407088ba2c9f9cf67e0ee9d83e8d342dbc10e9487f65b30f0d2e6f88eeaf8568,657
call_center_interactions/year=2026/month=05/day=05/call_center_interactions_20260505.csv,166395,6dd31157e187f90ea67a23127bb73e4714af032e1ac9be6700cfb09ced69d08d,816
call_center_interactions/year=2026/month=05/day=06/call_center_interactions_20260506.csv,135926,32ea93ab2527c607e31981a077e9cbbe7e4279d0abb2c954f7a6776c0707a77f,662
call_center_interactions/year=2026/month=05/day=07/call_center_interactions_20260507.csv,125781,0f542938e1229e48f7b4602b0e1c691cd0fc8c1b00de136f08fe6a79f62d8b16,618
call_center_interactions/year=2026/month=05/day=08/call_center_interactions_20260508.csv,159462,c19b0f7462463ee7c2323d6b2dc2b01547c31b9a80627262fa43a530052ce36e,787
call_center_interactions/year=2026/month=05/day=09/call_center_interactions_20260509.csv,75599,6d09df86492473ed1e9601a308677db9b78ab5a1efc38aa58e41e2c13d13cb6c,371
call_center_interactions/year=2026/month=05/day=10/call_center_interactions_20260510.csv,84253,c2b9b2198a41b009ab17fb738324cc40e0df107f31bae91c99ce0fa59eca137a,412
call_center_interactions/year=2026/month=05/day=11/call_center_interactions_20260511.csv,136477,bfe1205c1f03e85a312a02a51f55bc77441b136e5d4f6e4411fe4c153bf05745,670
call_center_interactions/year=2026/month=05/day=12/call_center_interactions_20260512.csv,133456,4aec82c1f9d53597eb235e45a8ccc530fab45333fe39dbd0ad03dc3513325909,657
call_center_interactions/year=2026/month=05/day=13/call_center_interactions_20260513.csv,143141,45832388ae466260339e77f712349b8e78f389676f70455c23904f4f27b134b8,702
call_center_interactions/year=2026/month=05/day=14/call_center_interactions_20260514.csv,133803,e470c2f35b94aa121c43c4cf575051292bfa4e000366481a1a354e782f08f8a4,657
call_center_interactions/year=2026/month=05/day=15/call_center_interactions_20260515.csv,167642,d025ff55fc8fcdb51ff95016535079b53ba63664118f9b1328e30dddb1536330,822
call_center_interactions/year=2026/month=05/day=16/call_center_interactions_20260516.csv,81335,fa13dea4a62ff653a50ccf4d74a5d901de6a909c98edb44c5299f0d0a08db888,394
call_center_interactions/year=2026/month=05/day=17/call_center_interactions_20260517.csv,84141,ebebb0a6ccf150501122710ba1f780c8b8f150842a3171b505cedc8bc1cbab01,413
call_center_interactions/year=2026/month=05/day=18/call_center_interactions_20260518.csv,141965,3f4ce1d2db8d3650287e9151e25aa6e9f83017a0f896dee96e1c78757a14805d,698
call_center_interactions/year=2026/month=05/day=19/call_center_interactions_20260519.csv,122116,61d42d9c0f3a77a69509f1256f5dd46b5778ac40c9fed07cf71cf1190c532114,605
call_center_interactions/year=2026/month=05/day=20/call_center_interactions_20260520.csv,174219,5d0817be0742b90110dde78e24086ac48948ea3e054196b716441f43aacfc401,856
call_center_interactions/year=2026/month=05/day=21/call_center_interactions_20260521.csv,137766,2ca0246f996ab7885d697e1f567bcadb8ab95a2563938851a00f428e80981289,672
call_center_interactions/year=2026/month=05/day=22/call_center_interactions_20260522.csv,129589,4bf9679dcf12b86e9ebb88d439498b30756c9d68cf42edbc6761e52e20cf76be,636
call_center_interactions/year=2026/month=05/day=23/call_center_interactions_20260523.csv,85784,a4756282f2b275689fb2814744019abfdc4355c8b604f0327eabc02dd782882e,419
call_center_interactions/year=2026/month=05/day=24/call_center_interactions_20260524.csv,78075,90f48809658e30d8f967c989ed0613f8cb227a1d882385a953f5df0cc296d8e7,383
call_center_interactions/year=2026/month=05/day=25/call_center_interactions_20260525.csv,169518,2ceb3a893e03700d77654d76273fe4e294e8ee50bc52b3bf9c74c245f775ae83,836
call_center_interactions/year=2026/month=05/day=26/call_center_interactions_20260526.csv,147822,36aced3a5f23b18ee51cc9c4e7e5f5ee3e2dc9ef59cfb16c933eb2246f4512fb,725
call_center_interactions/year=2026/month=05/day=27/call_center_interactions_20260527.csv,161405,fb167b48be4384e155225a8e5b03a458e97e65bd45f314b0e90f71e039ce05b2,791
call_center_interactions/year=2026/month=05/day=28/call_center_interactions_20260528.csv,119701,20504437c84b853d1b897ceae5210c4cdc296d35eea8e1142ecf53dbc10ca06d,588
call_center_interactions/year=2026/month=05/day=29/call_center_interactions_20260529.csv,144104,f80027bffd61a3d76587627ed379534fca8c90513e893bc6c98caef1a8cf7c78,708
call_center_interactions/year=2026/month=05/day=30/call_center_interactions_20260530.csv,68877,0ec469a463e35ece8a72b7bcb39aa8eb061bda87c35ce83cf20d4f02f5e79de0,339
call_center_interactions/year=2026/month=05/day=31/call_center_interactions_20260531.csv,81139,ed0b6eea2b94661c25d4626cc78ef6924bcf40e85ea2c0f3ecbf20d9c4b798be,400
call_center_interactions/year=2026/month=06/day=01/call_center_interactions_20260601.csv,174553,906e5883577ae349ad73496d37b32a0020f9e7480f76ac6f68b3ddb56a8d712b,857
call_center_interactions/year=2026/month=06/day=02/call_center_interactions_20260602.csv,149453,a405cf4439cf429928e1352507697e5beee294a078e471df9955d4be5b5d5575,731
call_center_interactions/year=2026/month=06/day=03/call_center_interactions_20260603.csv,134635,7c878951e2cab83ad477191f57576bb87cebaf4f8d78791b4d54ef109ed1262f,664
call_center_interactions/year=2026/month=06/day=04/call_center_interactions_20260604.csv,143913,8dd14a21fcfa5c7de1b4cc5610548733589d8715e07130f4380c926d439c74b9,710
call_center_interactions/year=2026/month=06/day=05/call_center_interactions_20260605.csv,119915,eec7dd16453463beafa294104524020423a98bc479b07ac7cf83deec8f7930ae,592
call_center_interactions/year=2026/month=06/day=06/call_center_interactions_20260606.csv,81343,874fcf2333f6a5d747fd823732346a64146ede10d4c681628fc97cfce9730bef,403
call_center_interactions/year=2026/month=06/day=07/call_center_interactions_20260607.csv,84439,7805df6525278f3384fae57035d5601d1a9a40c852d3db0bd36cb1310499ec24,414
call_center_interactions/year=2026/month=06/day=08/call_center_interactions_20260608.csv,176159,e27cb67b78e6683ce27dbf4d53eab45de3de3ade4b1ab54c9eb0b5435dc1e9e1,864
call_center_interactions/year=2026/month=06/day=09/call_center_interactions_20260609.csv,135602,0a45cc5bd61d5973d39c45b7bff446765c0af1e3ff7775470bb00ffe94330df4,668
call_center_interactions/year=2026/month=06/day=10/call_center_interactions_20260610.csv,159372,884291c026b63930f63b9118c2df96a2dcbd2534f0811e553512eeaa6924bf8e,785
call_center_interactions/year=2026/month=06/day=11/call_center_interactions_20260611.csv,150655,fb91a04f5e33a9832a9dee5e802f3562ad1d080c2d617a0749c67031272606e8,741
call_center_interactions/year=2026/month=06/day=12/call_center_interactions_20260612.csv,127441,5e2eba24a9359ad338a6ff1f69fb88f5f62254b289cfb90ca0bc8496e56c090c,627
call_center_interactions/year=2026/month=06/day=13/call_center_interactions_20260613.csv,77219,ebbe24eb140a3b19e40a25771844d893a2a529ee97fddc7f2734e1539564885b,377
call_center_interactions/year=2026/month=06/day=14/call_center_interactions_20260614.csv,71008,b99d31e2db81a6e171fe1682a545290ea5f8baa808800748582af96ff764710f,349
call_center_interactions/year=2026/month=06/day=15/call_center_interactions_20260615.csv,170457,969664896ab785be5cf0a20f6d9fc09c92a3420a264ecd0623709f3c0b771e16,839
call_center_interactions/year=2026/month=06/day=16/call_center_interactions_20260616.csv,165050,b6413713c170760c085200b26896ff49a3a06d35450149db7bda32a04c1d7956,810
call_center_interactions/year=2026/month=06/day=17/call_center_interactions_20260617.csv,120535,23d0245aac0077844efd412929e0f2c5c4520965f746a346e5cf8978f5fa821a,590
