arquivo,bytes,sha256,registros
campaign_sends/year=2023/month=07/day=01/campaign_sends_20230701.csv,243438,202cbaa7f2558f59c369eeba57fc25c2d4a8a974243995ed235fe72e7a068471,1159
campaign_sends/year=2023/month=07/day=02/campaign_sends_20230702.csv,233215,ecc475626a576fc0f73d3bca92b19350e82a16f5822b3c247b5a57b6f08e9f75,1189
campaign_sends/year=2023/month=07/day=03/campaign_sends_20230703.csv,320061,abdb5be400ac845c1089c747c105b43f89a9ac15c5cd90029b22a5780173d27f,1632
campaign_sends/year=2023/month=07/day=04/campaign_sends_20230704.csv,426080,371447e1b8af54ddf679ed3e06e37b508671366eac9fbb892b57fb0d9ddcd362,2177
campaign_sends/year=2023/month=07/day=05/campaign_sends_20230705.csv,313450,560be04af18ca017ce6a087ffc48b7c78775d0bfadd3cfc18ee4c9cd0707a067,1599
campaign_sends/year=2023/month=07/day=06/campaign_sends_20230706.csv,292320,5569249ddc6892b75a7e1c6d5e179f846795a5ad2687640aaadc61756881754f,1553
campaign_sends/year=2023/month=07/day=07/campaign_sends_20230707.csv,311538,2cb08668c7bbe4cb8f129f702a193daec58cc469f1894b9953b9d95d5ae5b224,1646
campaign_sends/year=2023/month=07/day=08/campaign_sends_20230708.csv,244152,d4d3e974bb5bb3948bb7512dc2c78425773d8b2c47f3c22d8c294fed3a5f47a7,1288
campaign_sends/year=2023/month=07/day=09/campaign_sends_20230709.csv,206229,023d17f3cdcf9e05ef961fba767ffe5c63841acab876eb60d0d7f8c9bb10e0c4,1089
campaign_sends/year=2023/month=07/day=10/campaign_sends_20230710.csv,319819,7d02f652e0076ee2b62f1550364efc9857b986e69c76bcc64e29924cb3fcfcfb,1715
campaign_sends/year=2023/month=07/day=11/campaign_sends_20230711.csv,385556,92971b332d768d5ccc17e776e4d006c3e66f17a607aaaaf061d8c12d1aecc85d,2059
campaign_sends/year=2023/month=07/day=12/campaign_sends_20230712.csv,330761,72efce143f2b991a2f6e3077f5440d0169681a99f54fab830a14f7b1d73705ce,1770
campaign_sends/year=2023/month=07/day=13/campaign_sends_20230713.csv,361209,02454e4d758a304e95539ec6ff7b5489f6477043bb13521ef27ae4933094e546,1939
campaign_sends/year=2023/month=07/day=14/campaign_sends_20230714.csv,385215,e496cbfef4caf959b0d7b8ad8256f8d0e75743b08aacd54661897aa4ac4e9c56,2057
campaign_sends/year=2023/month=07/day=15/campaign_sends_20230715.csv,180450,6f621c8f655d5617dbfd79469850993d8f724d25938e62d867d8f5289908832b,968
campaign_sends/year=2023/month=07/day=16/campaign_sends_20230716.csv,208716,f86070618b8205ae2420e78f57b147ff753c389bb84c11aba904b2655713aa6a,1119
campaign_sends/year=2023/month=07/day=17/campaign_sends_20230717.csv,377560,a9c7a9aff1db21608243348b502fd02932988ee3d032b1ca659aa630bdb39fb6,2028
campaign_sends/year=2023/month=07/day=18/campaign_sends_20230718.csv,361366,d9964ef36767c62d93a7838dd97f6584151a43584be7637529656ef73f6feaa3,1931
campaign_sends/year=2023/month=07/day=19/campaign_sends_20230719.csv,284187,c48d792821c89c6a8941f0ca1098b79a128b60979a8c6df01124b6baaa8758a5,1517
campaign_sends/year=2023/month=07/day=20/campaign_sends_20230720.csv,309285,96989942383d2cabc2eb758043aa869d494b2c9a9d1d9005fa2f3ff5a01e7481,1649
campaign_sends/year=2023/month=07/day=21/campaign_sends_20230721.csv,313285,10f685931c2a4a206db7850484f1dab70115cc93c3d1b3b57f242b33c94df938,1679
campaign_sends/year=2023/month=07/day=22/campaign_sends_20230722.csv,171522,802653bb2caeedad44c856db49b68cb6c10beaf5e26fd1b7f4414f7cee64cff8,915
campaign_sends/year=2023/month=07/day=23/campaign_sends_20230723.csv,194028,11ea332a2fc5b6dc1b9aa47046e3960f29fbae67e7decbb8fad41d9a60835f56,1032
campaign_sends/year=2023/month=07/day=24/campaign_sends_20230724.csv,314556,877608da923a907ee26fc2f57e79511304fd9bbeab94cb21aeb9d84eb24bd372,1680
campaign_sends/year=2023/month=07/day=25/campaign_sends_20230725.csv,284585,85d0af79c30c64105f5fbd6b23e4a6dc1d21c9e81dc06c0d8ee36dc4707d781f,1518
campaign_sends/year=2023/month=07/day=26/campaign_sends_20230726.csv,299711,9c938d19785ec48651d55512f718a35218bdf7e2a8d8bc5b62c21daed2bb6e68,1603
campaign_sends/year=2023/month=07/day=27/campaign_sends_20230727.csv,332706,913f5c83730ba07141e050a4c830b27fb99812a7c9628c6b22039d707b51c92d,1793
campaign_sends/year=2023/month=07/day=28/campaign_sends_20230728.csv,313030,595ac382c0a89581ba76ed91c0975a21b2e11cdb9963149e403bf7f7ba0e3d0a,1683
campaign_sends/year=2023/month=07/day=29/campaign_sends_20230729.csv,225645,e7cdae55d58332a6c01d8f96aa41ca59a313315b114100ce7ba95ff1e880c248,1211
campaign_sends/year=2023/month=07/day=30/campaign_sends_20230730.csv,188861,828c5e97fd15eb0a7b4241db2c48545b229e7a25f2cde3b5dc88df0905345dc8,1020
campaign_sends/year=2023/month=07/day=31/campaign_sends_20230731.csv,282852,5841e9eeea7c1d4c55a9837c26cc3c633cfc3d409c3c8505f3429af770111385,1523
campaign_sends/year=2023/month=08/day=01/campaign_sends_20230801.csv,351308,32476a8ea5836266136cc4706e806514169bb021483cc87c88c5b1defd887684,1891
campaign_sends/year=2023/month=08/day=02/campaign_sends_20230802.csv,403084,ff9be153a20276c8a96bb84825063fa0b0e4279a25c43ff9c5925e9742f5a138,2174
campaign_sends/year=2023/month=08/day=03/campaign_sends_20230803.csv,343613,3ba680c18afc7595b3dd3bd4b1ac7e5e76488bc05d8e7268f5a4bc5277fc54b0,1850
campaign_sends/year=2023/month=08/day=04/campaign_sends_20230804.csv,341106,a6c292c1e056e04f141eaacc30c76e735635289dd6aaeee9ba2d1c923ef586ca,1837
campaign_sends/year=2023/month=08/day=05/campaign_sends_20230805.csv,184384,e797192789f14a5f491f64e43a4df77824ec67c5027822f7362ce3c63d26740d,985
campaign_sends/year=2023/month=08/day=06/campaign_sends_20230806.csv,188496,6028fc6181fe86e7cfab843a33c120cdfe744a1c610ca7b84e2f888cfc8be855,1013
campaign_sends/year=2023/month=08/day=07/campaign_sends_20230807.csv,324193,57493a0c0de84f2bc88cae5e9f7a03946b990d6a6df2136292d054a16f7785d4,1745
campaign_sends/year=2023/month=08/day=08/campaign_sends_20230808.csv,400214,8f14881647d27000b2ffffbf43289dae15b9f53fb0bbe82b37152ae297be6016,2153
campaign_sends/year=2023/month=08/day=09/campaign_sends_20230809.csv,353164,aec68b379e11535dbb3cfb9275e53b4192df0a56931177e4d236f31234d49187,1896
campaign_sends/year=2023/month=08/day=10/campaign_sends_20230810.csv,309378,6d18532ccba5ecffee9c8a800e20a37f6d70160d92a5c88382bf59f951b342ce,1663
campaign_sends/year=2023/month=08/day=11/campaign_sends_20230811.csv,370634,2f3ff3c27426645200000a24ba63c9ea8d9ac5aa1df94b4e00cada76b0b17620,1984
campaign_sends/year=2023/month=08/day=12/campaign_sends_20230812.csv,225074,22daa6deedee140c05f7a0ea17adb1e5bbccfe4bdc14045ba2e0956270041ed4,1203
campaign_sends/year=2023/month=08/day=13/campaign_sends_20230813.csv,166824,016b1b3fd36a01f3ec2f8dd52aee2c4e4621d63038d4446086327cb214ea91d5,892
campaign_sends/year=2023/month=08/day=14/campaign_sends_20230814.csv,364389,49ef2b79dda96c6ed85d5c255da4865fd330bf9bdc04050842b5260a9e013364,1957
campaign_sends/year=2023/month=08/day=15/campaign_sends_20230815.csv,294740,8687cf4953d33b975c528d368612fab8f67742babd9a41515b972e75e6ed22d3,1592
campaign_sends/year=2023/month=08/day=16/campaign_sends_20230816.csv,305192,530a1aafb84c78e98a5a983b8ba39e155d857909ca75dc0dbddac0cfbb25025e,1651
campaign_sends/year=2023/month=08/day=17/campaign_sends_20230817.csv,367009,6a85ace3e8825eab5e214483aec581d08b9ff442af2d99564622b4f2d803880b,1972
campaign_sends/year=2023/month=08/day=18/campaign_sends_20230818.csv,385228,061e0f252aaaeeed30a548e907b2ce0785d68c9380c19c532bb2695bc9de791c,2073
campaign_sends/year=2023/month=08/day=19/campaign_sends_20230819.csv,233411,ca879f408d1045db09b90b4649308dc302188d6967fb5cde302cfab85a6c4ede,1235
campaign_sends/year=2023/month=08/day=20/campaign_sends_20230820.csv,221588,48b14dd32013245f054462cbcb277be8edc651c7801ac2b5d8071d5f66dcffa1,1170
campaign_sends/year=2023/month=08/day=21/campaign_sends_20230821.csv,291583,e6cea5f598b3ec9d76ce0c105f3fda16cbae7cbb5a17da621ea3e468545561ea,1559
campaign_sends/year=2023/month=08/day=22/campaign_sends_20230822.csv,402499,0f87d5fb630ec840e4f6f6ff7e465a089b1f2bd11b050333c79c46824a580d5e,2082
campaign_sends/year=2023/month=08/day=23/campaign_sends_20230823.csv,338324,d6fd98d843891e0ce038c1a129f4a5a6d8caad0535879c5373a35c3d0ad6ada8,1741
campaign_sends/year=2023/month=08/day=24/campaign_sends_20230824.csv,407510,933d6aedbd4bac45718a866f65b4c926c6fab22c23f2737e36e3cbe6b5d1b52e,2106
campaign_sends/year=2023/month=08/day=25/campaign_sends_20230825.csv,306232,4fc3d4fd3487489d96fa5ef63c496758d883e3c81913200dd52c19c3ee49183b,1578
campaign_sends/year=2023/month=08/day=26/campaign_sends_20230826.csv,240672,6d04abae2f90ec531961541b93e58502cd65dee369c398351505b984ed70163b,1251
campaign_sends/year=2023/month=08/day=27/campaign_sends_20230827.csv,248035,d5cd2bb42a40a11cb239ffe613cf17e932cb59e697abfb17fa1179dba1b603d2,1280
campaign_sends/year=2023/month=08/day=28/campaign_sends_20230828.csv,305611,f48a5b57cee05ca35dac5d10b087bf7e1050236405ab66804798bffeb011ad73,1586
campaign_sends/year=2023/month=08/day=29/campaign_sends_20230829.csv,381657,927d90ed4bfe88bb71e1ff744e258c3fe9d0ce5c094ccab5d25cf7f3a2c69353,1987
campaign_sends/year=2023/month=08/day=30/campaign_sends_20230830.csv,405559,fdb8c5ec323ceda4427a18a2efc3d3a223d2cbc5c2c58d871e2d7508e46bd229,2115
campaign_sends/year=2023/month=08/day=31/campaign_sends_20230831.csv,373281,c723846e8557fba5bb0f64a8fe1c7fc1cfd7bddbd87d996ea9d88b2bfa304cb9,1963
campaign_sends/year=2023/month=09/day=01/campaign_sends_20230901.csv,385976,efe109ad8595435a23bc1d2e703f4afc8145406f047d4005c09df9fbc146e7f8,2038
campaign_sends/year=2023/month=09/day=02/campaign_sends_20230902.csv,236671,571cfe6d0de8398cd0a420290691c67d4d357e0cd93471dbe2184cff1c5c8a56,1246
campaign_sends/year=2023/month=09/day=03/campaign_sends_20230903.csv,170918,7549fcfaf24874d2c5497877c1e1e92e6f738dbb8206fd86c63e26edadfca10c,903
campaign_sends/year=2023/month=09/day=04/campaign_sends_20230904.csv,292544,39cba1c8ae2581aae8709fae2c9d1cb74a3f5cb01d6670be16f15293824c4d48,1531
campaign_sends/year=2023/month=09/day=05/campaign_sends_20230905.csv,304548,a60b31eb542ed48ccc03829f227589161b427df35980eb19ffe9431946e44699,1626
campaign_sends/year=2023/month=09/day=06/campaign_sends_20230906.csv,313120,614d2d39b0f783609845a1a140f36c03d4c797ec34ab84f506fb080c6ccf8e90,1649
campaign_sends/year=2023/month=09/day=07/campaign_sends_20230907.csv,325889,607d61e50b20a2dc6e8415e557e05b371414e92a26249a7800ef607efe40141e,1714
campaign_sends/year=2023/month=09/day=08/campaign_sends_20230908.csv,364133,43ba489958fadaf02df724c518d80c2a95d3513a59dc562cf3bb4c0174959c11,1915
campaign_sends/year=2023/month=09/day=09/campaign_sends_20230909.csv,167650,9afae0e3573d250bf321b77c7c5308a4509743681f9c6b306d5425690f387c5c,882
campaign_sends/year=2023/month=09/day=10/campaign_sends_20230910.csv,202179,f4486548d2dfa2e8b4f92588ae33bdd52ca7e54c8d53a8ec1e6d4771cdd72468,1091
campaign_sends/year=2023/month=09/day=11/campaign_sends_20230911.csv,335917,5aa9a3c27d3ca470468cf2bef36cb600fe37bbfae447cc5007d7b66abf072e13,1800
campaign_sends/year=2023/month=09/day=12/campaign_sends_20230912.csv,280096,7674faed6877c4ae9903a4fe8f309f87650f1aecd07a2f41dac950b42e112674,1506
campaign_sends/year=2023/month=09/day=13/campaign_sends_20230913.csv,315754,dcf199bcb635f5b801e3f18f0de1096ac652601a9403a0af572d657987604dc2,1710
campaign_sends/year=2023/month=09/day=14/campaign_sends_20230914.csv,302803,a431d1ff812c2c23a68362ba5d27f4feacd9793929f1518bc7b4d6669a50da62,1632
campaign_sends/year=2023/month=09/day=15/campaign_sends_20230915.csv,332784,2dc9a3f428f103024fac2318dec1c7f09e46a3c1276272c6f4dac48227bc59da,1802
campaign_sends/year=2023/month=09/day=16/campaign_sends_20230916.csv,208002,227d1b3b6e39f3ada326fd6baccb07acbc910adead86e4715b172cfd840e3ef7,1129
campaign_sends/year=2023/month=09/day=17/campaign_sends_20230917.csv,237490,c742ed74d01766c789ec7edda75a569505839678bd7ff52b5fd099f5f0dfd513,1283
campaign_sends/year=2023/month=09/day=18/campaign_sends_20230918.csv,275450,50c347929f43001668bfc6f67cf3493c857df2560e2dc40738909749393223ac,1488
campaign_sends/year=2023/month=09/day=19/campaign_sends_20230919.csv,290310,5abe0dc105f51a5be415a4ece38f221fc0106dbec7db1057f40e361ed5ca3887,1576
campaign_sends/year=2023/month=09/day=20/campaign_sends_20230920.csv,398571,c75cc3ff9c69693ad94eb7ff480b10256c385c13d164efac2d963d7b5c7c0840,2149
campaign_sends/year=2023/month=09/day=21/campaign_sends_20230921.csv,398966,c9dbd11e22ad8179a2a6840f6ff722afbf32ad9e265191501c72465e7fee1b32,2157
campaign_sends/year=2023/month=09/day=22/campaign_sends_20230922.csv,286421,8f39bc3fecaab20e22c987cc16a771dcef342eaa7e7d0bd3df6846d3380f2d2c,1545
campaign_sends/year=2023/month=09/day=23/campaign_sends_20230923.csv,222872,bad2767c7556e3d50b9025abaac0a5b337111bf847d770c99c733b02aad6d84b,1201
campaign_sends/year=2023/month=09/day=24/campaign_sends_20230924.csv,191839,91d14c70cb09c4a525439d09b09f4d6613ad197a5a90d6114b895d70004ef970,1042
campaign_sends/year=2023/month=09/day=25/campaign_sends_20230925.csv,277375,b8aff6d37d61b9179705fd4aa27fa025c4729949003745c0b672e6671b11539c,1501
campaign_sends/year=2023/month=09/day=26/campaign_sends_20230926.csv,305316,3fe2eaa5450bf85b06824b4c85f9cc4d65fe24aa8284b3a3580c9f0eb467927c,1658
campaign_sends/year=2023/month=09/day=27/campaign_sends_20230927.csv,348393,6d104e6ac66ae3d833d7cbb6585267bd6cf2ff8555b14ff73d717debd3bd5949,1890
campaign_sends/year=2023/month=09/day=28/campaign_sends_20230928.csv,291016,baba6f212ec0b942eb70e4b36a6e7f9e51ce0b2ae422678cd244a1f28b56aaae,1580
campaign_sends/year=2023/month=09/day=29/campaign_sends_20230929.csv,371661,c414631b925a89894ef79ee14bee072c85d2812516e63c6705f24588c362f394,1994
campaign_sends/year=2023/month=09/day=30/campaign_sends_20230930.csv,182303,1f6484dd236ace5593698fe2a4aa809b48601db5e3bc237a15af1bb8ee047866,983
campaign_sends/year=2023/month=10/day=01/campaign_sends_20231001.csv,188617,4d5f66545e241acdbc6e17fd240e1e3cf91ce73da69903e2b07e1ce39e92c28b,1009
campaign_sends/year=2023/month=10/day=02/campaign_sends_20231002.csv,279989,f63650bea5eafa6a70e0d65575d036719f547b831ee961e370849f846c20e66b,1501
campaign_sends/year=2023/month=10/day=03/campaign_sends_20231003.csv,358819,a6f73687470f299e92dbf9b8a9856b1a2a4a2ae930940b65c386ec07d86408f4,1931
campaign_sends/year=2023/month=10/day=04/campaign_sends_20231004.csv,404684,56ebef532e292e98420f1e0794c8505431eaf801dfe1e15cfbdef9a273766307,2146
campaign_sends/year=2023/month=10/day=05/campaign_sends_20231005.csv,384489,496bdc012a251bd41876e8d0b377db9129b97d2599c5b5c482bf92404fd9e65f,2073
campaign_sends/year=2023/month=10/day=06/campaign_sends_20231006.csv,298043,f537579557b5f7e04fbe56375a2e4c5b6c8814a97b78f3e73f6ae8341b7c990c,1596
campaign_sends/year=2023/month=10/day=07/campaign_sends_20231007.csv,233821,607beedc7af63c43c16b1daf80057e095ea19e0d7dc77df002c17b6bca990279,1257
campaign_sends/year=2023/month=10/day=08/campaign_sends_20231008.csv,243031,8f2a8ba718cd0aac159123f4931224e2398026743bb1ca6f93e52158b21181df,1300
campaign_sends/year=2023/month=10/day=09/campaign_sends_20231009.csv,318279,fdc0681c0866736eef985c26d241884508eca1450e63a7c22100533630be5de1,1714
campaign_sends/year=2023/month=10/day=10/campaign_sends_20231010.csv,292723,85972f92c3e02ea4a57e3df944d654e296538c3708f5169e5ff271cd8690ea30,1564
campaign_sends/year=2023/month=10/day=11/campaign_sends_20231011.csv,373412,3b472dd1382e90e72f287175addd09ccc5cbb048d09fbc3c6553a733f2a84f67,2008
campaign_sends/year=2023/month=10/day=12/campaign_sends_20231012.csv,285156,e8b4a03608cf9cefb63b6c71e66675af38030b2778cdc67e0fafdd61fda363d7,1522
campaign_sends/year=2023/month=10/day=13/campaign_sends_20231013.csv,366552,2feb0896b1a3878c2650ced0efdf81343cb6da896006d88261ce2e1d29d36d4b,1964
campaign_sends/year=2023/month=10/day=14/campaign_sends_20231014.csv,238829,ef7ed4229977f28657344ba88fcd6d2db37027513f4a016b7e447a017aee7015,1282
campaign_sends/year=2023/month=10/day=15/campaign_sends_20231015.csv,231086,deec96663720921bc45bddf3f3badcb51b889dd9df501d466102b6634e2646f4,1243
campaign_sends/year=2023/month=10/day=16/campaign_sends_20231016.csv,280378,7af1e4348d61227233f851590eb76427ffe59d30d4783b5180d701f8ef9cb0e0,1503
campaign_sends/year=2023/month=10/day=17/campaign_sends_20231017.csv,303091,7aee8a30478b23e47a62bf09ea27e7fa1888ca2dbf156cdb626042964d3a070e,1632
campaign_sends/year=2023/month=10/day=18/campaign_sends_20231018.csv,404430,a8a1d81ecd4b567a3bf644816eb911949e490b23424bec05adb2ea10f09cf69e,2168
campaign_sends/year=2023/month=10/day=19/campaign_sends_20231019.csv,345248,e78b118c173e906bf96cca616862d9c53e60d23fe4726d6ba511411a47656226,1855
campaign_sends/year=2023/month=10/day=20/campaign_sends_20231020.csv,384305,e1eabd70a43db8bdde4d7198a99e491e8545748324b8fbc6c0d2d04140e0a511,2055
campaign_sends/year=2023/month=10/day=21/campaign_sends_20231021.csv,177319,e4583f64a1b797a8d2c2eab1254e33cf58c4aa9a7c3b8a07b8ca4fd02cf1ca1d,954
campaign_sends/year=2023/month=10/day=22/campaign_sends_20231022.csv,191664,bc1aa6c2607d3c90e0e058e678c0d74129e996bb9f232767c2af72eaba5c3a1f,1021
campaign_sends/year=2023/month=10/day=23/campaign_sends_20231023.csv,336231,57db6ce9efe187fcea311a1180403318d3497b6720ab8fff9eae6c103331d184,1799
campaign_sends/year=2023/month=10/day=24/campaign_sends_20231024.csv,325488,8d5734ff52127f322a003116796187a6d6724ac5cf22c7353140bd5b4eb43b33,1732
campaign_sends/year=2023/month=10/day=25/campaign_sends_20231025.csv,349967,08197b0ef751adf11fae6d79094faffc6926b68fed464f775409467aa8797721,1859
campaign_sends/year=2023/month=10/day=26/campaign_sends_20231026.csv,373976,00247f75c20e63f22d1371312d05fb095a585f0e326ec262b3b79f2333844ac7,1989
campaign_sends/year=2023/month=10/day=27/campaign_sends_20231027.csv,334270,677e9f7077863c27766aead1579772020dc4c53ebff53aadaf56ddfe744390d1,1753
campaign_sends/year=2023/month=10/day=28/campaign_sends_20231028.csv,239485,94859f81eb466b27ff402fbd6ca9a63691fb3f834ba0b24fb0b4aa0539ee3e99,1255
campaign_sends/year=2023/month=10/day=29/campaign_sends_20231029.csv,188387,8f4d653bc806f96d13151e3824c27f6c6cc5dcc4a6d812b28026c8d95ccfc212,985
campaign_sends/year=2023/month=10/day=30/campaign_sends_20231030.csv,314534,81f4e9d04dae6b026e032ae77ce532659d9d5f02dc840a1fe1c1ac17fb6671ae,1644
campaign_sends/year=2023/month=10/day=31/campaign_sends_20231031.csv,284041,ad49753542d4f5b50b51844bafcb117ad33370fb725a73ca00f22e568fd7e1ae,1474
campaign_sends/year=2023/month=11/day=01/campaign_sends_20231101.csv,387339,94d55af0ce99ee76ad68c0d2c7b00763a25acf178f79533a3cb694e3387285a1,2044
campaign_sends/year=2023/month=11/day=02/campaign_sends_20231102.csv,344751,490f888031a79c6af8bcb0a17135cef72251970bf14a8d562b720a047bb2bf14,1822
campaign_sends/year=2023/month=11/day=03/campaign_sends_20231103.csv,377052,d06dca4a99d6269866a00e3d32f01c239a75dc90db9bad492c426a1f068c1773,1994
campaign_sends/year=2023/month=11/day=04/campaign_sends_20231104.csv,221189,06c9faaf10943f9b1d98fc172ec4b5045a188f4053bf0a880a66f210eaaee59f,1168
campaign_sends/year=2023/month=11/day=05/campaign_sends_20231105.csv,243335,5ed5f68e59bad9e9c4655c5d0e761d9da130d1eb4748ad426ee7e3421a8d329a,1284
campaign_sends/year=2023/month=11/day=06/campaign_sends_20231106.csv,317811,bfc67206e4a493d5b36c4177c331c8511fbc8f893e2231aa8f503a55f09d2c1f,1656
campaign_sends/year=2023/month=11/day=07/campaign_sends_20231107.csv,323262,68adb6f8de9acc003920aceadc57aa9cbf56ce84ce8e89ea00daf036f923a7c9,1694
campaign_sends/year=2023/month=11/day=08/campaign_sends_20231108.csv,303325,3502098efe5171646ef72291c8f4536a4333e4f4bf8e6c6eb67a3e64a37ca2d3,1544
campaign_sends/year=2023/month=11/day=09/campaign_sends_20231109.csv,334281,e56cccc1fbcb592439c3babca7e7bcd7d37158053b69d6981274ff9dd947497f,1718
campaign_sends/year=2023/month=11/day=10/campaign_sends_20231110.csv,401126,20d31b25a5141f027f8f8bbfa4096508367117bd2d812e7b2a27d6c44a4591d0,2047
campaign_sends/year=2023/month=11/day=11/campaign_sends_20231111.csv,205318,802d39d05d28d3fbbb1983d6f8d35ca752ef05b7a8d8eeaefbf0d53a10946da4,1034
campaign_sends/year=2023/month=11/day=12/campaign_sends_20231112.csv,243510,a3fcb61342efbc7547ca1d57c068a83c51c3de2635e547ab4571374ff04d98b8,1231
campaign_sends/year=2023/month=11/day=13/campaign_sends_20231113.csv,324396,7448c85072fc386320aa04abb1068cceb256af837d1ecc83669042ec7ac6e95f,1642
campaign_sends/year=2023/month=11/day=14/campaign_sends_20231114.csv,352728,33011a4147111a653881d5a7197bf41f00cc773de4e4abefd85cf709545b8411,1796
campaign_sends/year=2023/month=11/day=15/campaign_sends_20231115.csv,366854,ccd1aa41150599655b15c5054e0e8c924b09367d85b8af4da296721c51ce3c14,1854
campaign_sends/year=2023/month=11/day=16/campaign_sends_20231116.csv,313905,acd842a0ff22006249a35deb35540f67b76c477c1eeab457fd0795b5347b13fd,1580
campaign_sends/year=2023/month=11/day=17/campaign_sends_20231117.csv,362837,2117f17dae5ed4c8aa3609c1b3fa21ee5f35e3747794e639c544d1bc48cce3c9,1834
campaign_sends/year=2023/month=11/day=18/campaign_sends_20231118.csv,252952,95cb9544f0b8b7444b32b13eba92afb81bbed308752fb5ebcc384dd96ccb423d,1283
campaign_sends/year=2023/month=11/day=19/campaign_sends_20231119.csv,251199,8f3c72237294db774399c0c3a042f50150f4baf48d51eae3e4bb53ba07278e2f,1264
campaign_sends/year=2023/month=11/day=20/campaign_sends_20231120.csv,377419,7b1d3ca998463811d90b95112bb36821539487cbf29a69ac8cdb1a9ccc94edd8,1912
campaign_sends/year=2023/month=11/day=21/campaign_sends_20231121.csv,366672,03b27cb5a7a539d6dbc77af184bf4080bc3103d41f3ff2039c30278858e59343,1839
campaign_sends/year=2023/month=11/day=22/campaign_sends_20231122.csv,409561,a3cf1ec10af1625f01ada30f584947126d9b735fd33dd4a76726ffdfc08b7acf,2062
campaign_sends/year=2023/month=11/day=23/campaign_sends_20231123.csv,324055,dec9e319bb502139af273ce1683ed045630b8ff584ee011f3b5c79310d2eeedb,1632
campaign_sends/year=2023/month=11/day=24/campaign_sends_20231124.csv,330598,a136b7ed5d5aa53cd1f42ae7cd23e10cb70ce3aafae2702a947d2a15c65dd752,1674
campaign_sends/year=2023/month=11/day=25/campaign_sends_20231125.csv,196341,af8eb843b89a68feaaaa07464de77bd4e5a259572840ed91e047d0f4e0b478b9,988
campaign_sends/year=2023/month=11/day=26/campaign_sends_20231126.csv,254275,817a4a77f80490b223124ba3fdab51a7cf8fdf3d135cb32369ccf479dcc510a8,1302
campaign_sends/year=2023/month=11/day=27/campaign_sends_20231127.csv,364091,e499957a58dab50d27a14cb242a90f70e6c02390fcee26d8b491ca0b593afc64,1875
campaign_sends/year=2023/month=11/day=28/campaign_sends_20231128.csv,386030,22408d80dcd6d7f4000aac3062658086d484f1a250826cdd8a982a770f190615,1993
campaign_sends/year=2023/month=11/day=29/campaign_sends_20231129.csv,292694,58261490f11cdcb4be0b62aa4e05dad95ded102640675e3a5eeeffe425375a7f,1514
campaign_sends/year=2023/month=11/day=30/campaign_sends_20231130.csv,366371,28e36d06ec7bc0058e5f7f129779a628bbf6fa9bfe3eb3c6aebd689132c1fd53,1898
campaign_sends/year=2023/month=12/day=01/campaign_sends_20231201.csv,398360,d12e7b653fb53b85869c90306d4e310745bb07b12f8001bb163f47e6227c3009,2137
campaign_sends/year=2023/month=12/day=02/campaign_sends_20231202.csv,218608,ba4b4264d7787ba1bcb72922eaf18485873246a9ad6c1fc99a9f92faa123df0b,1171
campaign_sends/year=2023/month=12/day=03/campaign_sends_20231203.csv,215876,08fea6cdbf6f11cd1fc0686b20878108f6c6d7d9296f3425a35029d60161fbea,1149
campaign_sends/year=2023/month=12/day=04/campaign_sends_20231204.csv,289738,23817c38f19dc51ddb822f7bddf462829afee15dee19cca1a5aba274b896ae20,1552
campaign_sends/year=2023/month=12/day=05/campaign_sends_20231205.csv,329682,ecd0a52b4cee660ebf21adeb6d8b65ccd06ba675a4a6778cfb0d89768785f70b,1769
campaign_sends/year=2023/month=12/day=06/campaign_sends_20231206.csv,386216,9860b532f0a61e55e730dd65f4c21ad12f76e3800410d0ff279e283117adbe5f,2067
campaign_sends/year=2023/month=12/day=07/campaign_sends_20231207.csv,388467,ec0407dc9f2d18b3dc9008dbdfb4eff48e8967468d2ead167d0af1822e952b00,2078
campaign_sends/year=2023/month=12/day=08/campaign_sends_20231208.csv,378936,f5a4db37bcffed5a653be44805a10ea901f32c201feaa673bf3b8e2b9d01ec32,2016
campaign_sends/year=2023/month=12/day=09/campaign_sends_20231209.csv,236983,5a032e111b64e3e4d0fef9e6f1b9adc2dc92ae56c10b2ba7e7bb35e872bf91ee,1270
campaign_sends/year=2023/month=12/day=10/campaign_sends_20231210.csv,199536,bcdc326684351ec5c3d956e15dda2ef96bad98f3a46d5ab2a39567819cb60afa,1074
campaign_sends/year=2023/month=12/day=11/campaign_sends_20231211.csv,330868,72ce28f244a4e3af9b0932f2bf1d986626216e5d779c72770be0da134cc75bf8,1736
campaign_sends/year=2023/month=12/day=12/campaign_sends_20231212.csv,402892,4183ef51097d4cfde395a0f324b66754e97f79c91189c934b125e6691a9470e7,2129
campaign_sends/year=2023/month=12/day=13/campaign_sends_20231213.csv,310618,4e3736ae67c59a2258eafeb60a9d1e2bfab954a124abf01a12a51a2dbed32ccb,1625
campaign_sends/year=2023/month=12/day=14/campaign_sends_20231214.csv,276272,14c69b40d0f093d5b2563a0ba7e929679a8e9ce123362d0c64bab21b7f878185,1460
campaign_sends/year=2023/month=12/day=15/campaign_sends_20231215.csv,280987,5b6743768b2316833104445d9d78dce328b0578a87d39fd3c41cb2b8b2d6cc0f,1475
campaign_sends/year=2023/month=12/day=16/campaign_sends_20231216.csv,194174,c5c9bac6db753102f28f00fdd485a24cf24be1a2d9744a8c58288b2e5a503d03,1019
campaign_sends/year=2023/month=12/day=17/campaign_sends_20231217.csv,219993,ff5ef0b8172aee7935473130e5e9b28124a2339da99138a051d5b90e4203dd4e,1180
campaign_sends/year=2023/month=12/day=18/campaign_sends_20231218.csv,378730,3e283fb8cb5b67bfc5a335babe5ef8affb3ec326433841b61042ae88558b914b,2019
campaign_sends/year=2023/month=12/day=19/campaign_sends_20231219.csv,336041,00354100a864a516bb895202682432aae35e64c7884a0c25ae3e1fa9a3fe62c0,1796
campaign_sends/year=2023/month=12/day=20/campaign_sends_20231220.csv,314176,33d767dbc58089098c1e39318549ba5200c433a062263c8d8259dc72de87f77c,1688
campaign_sends/year=2023/month=12/day=21/campaign_sends_20231221.csv,388835,b6be9fce59e129b20f5b110b07c36c9050946b57dc24bc78eac3191ae9d5e8d9,2081
campaign_sends/year=2023/month=12/day=22/campaign_sends_20231222.csv,314571,735d4bfb27cfcd5350f6c330af7fe33a10b277c99c0d70303eb52daeddca3c4e,1691
campaign_sends/year=2023/month=12/day=23/campaign_sends_20231223.csv,170004,57178378f6ce910c246ce6a58d3248f594c532b990d687cd038166e0bfd14126,913
campaign_sends/year=2023/month=12/day=24/campaign_sends_20231224.csv,203700,a01a0dc928b3365b3193c3dd7292115b8a4572c35a16eddee0fb492bfc157e41,1094
campaign_sends/year=2023/month=12/day=25/campaign_sends_20231225.csv,330125,de515d3ac1bc0f4a268fd51498ec70a969cdb2d0d671b6ebf97b4d93983209e8,1820
campaign_sends/year=2023/month=12/day=26/campaign_sends_20231226.csv,342177,f97b9f804c681c8b118c970d1348ddccd5c2591339a0b47206fff36350aec8ee,1884
campaign_sends/year=2023/month=12/day=27/campaign_sends_20231227.csv,336490,e4976cf16ccfc142ee961213e0203f1f35b652e8845d38dcb8df5c0cd2803410,1850
campaign_sends/year=2023/month=12/day=28/campaign_sends_20231228.csv,386865,6fb13066b3282810c2fccddcdf551fe576519218cf8c777ff443176244a06171,2135
campaign_sends/year=2023/month=12/day=29/campaign_sends_20231229.csv,318442,238b5b8b239c8fb8988a09f6d4d61275c08a2ce6ee6071e83a5dd908642df4fa,1758
campaign_sends/year=2023/month=12/day=30/campaign_sends_20231230.csv,228819,ef066d21b1e792cddb4124e55ac9e1be93c3e090c94e783bde130e7277cace8f,1308
campaign_sends/year=2023/month=12/day=31/campaign_sends_20231231.csv,227682,d3369896905c657c8a02797560e8d22bec879bab1322d64a9e9a14b74ff97dcd,1308
campaign_sends/year=2024/month=01/day=01/campaign_sends_20240101.csv,267715,74d52b4003cc5ba98d4b091d187b9898e9b51ee77f837f8727c60895e37496fd,1546
campaign_sends/year=2024/month=01/day=02/campaign_sends_20240102.csv,362309,61b59e241583b97c11795c0fbf998b96d1e9c18ac21f33f7d6bcfd920cba754d,2093
campaign_sends/year=2024/month=01/day=03/campaign_sends_20240103.csv,310093,07fce1d07b794eb92bf49161a4f4238a06431b5f23a68c41550fd67323787a2a,1782
campaign_sends/year=2024/month=01/day=04/campaign_sends_20240104.csv,361934,a6a9396ce75d75d63c5d50e63b703aa618ebe8fee9692f208eb2f8b34765c198,2079
campaign_sends/year=2024/month=01/day=05/campaign_sends_20240105.csv,333336,0890eb64f119cc242afa73f01e342f10d31f0c18370abcdc526771a1889a1f8d,1923
campaign_sends/year=2024/month=01/day=06/campaign_sends_20240106.csv,215442,c31836e22348fb65503b7fbd5111d916d12fee4a1412b61a4ca96cd77a3788e0,1240
campaign_sends/year=2024/month=01/day=07/campaign_sends_20240107.csv,195492,d9269b263af4a40371d3fb46c09786929b0714be8ff02a63b59b2de1a5bf4e6e,1115
campaign_sends/year=2024/month=01/day=08/campaign_sends_20240108.csv,267319,f608fe849a3baa3c25ce1a8759836ab6f06f41ffd81edf189be9f966f48ff5a5,1474
campaign_sends/year=2024/month=01/day=09/campaign_sends_20240109.csv,343674,741b281d02a918e360c0146b6a73e53f703df9d4ff56b6e6f86c15c6fc87e789,1914
campaign_sends/year=2024/month=01/day=10/campaign_sends_20240110.csv,332557,f199986ec9d7753a16df46f470223110bc4a61e37d071a840f0c35ffc2b5772c,1847
campaign_sends/year=2024/month=01/day=11/campaign_sends_20240111.csv,389619,af97128026e914cbaae1cfa29ef189794d10a410c1d776a28df54e9d2cca2fd8,2148
campaign_sends/year=2024/month=01/day=12/campaign_sends_20240112.csv,293043,1fd0e48931a35af5ebf4cd2caa97891a82fc8e17688b319e53f7cf6e7fc0b842,1609
campaign_sends/year=2024/month=01/day=13/campaign_sends_20240113.csv,185130,1681644e6cd5f5decfcab60ad624aa072fa6e40ce7ed302e5a0035a577b187eb,1013
campaign_sends/year=2024/month=01/day=14/campaign_sends_20240114.csv,177211,b80fa614f1338215ab9a2561c210870e5fea30e1782287797850689d58adedc5,958
campaign_sends/year=2024/month=01/day=15/campaign_sends_20240115.csv,295618,d974945492a8fcc098c57a0f6a129f6cb9338e0fc60a0f52dd3e5a418ef724d3,1601
campaign_sends/year=2024/month=01/day=16/campaign_sends_20240116.csv,377840,4975b0b12f141fe2132699d8c96a4c3a92e7e7525dd122c947eec4e127973ae8,2089
campaign_sends/year=2024/month=01/day=17/campaign_sends_20240117.csv,271546,961b4ed33f0540fe40b295f300e1d359a22cb505b97ec220df1c8749b3ca5d85,1506
campaign_sends/year=2024/month=01/day=18/campaign_sends_20240118.csv,385973,95a8e433733f7b99ef9a46d734dc563a74984625e83ebcdffee65b5371bf300a,2113
campaign_sends/year=2024/month=01/day=19/campaign_sends_20240119.csv,384393,06fdeb1e851405c4988f663bafee020b1f4a0d3929b6b8521bfbf8d360f3e459,2115
campaign_sends/year=2024/month=01/day=20/campaign_sends_20240120.csv,189670,6984b8a6ed9d0580c348c0996755a2c41b4457b8129a01e76e81839492491e6b,1046
campaign_sends/year=2024/month=01/day=21/campaign_sends_20240121.csv,179374,966764245c2bc2612f5b237cde9fafb3ba706899f29b1972b301876eff3e4bf8,991
campaign_sends/year=2024/month=01/day=22/campaign_sends_20240122.csv,375309,d7e89ca561a1a1a0e0744e803755ef805c66d35a7475b7769e7f3a28b87a43b9,2060
campaign_sends/year=2024/month=01/day=23/campaign_sends_20240123.csv,356041,800874ab606537587cdf0cfbb77e80c2f0cca3ecf6f661d0f0ac71aed88084b2,1956
campaign_sends/year=2024/month=01/day=24/campaign_sends_20240124.csv,382774,2cf1be5b60f06d88aec712b15c98a78d3330b01b5219f3d61b0bf1ab8efb8088,2104
campaign_sends/year=2024/month=01/day=25/campaign_sends_20240125.csv,310868,f553a201bbd0520501e3b0c44f226adbbc4992ed3baf6ce0ce36fe48e250e2d3,1715
campaign_sends/year=2024/month=01/day=26/campaign_sends_20240126.csv,337656,1c2c310c0899bedae991ef5c153c19427647adcf7c7482e33f01f3650b5bbbbc,1869
campaign_sends/year=2024/month=01/day=27/campaign_sends_20240127.csv,159499,215ab416b168813888cf0062df47cfc555477b597e6667180efe6231f97a24a8,877
campaign_sends/year=2024/month=01/day=28/campaign_sends_20240128.csv,161742,b2caf793b5e69d195a427a4d9cb3b326992d2c755b3348ad6aa986a6ef6884c1,885
campaign_sends/year=2024/month=01/day=29/campaign_sends_20240129.csv,323904,a4f6f934a2ba47a23d839f109de9ee6e4c1dc62ed3a698ce6a5f850efea71e03,1779
campaign_sends/year=2024/month=01/day=30/campaign_sends_20240130.csv,303492,908088c5845718cf955c019966782a90d3e21781954322dea26061e19a94ba32,1683
campaign_sends/year=2024/month=01/day=31/campaign_sends_20240131.csv,332325,e8b269080383b3ed5ad70c8dbfe1678ed5bb502009a2e32b4f6446fd4e8437aa,1796
campaign_sends/year=2024/month=02/day=01/campaign_sends_20240201.csv,363674,ca779dfe0639d8f11c40c0bc7e140ec7a32d0a3a6948e2954f434908661ec116,1956
campaign_sends/year=2024/month=02/day=02/campaign_sends_20240202.csv,383263,44f1c7da1ee1f17ef5efaf542fe0a013fc7131d4a91254ab8b06c53a206a1f4b,2039
campaign_sends/year=2024/month=02/day=03/campaign_sends_20240203.csv,193334,6cd1b6d17fcd69e8bd2fa735660e9974ea69ad8a98ffdab6fc30995c6168b1a0,1022
campaign_sends/year=2024/month=02/day=04/campaign_sends_20240204.csv,190156,8ca92b40a29ad2e21f6b7a23a6233b758380b4a3c571d33f55885793427b6345,990
campaign_sends/year=2024/month=02/day=05/campaign_sends_20240205.csv,333670,ef28de675bd7835fbf431d197c3fdb76949c1c0abb5024418528c8ddf53a8148,1750
campaign_sends/year=2024/month=02/day=06/campaign_sends_20240206.csv,383395,584fcd0a0f255c6bb79bfa97f72decf83780ad3d120d8e59c328c301396e3b9d,2030
campaign_sends/year=2024/month=02/day=07/campaign_sends_20240207.csv,302422,0a42a9e6910a9b935e8c1272fffc37666ceb044847778b8cff6daf0dbbe5167b,1582
campaign_sends/year=2024/month=02/day=08/campaign_sends_20240208.csv,400568,8044800add4cdd272c0b731a866b1c8bbbc588a5a0e37ad1fc91c684afbd467d,2116
campaign_sends/year=2024/month=02/day=09/campaign_sends_20240209.csv,396643,41e5c426df38cffbfe76dc19cb009c6d2b38e748498a7a0ff3fecb49aa83665b,2088
campaign_sends/year=2024/month=02/day=10/campaign_sends_20240210.csv,173876,4a19f2d257d735e411dd75633e66974039c7121c658a3dc8422d0e0d1ac2dfd2,917
campaign_sends/year=2024/month=02/day=11/campaign_sends_20240211.csv,242062,bf5c155c46bf4452428b55a41c077438df3ee22dae9a62abaa7dae94815f1cd6,1241
campaign_sends/year=2024/month=02/day=12/campaign_sends_20240212.csv,408904,fee71b14f76d215f5e5be597b2f8a960faf48d1adc4737f5f8dcb993021f9962,2123
campaign_sends/year=2024/month=02/day=13/campaign_sends_20240213.csv,298769,a6617200716f4768cbce6d022a248bda915fc46e9d3cfa5636e99fb9461dc123,1549
campaign_sends/year=2024/month=02/day=14/campaign_sends_20240214.csv,355432,e143c20924f8f958f90d62920a21c2898bdeff8eca5c1d472498cdab39aaf46b,1834
campaign_sends/year=2024/month=02/day=15/campaign_sends_20240215.csv,412500,6be1bbedcbddb7f2d899db6aad72b05776d8d51dd45f855bb765e2c8e74cb419,2146
campaign_sends/year=2024/month=02/day=16/campaign_sends_20240216.csv,367042,f6aec1a69a5e0115f77fc6a82e48e762c0d9c8540ed7e4797f176eecf3a88275,1905
campaign_sends/year=2024/month=02/day=17/campaign_sends_20240217.csv,172985,98f9b1589a208d221aa13af6a8d005fb1b605398e05f003090b9dd5da6d9838b,894
campaign_sends/year=2024/month=02/day=18/campaign_sends_20240218.csv,236925,3b63afaf7fd0c3fdeddc2b0bb8200da0723216e7da4d39f2a4e878f089c1a40c,1217
campaign_sends/year=2024/month=02/day=19/campaign_sends_20240219.csv,316261,6b181ecca1bcb7886360870cedea1da733dcbd362195a000a562acc4f8581f74,1625
campaign_sends/year=2024/month=02/day=20/campaign_sends_20240220.csv,376379,6388f577aae3dc686eff2f02893eb9bfd5617f66748584843450a7fd232efaf6,1932
campaign_sends/year=2024/month=02/day=21/campaign_sends_20240221.csv,374911,e4fe1a76a949f3656e4b2e81382e7215fc6d9e11b739b5abce5085d04ad2d0a8,1921
campaign_sends/year=2024/month=02/day=22/campaign_sends_20240222.csv,372192,bc60f4a1b3d79613f8f77e3b28bc1a0b8e3e6d738f930a1caa1c0186ed126b86,1930
campaign_sends/year=2024/month=02/day=23/campaign_sends_20240223.csv,344998,7d2977221cfe3508c7384a465967d7546793cff5b04fdd29d8f2421e6deb6205,1780
campaign_sends/year=2024/month=02/day=24/campaign_sends_20240224.csv,197302,23fab9315f7e6bbde067af82936d250e58fdf821553d61b2f3a994dd8123c453,1014
campaign_sends/year=2024/month=02/day=25/campaign_sends_20240225.csv,179333,5c51ff6f714eead897b816e13ce64c9d59804a064ed4d5a4bbfe6c7b8ece5782,925
campaign_sends/year=2024/month=02/day=26/campaign_sends_20240226.csv,333465,4e978f762f3187eb91b63a0e720754870451b1eb0713aa80d80513e578537c54,1718
campaign_sends/year=2024/month=02/day=27/campaign_sends_20240227.csv,288603,0064d017ec4e15e978347b75d60737b5340969bbde3d1a50cfd9c69ab6467a79,1490
campaign_sends/year=2024/month=02/day=28/campaign_sends_20240228.csv,385968,fe427920d2fce5d9d65213376dcf968fdf11762bebd75895206e44aeb5badd3a,1998
campaign_sends/year=2024/month=02/day=29/campaign_sends_20240229.csv,383544,04adf1ce140d46fbf7a95e9877750a20483fef45ef459b82494399c20a622be6,1979
campaign_sends/year=2024/month=03/day=01/campaign_sends_20240301.csv,362530,90b658e02ae6c0f1c5376dfc451193d9116ad8b56ee14c45f648261f067a7c3b,1896
campaign_sends/year=2024/month=03/day=02/campaign_sends_20240302.csv,229355,82c4ed8dc480784bdefe28fbaced9929274a9d37e0180c5ddd5d610ffff7477b,1197
campaign_sends/year=2024/month=03/day=03/campaign_sends_20240303.csv,176996,d3752607bd0a39e1622749a55996b1492c817a180662d3e6dec9d2838787cc2b,919
campaign_sends/year=2024/month=03/day=04/campaign_sends_20240304.csv,375843,20091e9fccc8c0468d922de1272bbd367761a2df49452b373e7f5dc50a89a6c7,1965
campaign_sends/year=2024/month=03/day=05/campaign_sends_20240305.csv,402830,942dee813ba9d2175d04f08e9b8ba147fc08cddf3f7af56cdd3416b34ab1dfb4,2098
campaign_sends/year=2024/month=03/day=06/campaign_sends_20240306.csv,279264,8cc2cc597507889db5a6c7277ec72be7d3c304bd76d7b7eada765830214c86c2,1461
campaign_sends/year=2024/month=03/day=07/campaign_sends_20240307.csv,349907,d28a1f53cb2af453a71f9c21c742412f495b6f3e5b8ef95cf28ecc943f25ef7f,1825
campaign_sends/year=2024/month=03/day=08/campaign_sends_20240308.csv,408914,eef99f6094d345ee64d4281df49ef845fb51c5d61e4b56f38b2e72301f28d4bf,2116
campaign_sends/year=2024/month=03/day=09/campaign_sends_20240309.csv,227805,72e5221c46ba745754712aff8052d9509ae4c176da47a2fa8e89a7a43fd6faf8,1182
campaign_sends/year=2024/month=03/day=10/campaign_sends_20240310.csv,212850,6389339f2950c161c65a95a273eddba26bd2ccff97001af4719e979dbb2b2b94,1107
campaign_sends/year=2024/month=03/day=11/campaign_sends_20240311.csv,371574,ce0b76b5b43205490897b0f75e277780ce31202cb982dcbd9456f9d099cdd99f,1923
campaign_sends/year=2024/month=03/day=12/campaign_sends_20240312.csv,310344,b4987b72d4a546effc4a7ece651b0e6a9c0090ce8e296afc5e6d79318a2ee555,1607
campaign_sends/year=2024/month=03/day=13/campaign_sends_20240313.csv,362285,48a7d3b13799f6c1ebb5e4632a43cfd538e04da235bc005d84e13ac98ca712bb,1884
campaign_sends/year=2024/month=03/day=14/campaign_sends_20240314.csv,342623,929c78c8bad96706851fb7366473a5652a530487a18b9addd28da7f402f8d88a,1785
campaign_sends/year=2024/month=03/day=15/campaign_sends_20240315.csv,316130,b4f16fb7cb2a23e43d71a55478482e7e542fd46152aa532e08c0c94bb8f94336,1636
campaign_sends/year=2024/month=03/day=16/campaign_sends_20240316.csv,231963,b0929651e1bcf453fa4d86dd2f936ab985544c9274bfe5107362afc387d9af02,1204
campaign_sends/year=2024/month=03/day=17/campaign_sends_20240317.csv,188747,8c075c41ea00ff55dc938d29280af25bcf839a2a3d8fc599130ecc6b3238bcc3,963
campaign_sends/year=2024/month=03/day=18/campaign_sends_20240318.csv,361155,240f54edb0c3b9ecbfa49c49e8855178736ed5e3c043ab3299026361e797eaf0,1838
campaign_sends/year=2024/month=03/day=19/campaign_sends_20240319.csv,324978,7ac54c3c5016e509ef6d17c27ebd8641fe79245bcc7d1e5c9d6e7f07abc691a0,1655
campaign_sends/year=2024/month=03/day=20/campaign_sends_20240320.csv,296741,73cc5ffaa1ff594f455e39dae06f3dbd2dd0dfb94ddc7d81df4d1e851b2023eb,1521
campaign_sends/year=2024/month=03/day=21/campaign_sends_20240321.csv,379934,9969756410953fb4eafd569c8d317b6dd6f9c7c344455e643c59a827e85c6105,1956
campaign_sends/year=2024/month=03/day=22/campaign_sends_20240322.csv,292254,7c0f1ed5cc91dce4572896ff81516232f6803673f72eb8d4bf6a1d66d0d35b01,1500
campaign_sends/year=2024/month=03/day=23/campaign_sends_20240323.csv,184186,aff568ff2cfcc9623c13104b55634c807eb4ece58ed324cc8135121faa264a7b,942
campaign_sends/year=2024/month=03/day=24/campaign_sends_20240324.csv,221730,d154c6210ae92bbb11ffd4260c3ba043f02b813a75f6e5cf0213686d31f3639b,1158
campaign_sends/year=2024/month=03/day=25/campaign_sends_20240325.csv,346974,3c61a77ba98caa131c76585ab7612e70f5ca394f6542d67f66a1ef07ef89d36c,1806
campaign_sends/year=2024/month=03/day=26/campaign_sends_20240326.csv,324982,bf17eea77276fb3b6ebda9b3307538ce736552cc965f901fa80dd21d04bf6fd8,1662
campaign_sends/year=2024/month=03/day=27/campaign_sends_20240327.csv,340408,02f745bf7232251d49fa45a2d9ab49e30470e23a63d175cee15a81386f080d28,1751
campaign_sends/year=2024/month=03/day=28/campaign_sends_20240328.csv,330526,f25c8b95b77d4c99e9fef729aa444850638ac96c0b47cc0fb77b4d42db9316d3,1709
campaign_sends/year=2024/month=03/day=29/campaign_sends_20240329.csv,327737,196b14f92dad94407b25306f6306d7ccf94983ddb4825efce3fb8c3664fc9479,1690
campaign_sends/year=2024/month=03/day=30/campaign_sends_20240330.csv,207368,370a8ebccf36516eccad8aa51237dfe801ac0756d4f9ddaee0975d5f42ef2d29,1069
campaign_sends/year=2024/month=03/day=31/campaign_sends_20240331.csv,181086,23ca8f4c82d4781f4c71b29088a1410f046c7541db88743ba2fc66650bb43edc,943
campaign_sends/year=2024/month=04/day=01/campaign_sends_20240401.csv,386482,235b5a20da840180b39decd01ee16578430807d03adcc52cb64c0ce490cf2ca7,1991
campaign_sends/year=2024/month=04/day=02/campaign_sends_20240402.csv,378265,d4e18604c49b42cc375c50ed00452ac82255361a973db0a448b41bdb4fedaa97,1952
campaign_sends/year=2024/month=04/day=03/campaign_sends_20240403.csv,421253,2b8748e589ff74c4a4aaeae4158845611e125731d36a0848d9fe2fb4e81d5c56,2178
campaign_sends/year=2024/month=04/day=04/campaign_sends_20240404.csv,348034,6026e1a0cfe599b8dfcecba99cb468343d69107fb30a80ea7766e2c0ad992db4,1824
campaign_sends/year=2024/month=04/day=05/campaign_sends_20240405.csv,373766,24e2f33d44c5bf8cbb8d674ce58329f5f8365775817e046c27c8daad6c44a289,1948
campaign_sends/year=2024/month=04/day=06/campaign_sends_20240406.csv,178079,11a9bace4ea4d7004c82b5529dab721365c17fc225b252ba4f5c389c90f8865b,929
campaign_sends/year=2024/month=04/day=07/campaign_sends_20240407.csv,233592,bd19789bf5abad78b38245323e2b11282e2403c18d084b7534f49d0641f74229,1224
campaign_sends/year=2024/month=04/day=08/campaign_sends_20240408.csv,307853,b51a6e30588af19441c96aa5f4bc12ad0afdf68ccd86515f932d21f5d4706a12,1600
campaign_sends/year=2024/month=04/day=09/campaign_sends_20240409.csv,290070,8142085dfc4f2ab0023e7a25e2ced22964b2125353d69c58500d257e30d5fe8c,1501
campaign_sends/year=2024/month=04/day=10/campaign_sends_20240410.csv,375504,c7c3fd71ab4119154c634a846f29270821df9282fc894cf20e5a00dca199194a,1938
campaign_sends/year=2024/month=04/day=11/campaign_sends_20240411.csv,368596,a11f7a800c4d84b850ed89c9b5a0ab6d79eb483157ddff50d8def25b8ace7bf3,1899
campaign_sends/year=2024/month=04/day=12/campaign_sends_20240412.csv,417765,ef64b263bbdd4237f5ab4596edaa971ffbc09f8db084491a4f4163801986f072,2155
campaign_sends/year=2024/month=04/day=13/campaign_sends_20240413.csv,252492,0e17f54b82a5e8a9756edec2710631a5a2c953242aee2c6f005365e10181c6b9,1302
campaign_sends/year=2024/month=04/day=14/campaign_sends_20240414.csv,213086,6b68e2bf2701ac80bc1ac1bed56d8b92367a9f516e4b7e0765ca4c0a52df6b28,1105
campaign_sends/year=2024/month=04/day=15/campaign_sends_20240415.csv,306556,1fbfe03849450c64afd3dd76bcdb4a8190c1649f26edc4481e72e7c7752ebfae,1600
campaign_sends/year=2024/month=04/day=16/campaign_sends_20240416.csv,356493,554c3b7b5a9b1d96900f7d156d424268ab6eddc37e2dceaf8aa9f5a003068977,1853
campaign_sends/year=2024/month=04/day=17/campaign_sends_20240417.csv,322686,5293665bf475b8f639b324de825fb09ad87122ac55e2ec17cde7ae589f81b36e,1698
campaign_sends/year=2024/month=04/day=18/campaign_sends_20240418.csv,328622,1ca249487ae5bc67e7ebe6cd67023c5f9b510fb820cf5f6bc92332f383eea645,1736
campaign_sends/year=2024/month=04/day=19/campaign_sends_20240419.csv,302543,332e570026e0f9d445342ebc207713f6f5e69ec33121714ae69b397bb1858b01,1583
campaign_sends/year=2024/month=04/day=20/campaign_sends_20240420.csv,224047,d498f4812867cd4718ddfc80bfcd6682eff470fdd013aa9af00fe82681958829,1177
campaign_sends/year=2024/month=04/day=21/campaign_sends_20240421.csv,243014,fa796d96a5eb5956fb29ea9680abb8e58e68a9e9fe6e0e7afa28f21eef12b740,1284
campaign_sends/year=2024/month=04/day=22/campaign_sends_20240422.csv,379422,a9f3ca3ad5e3e7e456a2117362cd5ba71b8e964b9a0574acefa34456c37597af,1996
campaign_sends/year=2024/month=04/day=23/campaign_sends_20240423.csv,352813,6595ecf97fe0cea9e4e50602f7b2506db68450535b5b93e382382803346f2123,1853
campaign_sends/year=2024/month=04/day=24/campaign_sends_20240424.csv,360452,a717576bcf844dd4039dd7d25e4bd0dd3531a53384f5c494b18f684d42443ecf,1908
campaign_sends/year=2024/month=04/day=25/campaign_sends_20240425.csv,332945,5b52ec0410239da3d5ffa52bf32782b2af696930def77570edd669baf7639a68,1753
campaign_sends/year=2024/month=04/day=26/campaign_sends_20240426.csv,301948,558639edb832bb0c851cb5e395fe7a13f3fba4b9057c3e87ad9275e6c97b903a,1591
campaign_sends/year=2024/month=04/day=27/campaign_sends_20240427.csv,200525,d6531f5a7a8a6735f00d85aa8fb1a6a919a5b125c9743f6bf5cba3226d1cf8d5,1055
campaign_sends/year=2024/month=04/day=28/campaign_sends_20240428.csv,235499,e768515261025b4d197acfcbb142fbaa5741571b0eb05558f8e0bd78583299fa,1225
campaign_sends/year=2024/month=04/day=29/campaign_sends_20240429.csv,388050,35c2d5e390e896e609e17a7120f345e0c79006ce5961a81f568cff69326498ac,2019
campaign_sends/year=2024/month=04/day=30/campaign_sends_20240430.csv,320590,77ab54f1807170060bcda073639a32a2fe3153b9404d793407b5118986a60999,1666
campaign_sends/year=2024/month=05/day=01/campaign_sends_20240501.csv,373753,76e4793d9c85dbebefb02e88660c7a539fdd18bd1a3eb19522341b8638c6020d,1943
campaign_sends/year=2024/month=05/day=02/campaign_sends_20240502.csv,350297,d45f15c3556342159adda9607f26225eff98bc91a57c60b52da435b68fb0138f,1828
campaign_sends/year=2024/month=05/day=03/campaign_sends_20240503.csv,336751,447eba48631d5e75edc2ecfbffb55082c861c20feb24760657ff5bcf4fa47f9d,1743
campaign_sends/year=2024/month=05/day=04/campaign_sends_20240504.csv,170913,47bf51fffa286c172515c0516db3afea257c6a43d1a099864005b3a7ab90e2bf,883
campaign_sends/year=2024/month=05/day=05/campaign_sends_20240505.csv,201241,7e2090585cc85548c8658fc5daff3e0042f1841cf552a250da3192ac600d6059,1041
campaign_sends/year=2024/month=05/day=06/campaign_sends_20240506.csv,378434,ccec7235236936eeab209f46f1d2ac23cb892772d26963e510b773e44e66b837,1960
campaign_sends/year=2024/month=05/day=07/campaign_sends_20240507.csv,352077,5acd4d835b5c8e6a62ea509360d1d650cd243261055b1245a7e1a19205971389,1817
campaign_sends/year=2024/month=05/day=08/campaign_sends_20240508.csv,419061,bf79c1ec36285a2d5d5f40d5d6124cf006395fb93eca42684d346101cb5d7db9,2163
campaign_sends/year=2024/month=05/day=09/campaign_sends_20240509.csv,342468,5ce36943c6d33ba5ac02cf31cbf970e8004d2b3cf57019e4d1be56935d5e0abc,1755
campaign_sends/year=2024/month=05/day=10/campaign_sends_20240510.csv,384275,dcd120fd76a005325fa44185ed6fa3f74ca0fc3221a2e2cd5f0924966249784f,1979
campaign_sends/year=2024/month=05/day=11/campaign_sends_20240511.csv,236026,6fcfa9184d739240ca9608af30d30f2d1de7489deffd62286df9b3211dc7629d,1216
campaign_sends/year=2024/month=05/day=12/campaign_sends_20240512.csv,242312,3267b028a66166fe42625c3ddf62a02aba11ef517cf042d08e96bbb0cd5f3020,1249
campaign_sends/year=2024/month=05/day=13/campaign_sends_20240513.csv,395957,69ceb2221796369617fd85b9eee92d3e5085382731166e848ac367ca1db6dcde,2028
campaign_sends/year=2024/month=05/day=14/campaign_sends_20240514.csv,385130,c409d88ee407ac772c59200fd5040e9204285b5d814572073d88fcdb00345c8d,1946
campaign_sends/year=2024/month=05/day=15/campaign_sends_20240515.csv,366220,636cf986086ebece0b285243c6e25228e12adbba07456f34f789f34375760d82,1858
campaign_sends/year=2024/month=05/day=16/campaign_sends_20240516.csv,335840,98b0df775178a69230a98bd975e7a87503f2f6c26cd5c81ad33ad3399e801a85,1701
campaign_sends/year=2024/month=05/day=17/campaign_sends_20240517.csv,375200,8ea1878136ccb5e0ee0e37eac0c4bf4eda3a185ba76d6ea8f65c5a9ef21a2fd1,1904
campaign_sends/year=2024/month=05/day=18/campaign_sends_20240518.csv,183134,f73f49ab68dac5f5b80c88533aea884304cdc0b1f39a061a0d6b951d3fd08aa8,931
campaign_sends/year=2024/month=05/day=19/campaign_sends_20240519.csv,192417,b687794d8b9bd056476a606d621ba60fb0cc6b7669b9f0fb29146e48c2ab703b,972
campaign_sends/year=2024/month=05/day=20/campaign_sends_20240520.csv,378530,92d2a7fb45b357ee6c83a2c842db58c86e85676655d05faf6f9168c42bb3ae5c,1931
campaign_sends/year=2024/month=05/day=21/campaign_sends_20240521.csv,328947,1145b43a6154f5819633c625aa1f15662c9576b0bf62ad70c1972ae57bc8256e,1686
campaign_sends/year=2024/month=05/day=22/campaign_sends_20240522.csv,409358,f37d7ea918edfaaaeaf8b6299dd9a26a902d18ee5e5c909d71afef1a74dc5181,2111
campaign_sends/year=2024/month=05/day=23/campaign_sends_20240523.csv,348285,92286e36df9492d14f700b64858517ff3947dca0134248c168d7f33f78aa5c23,1844
campaign_sends/year=2024/month=05/day=24/campaign_sends_20240524.csv,398915,5fb720979147b31d009cb104531e565ed2321612f120cf56741975e8d1a1ad99,2119
campaign_sends/year=2024/month=05/day=25/campaign_sends_20240525.csv,170809,2a576e1dc62f7b98c8f0af99396df950c3e9c30b369dbbe899a33534a3aebd12,903
campaign_sends/year=2024/month=05/day=26/campaign_sends_20240526.csv,207417,c3f99cc4f6b1b5ef458cd74de706db6f444e90c627a1e81ed019144ac694fcf9,1102
campaign_sends/year=2024/month=05/day=27/campaign_sends_20240527.csv,393675,76368520235be78b0b9545b25190baa39205d1122102fc4f0cca7553706d9059,2100
campaign_sends/year=2024/month=05/day=28/campaign_sends_20240528.csv,282502,b890ad8cfdee208bea7a412c657138c5f8daa288973cb9c83c32fcba1bc67020,1503
campaign_sends/year=2024/month=05/day=29/campaign_sends_20240529.csv,297589,7db758db8a0009a48d74dfd2a458ca77206967f5ebc745f1085a640a16e5fee0,1582
campaign_sends/year=2024/month=05/day=30/campaign_sends_20240530.csv,394616,069737c835319f23cbc01c7be41c4b5f3e2fee3ac706ded685e42c1830748e63,2131
campaign_sends/year=2024/month=05/day=31/campaign_sends_20240531.csv,330136,69f2f0a3302da559b2bebdd8819f37b05808e43bed72b2b60f02a27c337eab21,1773
campaign_sends/year=2024/month=06/day=01/campaign_sends_20240601.csv,163301,e65df16352b4f019f6ee1c199339d171f0af4782941758ad22cfce778054cdb6,883
campaign_sends/year=2024/month=06/day=02/campaign_sends_20240602.csv,232543,e29818aa5d03115c10a552f96e47bbf7de31358fd027a0ad08599b046908bd9f,1254
campaign_sends/year=2024/month=06/day=03/campaign_sends_20240603.csv,316964,8fd11b3ccfbe8a452f7014e4aa23b3a70b3e1e77e29c57d1641ad55d88e027fd,1714
campaign_sends/year=2024/month=06/day=04/campaign_sends_20240604.csv,372236,81a480aa83826849993161718a8c717dcbd8765251950a2f1b0a9d9a5a082061,2023
campaign_sends/year=2024/month=06/day=05/campaign_sends_20240605.csv,340910,91705e1afef19b1bddee13ddd36d740b79358490cbcefe97a774617b04a35dd8,1828
campaign_sends/year=2024/month=06/day=06/campaign_sends_20240606.csv,320447,104884468cfe97d458fec101b45424cf20e253a88672a0bcd8ec36ba81e35e8d,1734
campaign_sends/year=2024/month=06/day=07/campaign_sends_20240607.csv,349189,fcb8eb74bb33d8950cc385556409de34b611fc1f1905e9050d55b16e0f15d619,1897
campaign_sends/year=2024/month=06/day=08/campaign_sends_20240608.csv,240080,5750b7066a17f26d2afc9ffb1a6747b1fd9723cfc9b8764883c790872b3964dd,1293
campaign_sends/year=2024/month=06/day=09/campaign_sends_20240609.csv,176937,a4a5c2ee25622f1ff249bb6dd1721a36cd3a0a0a6f83f8dc28fbda9d2c359bcb,948
campaign_sends/year=2024/month=06/day=10/campaign_sends_20240610.csv,271600,6b2c2e9419c6f5afb684103acbedacfb8f805ff6db9fcce2bf806915198930e5,1463
campaign_sends/year=2024/month=06/day=11/campaign_sends_20240611.csv,321188,66fd446347808e7f5697378ca9b202e13f353eb11d94ca63eb8fb0f1ad312cd1,1722
campaign_sends/year=2024/month=06/day=12/campaign_sends_20240612.csv,377674,59d6406b117d8c9d722f153a93ac8591fabcf1ccc15413a97c00609f2259015c,2037
campaign_sends/year=2024/month=06/day=13/campaign_sends_20240613.csv,300329,c51915492e2f39ec2c3e75ff64b84711c167799900fb5cc3fc4d3ae11ad7fe18,1618
campaign_sends/year=2024/month=06/day=14/campaign_sends_20240614.csv,328485,6a2cf9e0def0a0e2d80f3fa8b425bb61fa213c41e360fe217b17ec4fb21d06f2,1775
campaign_sends/year=2024/month=06/day=15/campaign_sends_20240615.csv,171165,6cbc6e344ae4fa6198355861654c3170923bd227357c152b86b6532451369986,920
campaign_sends/year=2024/month=06/day=16/campaign_sends_20240616.csv,203744,d8145aaf9c585e3ff081b4d194e819d3aaf76b845eff936f9e8eeb01ff5268f6,1093
campaign_sends/year=2024/month=06/day=17/campaign_sends_20240617.csv,315068,0923bbac5b00540e24b89f9bc4b49fb1fbeca6f44d7ecf05913a9d74a6e2eb5b,1691
campaign_sends/year=2024/month=06/day=18/campaign_sends_20240618.csv,285396,4d2fb32b81f4ef5b69a7f34dc348edd1844559b543efc78322ee883c442a24cf,1532
campaign_sends/year=2024/month=06/day=19/campaign_sends_20240619.csv,314226,87ed58336db4bdf497da9c77ceac86826b0d5b56e83d2262a04c3a92e0c3319b,1678
campaign_sends/year=2024/month=06/day=20/campaign_sends_20240620.csv,339528,170e58e824e7bb0f9e6193640d4d88ed442d62026eb5b55f89a82a42aec09800,1825
campaign_sends/year=2024/month=06/day=21/campaign_sends_20240621.csv,352559,3c2e8399298fc81e41c25f071a936372d3d43be0575b2843a404d1d2e84088be,1884
campaign_sends/year=2024/month=06/day=22/campaign_sends_20240622.csv,175933,8d3447f9dfbd68504d9f90d4466b6bc5aa2e220811aaf7e9f45859c3e87f87c1,946
campaign_sends/year=2024/month=06/day=23/campaign_sends_20240623.csv,193325,fbf80a16757dea742a52451f4b97875e837c1242ca38dcc81394759442f553ef,1040
campaign_sends/year=2024/month=06/day=24/campaign_sends_20240624.csv,305219,5ba9f663375a9755bff30017e2675fbc8750a65124cd8eabbb598e176b8d1da3,1628
campaign_sends/year=2024/month=06/day=25/campaign_sends_20240625.csv,409082,6a24f88e72b3ce7fb1c61a3432159d93b5eefe1346d88bbd9689a0a51c09be69,2176
campaign_sends/year=2024/month=06/day=26/campaign_sends_20240626.csv,403048,b204e77721e642fe80a2d994ad8b42e4fa5e6324ffe26b4a53589b728ee410d0,2138
campaign_sends/year=2024/month=06/day=27/campaign_sends_20240627.csv,326886,4a0c3c70e425d07110ba18d71707d6e1c2ab0667aa8284ef93fdc8fceca65b42,1744
campaign_sends/year=2024/month=06/day=28/campaign_sends_20240628.csv,343835,806792cd73db008b6a99de2cd6d1fdab912b87fa65cced82e027fc8e8c591653,1890
campaign_sends/year=2024/month=06/day=29/campaign_sends_20240629.csv,232670,b230944960c92807e77c5417578124637065374338de65fed97def98e822cba5,1279
campaign_sends/year=2024/month=06/day=30/campaign_sends_20240630.csv,207981,baeb0eb8f1a335d92952b86c0315bdac3e8e089a7d907f0c0c66cfb9ee6cdbd0,1150
campaign_sends/year=2024/month=07/day=01/campaign_sends_20240701.csv,359908,0967cf70d7f970fbb430cdfb239672c66c76568f46d184f6f245a35ab0f488e2,1979
campaign_sends/year=2024/month=07/day=02/campaign_sends_20240702.csv,359884,b71c3f4d3701391bb3a06e489c0443b5f91abfb00df6ad6a7f4c6f95cdfee3d6,1979
campaign_sends/year=2024/month=07/day=03/campaign_sends_20240703.csv,317653,419fea8a951cb07184ca0f492216f67c2c4e0abe67c652c9d712ea5094261ff7,1745
campaign_sends/year=2024/month=07/day=04/campaign_sends_20240704.csv,354218,914e98aeb3e389889b0f0b57f5bf64daf98d9cc735df1e7670663fa3c4753243,1940
campaign_sends/year=2024/month=07/day=05/campaign_sends_20240705.csv,395047,69e4dbd611121175222aedb3536fcb3253a05a1773d929b3e679c73933ddcdfa,2172
campaign_sends/year=2024/month=07/day=06/campaign_sends_20240706.csv,213039,e2fb4ae28da88b531f511dd9bf5f1df71fba592cb17601e487ecf32961489dca,1144
campaign_sends/year=2024/month=07/day=07/campaign_sends_20240707.csv,217601,3c3d21c5c2f2abd2cc7c38df29ee7d686a7e83c134ab6d3c8443a835894568fe,1157
campaign_sends/year=2024/month=07/day=08/campaign_sends_20240708.csv,384377,0a25f4269aab3822e77960b07fb347aa56ca89108691e35656138735a66b6928,2038
campaign_sends/year=2024/month=07/day=09/campaign_sends_20240709.csv,347185,0e95315cb4fab1c2912a2a700cd5ad578121f40c978d718ef140fce2f75a9d30,1861
campaign_sends/year=2024/month=07/day=10/campaign_sends_20240710.csv,406475,28a275db02dc48e9e4d7a97fa3d98df6d1104126ded783419a8973184fc8f50a,2175
campaign_sends/year=2024/month=07/day=11/campaign_sends_20240711.csv,393779,35ef6bb4db862df0e31eea971b8ff0372af3415bec2085625cfd620228eed1cf,2110
campaign_sends/year=2024/month=07/day=12/campaign_sends_20240712.csv,408221,174763fce6acc350bc2e9cdb3e2562774f7fa95a276526cd84a1d8b4203b0ba2,2178
campaign_sends/year=2024/month=07/day=13/campaign_sends_20240713.csv,190814,c1d5f553124bfb5c1a0dad85141e08e333b8a686c99475c0ad0ef32c60a47250,1018
campaign_sends/year=2024/month=07/day=14/campaign_sends_20240714.csv,192193,6c7292c4345a399b451c74a0ff4c83d9dd8aff2f05e320358c66e01b006292a8,1026
campaign_sends/year=2024/month=07/day=15/campaign_sends_20240715.csv,298606,9dcf12525c4f88f962f21a63392efde9f4d8d019edf242b9b9bf1cccb0d8e0a7,1593
campaign_sends/year=2024/month=07/day=16/campaign_sends_20240716.csv,393528,5b67995c77367e9b71ec445ce972fe899ea8f4a0964335c0a748d79bf6085789,2071
campaign_sends/year=2024/month=07/day=17/campaign_sends_20240717.csv,351523,225cea781a8f303897811fcb98fe3e5357c9c7c7161e8f56b1d35bafb3fdccff,1846
campaign_sends/year=2024/month=07/day=18/campaign_sends_20240718.csv,306030,28c33e742d3ff615fa793d531a9591083677e748b9a12f5b9cdc4bff20e7e852,1599
campaign_sends/year=2024/month=07/day=19/campaign_sends_20240719.csv,354169,1c017d4760ab919e2e64aa40345295554ddf6c51c4f74b2b06ba26b5992d2c98,1854
campaign_sends/year=2024/month=07/day=20/campaign_sends_20240720.csv,249840,c75ee1342193d4019fa087120a4f2e59777ea664763cfc8eb730e07f30a152d6,1311
campaign_sends/year=2024/month=07/day=21/campaign_sends_20240721.csv,229687,644b2c731e9dabfa853653c2ec4dbd88ec1c0c3dd074e73668e84ac588cc6fef,1196
campaign_sends/year=2024/month=07/day=22/campaign_sends_20240722.csv,301781,b3ad8979ba6b26e34d134189dad8924b08462d92494d15830f79931358de8edd,1581
campaign_sends/year=2024/month=07/day=23/campaign_sends_20240723.csv,377739,937143b704b3cb9dddd34546e46eb913a319fcfdac42ffd959d8a2468012c66c,1980
campaign_sends/year=2024/month=07/day=24/campaign_sends_20240724.csv,341108,ae7c5265145af51207e782c7c601d3ffde79ea8198f796bd6f5b43f2b8f040f8,1773
campaign_sends/year=2024/month=07/day=25/campaign_sends_20240725.csv,333144,95f08d1ce6d854b0b219f3359609e13ea08adb204ab15f4ada89b79355924429,1739
campaign_sends/year=2024/month=07/day=26/campaign_sends_20240726.csv,317957,31a7532b54370f21efc72a611de2de15dfefe7d30837a65cc5bc793606f8abb2,1688
campaign_sends/year=2024/month=07/day=27/campaign_sends_20240727.csv,189161,d3a68f11b5a93d0543e4de1a759c5b0c649e82ad21b9afdef89e3dc2c1a41d42,1011
campaign_sends/year=2024/month=07/day=28/campaign_sends_20240728.csv,208489,c28a263ea604966142b43eefb9a946cc7212085bb7d176d1b73f3da3f6f375ca,1106
campaign_sends/year=2024/month=07/day=29/campaign_sends_20240729.csv,374813,717de3e503a270026374b3112f47ba2dc9140c62af4d5c4a7768650f7ca3cf54,1991
campaign_sends/year=2024/month=07/day=30/campaign_sends_20240730.csv,399413,6cc44327cba6457a0986ca2d974654f6dd15c6b0eff0275ba93016a6eb2367de,2123
campaign_sends/year=2024/month=07/day=31/campaign_sends_20240731.csv,300960,5b236bd7fa915ce85bc08f52d383cf32dc6a3ac2e000a08043c2dbc6df6b4889,1611
campaign_sends/year=2024/month=08/day=01/campaign_sends_20240801.csv,297238,c437ae7d71b8e9373739d88779aa7667c750e12e46c775b799d835e5ba88d76e,1609
campaign_sends/year=2024/month=08/day=02/campaign_sends_20240802.csv,290938,27e9d78d9d210933bedfb32dc6a6daf4ae5889f2a99ccf83ac3831b40d1c1aa2,1563
campaign_sends/year=2024/month=08/day=03/campaign_sends_20240803.csv,170179,de1ee897d1f626cd7e43e0d94191629f31ab90cc82e0fed7acd778543b274274,914
campaign_sends/year=2024/month=08/day=04/campaign_sends_20240804.csv,164941,60aadf5ee42c7021d73b3ac9c864446ad682053f5ec5bc3b7db6afeab5086117,892
campaign_sends/year=2024/month=08/day=05/campaign_sends_20240805.csv,300228,60fd91e47df74c74aeee947d59b62febb60dc33a6bb1985fc17bfb4b3b57eb41,1621
campaign_sends/year=2024/month=08/day=06/campaign_sends_20240806.csv,362667,2dc3737e19994afc1e7d40beae3d64869fd129bbdcadd817b1434ecdbbafde61,1964
campaign_sends/year=2024/month=08/day=07/campaign_sends_20240807.csv,291119,f39c15b5c62cc490116f3d2a4dffedc85edcee4f569131bb0cd35990998acdcf,1571
campaign_sends/year=2024/month=08/day=08/campaign_sends_20240808.csv,368709,ebeb43aef17d7720d0c71d720d3ca79dfcc7d0f67a8690d79b84849395096b62,1989
campaign_sends/year=2024/month=08/day=09/campaign_sends_20240809.csv,284689,de225872370ae6e59d1d706a43698095008c54d15fbc615491f4d015213945ed,1535
campaign_sends/year=2024/month=08/day=10/campaign_sends_20240810.csv,219822,e18355efedc19b34f33fb8fa0d4f448bba54a17ac50e37020568927587c70e46,1186
campaign_sends/year=2024/month=08/day=11/campaign_sends_20240811.csv,183214,e17e3223510a3c68f84a6c0d10c37689c4be5bc51ddc6bb07a81ed18c0801636,994
campaign_sends/year=2024/month=08/day=12/campaign_sends_20240812.csv,297521,3fc918ad1e0d29da2b0a7f40ec9be705f0cc4306a87fe713147b493e93d5d1f0,1623
campaign_sends/year=2024/month=08/day=13/campaign_sends_20240813.csv,280787,ebd5dd2068c378fd185754e4bf1a25c847d2a26234606661652f32c63d069705,1524
campaign_sends/year=2024/month=08/day=14/campaign_sends_20240814.csv,379947,d9af1dabdac45b0cd9b5d3bd0f838236f8542703711858f493dac812e74e2a45,2058
campaign_sends/year=2024/month=08/day=15/campaign_sends_20240815.csv,402125,f3fa3f4225274002da03a363db973cf6fa89e9d6505a3fab060f023cd0550ba4,2158
campaign_sends/year=2024/month=08/day=16/campaign_sends_20240816.csv,304324,1016d5b0d9601af88e0f1daad8c0793d9b5986b33a126b18d1161ff44cff1fa2,1625
campaign_sends/year=2024/month=08/day=17/campaign_sends_20240817.csv,183598,900aaa2afeee092e17d3cf2bdf3dde1c38247f4683073a8d090b5f4dec88009c,985
campaign_sends/year=2024/month=08/day=18/campaign_sends_20240818.csv,233395,2dfcbbe9b3c069dadf994ecec477f488c6d7c4f3dee84cb2da812273fedb3c91,1245
campaign_sends/year=2024/month=08/day=19/campaign_sends_20240819.csv,393621,23bb72b49945a30e1d9ce9fd3f220b1d8fd1fb10ad434393e6ad603c0e3b1c35,2141
campaign_sends/year=2024/month=08/day=20/campaign_sends_20240820.csv,340170,685c9f99092fc792c8bee638bb6e073a885240f499fd153bbd667582acfc21a4,1840
campaign_sends/year=2024/month=08/day=21/campaign_sends_20240821.csv,288096,c601b6b9358d5bf49755897db2a8dd90713c666a688d487e05365a59ff7ebb53,1570
campaign_sends/year=2024/month=08/day=22/campaign_sends_20240822.csv,314861,ff14b3b2ef648d13db7f04f5e67d722ddfcb1dfd37b27071e12b8c1965f7c065,1714
campaign_sends/year=2024/month=08/day=23/campaign_sends_20240823.csv,343757,a847e55053c003b2d3ea5f22c211e2e5a5539cdae848c48440fb05adfd7e9244,1871
campaign_sends/year=2024/month=08/day=24/campaign_sends_20240824.csv,175945,5e28ad6ed35ca17be548034f140c32af8f3037038f517543435ad90be89ba254,954
campaign_sends/year=2024/month=08/day=25/campaign_sends_20240825.csv,198694,c4cda98791b651244a359ad783c5d8756457d2d7b95f2c343b8f8fbbc74bf17b,1083
campaign_sends/year=2024/month=08/day=26/campaign_sends_20240826.csv,307692,bfa6265769411035c3690bbe9b6cc684219147c304d07ca8a86e9b6fabb3d744,1662
campaign_sends/year=2024/month=08/day=27/campaign_sends_20240827.csv,364668,47e3276126863f605267161f9e4d82192aca25082443d5ef79e04366a61a7ad7,1983
campaign_sends/year=2024/month=08/day=28/campaign_sends_20240828.csv,384286,39443d26f2e19efc01f0bd724be4a2c59a722e9ec6ae95e9fa5bd2808eed2b5f,2084
campaign_sends/year=2024/month=08/day=29/campaign_sends_20240829.csv,356901,f40575d2fda23a956b44cab79c155b720bd80307fbcdb60b6d8956f9521eb60e,1942
campaign_sends/year=2024/month=08/day=30/campaign_sends_20240830.csv,319478,c9d6cc49fddc48831c78cc9bb86dc125fb7f6e16cb0c4ee25c9ee96b2c4c4135,1728
campaign_sends/year=2024/month=08/day=31/campaign_sends_20240831.csv,184373,29738952594a6046742b85c1462bf217b5e4bed1d602a43f8253bec090c9b385,1001
campaign_sends/year=2024/month=09/day=01/campaign_sends_20240901.csv,181177,e44386c0ea174cebb649ef4d687b223e518879b7bfac2687bc5b2d9844b386b2,984
campaign_sends/year=2024/month=09/day=02/campaign_sends_20240902.csv,388665,499697fca0a52d9d016baff26a235755fdc01dac366c52dce0a7fa47c4db58dd,2108
campaign_sends/year=2024/month=09/day=03/campaign_sends_20240903.csv,279889,4657a6ee1b4f5cb8d87a00bf2f4337e79dd21a9e32a44b5a6f7eb0acbccc7fba,1527
campaign_sends/year=2024/month=09/day=04/campaign_sends_20240904.csv,308639,24722a7811b021dae40ccb18eb1cd6ef31562ebb768ca8c73a9403d86b83302e,1699
campaign_sends/year=2024/month=09/day=05/campaign_sends_20240905.csv,295072,670836f98db53a768f99e41eb0938916c01dff7eb8cc204fd74010a63dec9c3e,1621
campaign_sends/year=2024/month=09/day=06/campaign_sends_20240906.csv,361423,d2c0cd35ccbcac9d5dfc5431a925db74775355ea32ab5faa0050e27d658567ba,1987
campaign_sends/year=2024/month=09/day=07/campaign_sends_20240907.csv,182452,a5448b81f6e76a943537de554a080383cbd19624f6b39e9ee1f10b656a51611d,1003
campaign_sends/year=2024/month=09/day=08/campaign_sends_20240908.csv,233146,af60c803656a20dff2bc8d3f65c623266b43444fc7255eb5781acef1fb03085e,1249
campaign_sends/year=2024/month=09/day=09/campaign_sends_20240909.csv,399856,e137a40f12caf2a374c480c5bc66930e0658fa4a7c4e2114f486f2217e70abd0,2145
campaign_sends/year=2024/month=09/day=10/campaign_sends_20240910.csv,362256,757f4248032934d19eb9354a9a017c5da3bcb46e2d28222b740fcc335dba0fec,1941
campaign_sends/year=2024/month=09/day=11/campaign_sends_20240911.csv,336893,537ebbea0aa459ce57f4b038343040becdbd0c85333f4740677aa4f24c83f88b,1807
campaign_sends/year=2024/month=09/day=12/campaign_sends_20240912.csv,330020,1ec50df31c11d38b78db82d91339f48d06ed72ed57786a21da3b4dd6acbca9d8,1785
campaign_sends/year=2024/month=09/day=13/campaign_sends_20240913.csv,337642,7c73bfb120c9ab3cc5da06099749556e5b62d414f6e6a00cad1c9b92b282c1d8,1814
campaign_sends/year=2024/month=09/day=14/campaign_sends_20240914.csv,165829,1cf94d9b89ed00ed2f83a164da485db6e25120e649d592251b5b9e14337e0a93,892
campaign_sends/year=2024/month=09/day=15/campaign_sends_20240915.csv,219001,6172a03ce6c49eaeff4153fed9144c2db22321456fdbb417a15ecacde7ec7c6d,1183
campaign_sends/year=2024/month=09/day=16/campaign_sends_20240916.csv,367560,c0c17abf417392b0164f2a175f8b7046ca3956d9b50268706d020a2deeeb3296,1973
campaign_sends/year=2024/month=09/day=17/campaign_sends_20240917.csv,286964,7ead55e53fed691e3664d8d441b27216d55380f5d712ed35bfe71fc951ff931f,1560
campaign_sends/year=2024/month=09/day=18/campaign_sends_20240918.csv,368446,12d91b247afaac1c256c7381937d0dbede1260314e10affc00c9b08cf4123f15,1961
campaign_sends/year=2024/month=09/day=19/campaign_sends_20240919.csv,387194,3a38268a7c1206aa616088d14493a4a1691f5364352e37ac885496170e51819e,2033
campaign_sends/year=2024/month=09/day=20/campaign_sends_20240920.csv,296608,96737e2b2f132d8624d482a656a9f34f041ac5914d5a3cd0768fafc9ff78eec5,1562
campaign_sends/year=2024/month=09/day=21/campaign_sends_20240921.csv,194412,a1507dc15ce6f2d6ffa7a1405405a4944b9a7c535bcdeee3d74d4489ed0cf670,1022
campaign_sends/year=2024/month=09/day=22/campaign_sends_20240922.csv,236504,acb2e63d0cc9bbec3a73d365f32d52edcd0ae4338456d7ec092e5da80020946b,1252
campaign_sends/year=2024/month=09/day=23/campaign_sends_20240923.csv,306548,947b194d762bdc41d5145418062bdbad2dea5ae165fd18b40f85f3af5f96ac6f,1641
campaign_sends/year=2024/month=09/day=24/campaign_sends_20240924.csv,318469,4fffd9e67782cf6dcfc64772f1c082fd60df050e4c61dbb80763a2689bc06910,1712
campaign_sends/year=2024/month=09/day=25/campaign_sends_20240925.csv,325001,75f51304bef444c8f0e701c7c81fdc50dd2c257bace64234787e9520f45d0a0c,1701
campaign_sends/year=2024/month=09/day=26/campaign_sends_20240926.csv,349673,9c8a07d2ea9494ef0174be3c1ef090d7e7fda8668657c18aa57bab27d7a52289,1850
campaign_sends/year=2024/month=09/day=27/campaign_sends_20240927.csv,308308,2a6cb088096d5a96cdc8a9e558af062c6e8933fe8f0a9256965dc56052c22f5c,1638
campaign_sends/year=2024/month=09/day=28/campaign_sends_20240928.csv,242964,f408ea3207d99c093c2d329a4d1678ef10ead1976a74533edf99a27b4e2398cc,1286
campaign_sends/year=2024/month=09/day=29/campaign_sends_20240929.csv,188787,fa460aacc01c282bcd43ae86381fc9ad5177ac3fa0e4480ae093090c37b35b65,1003
campaign_sends/year=2024/month=09/day=30/campaign_sends_20240930.csv,282823,bef63266795202e1f37988f5faad4f975d4bc95c9564e606f2130dde1e2b71b2,1514
campaign_sends/year=2024/month=10/day=01/campaign_sends_20241001.csv,308461,81f10e70b01e6f0a06b97dafd55fdcc369f756659d20254ce431419c292e3e78,1655
campaign_sends/year=2024/month=10/day=02/campaign_sends_20241002.csv,359603,c3f68f4abc6ec32a876f521cb399ffef76e8b0775fcab93afaff9706c5c710ee,1944
campaign_sends/year=2024/month=10/day=03/campaign_sends_20241003.csv,307494,5e0b75d53ac533badc45a8cd1f7a76eed6f6511ec8639f703fb650a97f319071,1636
campaign_sends/year=2024/month=10/day=04/campaign_sends_20241004.csv,300852,ea0b7bc9ff182d08dab6a154ebe4a4472e4da1389b7bde1499736d12408c22c1,1620
campaign_sends/year=2024/month=10/day=05/campaign_sends_20241005.csv,212152,7802984269c17736ac4f77514b94b670ccaa346b7e7ffc2fd9906d48b403ed3c,1137
campaign_sends/year=2024/month=10/day=06/campaign_sends_20241006.csv,164696,fa558ed087d6138628298cf235434cf8e5d35a59d95eb9dda8bd7aadc2ece172,888
campaign_sends/year=2024/month=10/day=07/campaign_sends_20241007.csv,277956,86f68d6e73bd672c146b95f20beaccb100764b83c0988a48c825d5a0bacdca0d,1496
campaign_sends/year=2024/month=10/day=08/campaign_sends_20241008.csv,302763,cbd346f2997c16ac04802146a09c92af603f412d84753017a27ea56b17f1a977,1633
campaign_sends/year=2024/month=10/day=09/campaign_sends_20241009.csv,369975,0f65ff2ca032d85ce6a77cc9366a8fc0b7f926dc8bf49b2c3503f98a66fb5048,2003
campaign_sends/year=2024/month=10/day=10/campaign_sends_20241010.csv,404050,308e0235fb32f4941eb8807e3e465cf3fad846743d65085733c9cbf6ea08e609,2171
campaign_sends/year=2024/month=10/day=11/campaign_sends_20241011.csv,318141,3b758104ba40f3d1e9bab41a406fa38b70ee748e2708919e3721e945effc8fd9,1720
campaign_sends/year=2024/month=10/day=12/campaign_sends_20241012.csv,169249,ff5a27a694d160af19cf2b8329cfb81f98051fb5ef3aee9c2312b207b521eadc,921
campaign_sends/year=2024/month=10/day=13/campaign_sends_20241013.csv,217404,1b296d0f572b52ff34349d4a198df84bdc6cdc2f33585f2a44d7a32b48940014,1186
campaign_sends/year=2024/month=10/day=14/campaign_sends_20241014.csv,286430,f3db96d3fddda3503d513f89099c87619ed94107ab2be571b4a5cbe9465cc1b7,1566
campaign_sends/year=2024/month=10/day=15/campaign_sends_20241015.csv,298461,586b5a06993a0ef46b51d52b00bee1224a63b73a3cea5504a5b2cfb4cbfb5c51,1630
campaign_sends/year=2024/month=10/day=16/campaign_sends_20241016.csv,319856,0dda6a527baebfc867d0ccf7b798256ce208f1542709b33ed53cd45ba22f643e,1742
campaign_sends/year=2024/month=10/day=17/campaign_sends_20241017.csv,329802,812f75199f6a4255a0b21693d833c407365fbd0cc7582030da0c949c4dcb97d9,1817
campaign_sends/year=2024/month=10/day=18/campaign_sends_20241018.csv,362460,bfdda5160e7dce10d0459b4a234ccc5827aadeaa1f0c8a8a0d9625d2e15f6313,2004
campaign_sends/year=2024/month=10/day=19/campaign_sends_20241019.csv,231120,09b830ec8d5d386c22e577c1b2ca896ee4e0974ff59e37e7402584f09362e500,1264
campaign_sends/year=2024/month=10/day=20/campaign_sends_20241020.csv,216230,a0240b34fe579b66927409ebb78f8fb6d475c6dfabf074db14b19a07a03e6023,1197
campaign_sends/year=2024/month=10/day=21/campaign_sends_20241021.csv,364258,15ef97fcb99af12384a7cf279bfde8e3ea0102dc0728b14c26556ff30248a710,2009
campaign_sends/year=2024/month=10/day=22/campaign_sends_20241022.csv,305409,c964a0a587ad1af4c7c3a106808d8f924e3503544f23814267461f754c605df9,1677
campaign_sends/year=2024/month=10/day=23/campaign_sends_20241023.csv,284585,f25e19c88815988b9eda60977c91569e284f7829d1336d54c57d89cb5c33f8a7,1566
campaign_sends/year=2024/month=10/day=24/campaign_sends_20241024.csv,341227,26d6898e31134dc266a0a6bb042553acde44655a7b9152ccf6b35f9722439847,1874
campaign_sends/year=2024/month=10/day=25/campaign_sends_20241025.csv,360902,9e723753e66347224e0548153829a0884e3b3b95d549f7ecb45bde1bd9674f4b,1974
campaign_sends/year=2024/month=10/day=26/campaign_sends_20241026.csv,217309,17df6de4e1b2967d8438c97990c3f128791aa9c2c4f1479bc0c85caf8fa5a1f5,1194
campaign_sends/year=2024/month=10/day=27/campaign_sends_20241027.csv,224412,adce2f606675e5dbf31b75c18c0c36679e7b00526db0e64d064cbe4ea99d1881,1234
campaign_sends/year=2024/month=10/day=28/campaign_sends_20241028.csv,352150,7d88143e069fd81586d9503af9eec427d98d62e3a7e103ee35493ce1a53214aa,1931
campaign_sends/year=2024/month=10/day=29/campaign_sends_20241029.csv,375846,8d61fa7eedf7c7dc38a9fe599362c467281ee7b7dc613a34814f8108efd78909,2059
campaign_sends/year=2024/month=10/day=30/campaign_sends_20241030.csv,355144,3dc95f833d318b43662b038b12a3c6de600a0bc5bb1f3cab98dec710e42cb0c0,1950
campaign_sends/year=2024/month=10/day=31/campaign_sends_20241031.csv,279418,ede8fb9a416bc34bf8367e7a232352941353579e0b475bd9bd8358e59669ddc0,1534
campaign_sends/year=2024/month=11/day=01/campaign_sends_20241101.csv,370722,82b5003866aaab7f8af488afff7a59ab9e2941bc0b8bf978037eceff317f0be9,2043
campaign_sends/year=2024/month=11/day=02/campaign_sends_20241102.csv,163656,f14af53d247682e4a1eec057195f3a49d2b1c52698632f4f1f3f63ec1c2af137,900
campaign_sends/year=2024/month=11/day=03/campaign_sends_20241103.csv,219483,be2ae1310f57c99b756a82949c71181dfb1100b1bcde9faba09289658c2b181c,1211
campaign_sends/year=2024/month=11/day=04/campaign_sends_20241104.csv,303238,98c13de05b36d694291fbad5b4e132d79daf4727d6814cf3c314eaac63a77828,1659
campaign_sends/year=2024/month=11/day=05/campaign_sends_20241105.csv,328120,3c1fa74f11f847b04ec3c393a16ecea89a2748a4bfef99fcef9228cc4143da92,1802
campaign_sends/year=2024/month=11/day=06/campaign_sends_20241106.csv,365445,1d6f53312fbe4cc47a36d6015a30e02eecf952034d61952b27ed68d3e4c172b0,2018
campaign_sends/year=2024/month=11/day=07/campaign_sends_20241107.csv,288648,fa1d005e9d839fc950e9a2beb6e9274c1453cacaedfc5d9d7a6b3371c3af69fc,1594
campaign_sends/year=2024/month=11/day=08/campaign_sends_20241108.csv,371046,21c3f345e2ccffe57e574593957690050d8a351e51b50cefe5479c44d04a79eb,2056
campaign_sends/year=2024/month=11/day=09/campaign_sends_20241109.csv,222907,1aa52f7e29a41d8e6ee1250e9bf1ff043d8de807cb6c09e42098a6e90a0f1dda,1250
campaign_sends/year=2024/month=11/day=10/campaign_sends_20241110.csv,210817,cab5f54546acd6c6c5dd6d0cae2eac9bc966fc5715fc463ebaa600202035e335,1176
campaign_sends/year=2024/month=11/day=11/campaign_sends_20241111.csv,347487,3fb1536641da958a94bbaca1aa64f5c029f382e9ecb4b340f3cbb463aada4567,1961
campaign_sends/year=2024/month=11/day=12/campaign_sends_20241112.csv,308778,d60153e3b4f110982e7e0808e6bf434ff64e30fcadfcda2d50d198962f06f685,1761
campaign_sends/year=2024/month=11/day=13/campaign_sends_20241113.csv,340217,aab8bb7ba8554600b6d4b2bde023804a4ccd070b62078ecda1ad53889ca81dba,1944
campaign_sends/year=2024/month=11/day=14/campaign_sends_20241114.csv,366031,9ea627f2442f89c4b78440137b6ae87a237f0c91235d75960397670868a36215,2092
campaign_sends/year=2024/month=11/day=15/campaign_sends_20241115.csv,322578,a89e706657a334afe0c6bc8bdfa4fec61e77a865407af3934443dd30c167ada7,1846
campaign_sends/year=2024/month=11/day=16/campaign_sends_20241116.csv,158341,a20e7fdf1c22e683ebff92ec879ec19a6b8370002fd5feea680683266e84c1f3,903
campaign_sends/year=2024/month=11/day=17/campaign_sends_20241117.csv,161169,4004036188920ace4afbff6461f4fe1f74d19478f2c3670312ef682ceab93dfa,921
campaign_sends/year=2024/month=11/day=18/campaign_sends_20241118.csv,339268,22ca4057f738fc3fd65baf8c8a35453223dc5ad68a7e7a4beac7665cc9da06a4,1930
campaign_sends/year=2024/month=11/day=19/campaign_sends_20241119.csv,365007,21a5be8b7e4c492692753f63b7c0193eafc8dbe2d64f05c6b167ff2461c77c29,2084
campaign_sends/year=2024/month=11/day=20/campaign_sends_20241120.csv,318604,2e0f13de7384e5f6923475543246ceaf12657d91e0d288fe37b1cb589e7d98e3,1814
campaign_sends/year=2024/month=11/day=21/campaign_sends_20241121.csv,301894,a60851d555c55af81d0813eedc6b0031154d6a1a9cd5435725bda7840b07a80d,1726
campaign_sends/year=2024/month=11/day=22/campaign_sends_20241122.csv,262862,3b9c85c887bf6343cd985f44909a3ac5843bbac7bcdc4d45f08b196e95a88daa,1482
campaign_sends/year=2024/month=11/day=23/campaign_sends_20241123.csv,176122,6c624ebef5a92dbd44e30b32c6a47f48486ba94b2048b1d703c4896c4b414db8,993
campaign_sends/year=2024/month=11/day=24/campaign_sends_20241124.csv,208339,3edd423ae45b8aed30887138903caf75900261b0c855245b4a7fe60c7cbdaed2,1181
campaign_sends/year=2024/month=11/day=25/campaign_sends_20241125.csv,272647,c11402d8edbaab3e08d744d9ec343db018cadf1461b89c8aa091aa8cf4e7db98,1537
campaign_sends/year=2024/month=11/day=26/campaign_sends_20241126.csv,276970,151ea8eff5c8ae97f64d787fb7579b057d628ac0a42fb1329d3144f117358614,1560
campaign_sends/year=2024/month=11/day=27/campaign_sends_20241127.csv,305503,e26e53f6682e32023fe540fedd1c80f54fca6ba61c783b7ccead37dfa0d50482,1729
campaign_sends/year=2024/month=11/day=28/campaign_sends_20241128.csv,310567,efd8151ad99bc74a27f54389f8ae9dbd9ef8bb146de39ef64bc9e81c32a86297,1757
campaign_sends/year=2024/month=11/day=29/campaign_sends_20241129.csv,301869,96c25341c96d692dcd0d12e72a6ed72c213733b74997f85023dd89f44e543c29,1713
campaign_sends/year=2024/month=11/day=30/campaign_sends_20241130.csv,224842,49c0abef87a84e9941da15d086e8305e7c476f5f9b1e0880f58313327747b621,1278
campaign_sends/year=2024/month=12/day=01/campaign_sends_20241201.csv,206394,d215e6b2499bd087caaab2fc69f2cd8241b9b78511ee97cce670fd5713712b67,1175
campaign_sends/year=2024/month=12/day=02/campaign_sends_20241202.csv,367895,eacf42f088eaba0e60af333ab9a388e8f05a69c46ad79b94914d9499975c6e01,2108
campaign_sends/year=2024/month=12/day=03/campaign_sends_20241203.csv,365152,03d374a57897ddad44b90dd31a1c10539bfa04aa0679047b1269fe53db93df37,2086
campaign_sends/year=2024/month=12/day=04/campaign_sends_20241204.csv,280078,0fe0324c0d71ed16ad1788d030891219ed7f7772e11d39eec82afc555d9772ca,1598
campaign_sends/year=2024/month=12/day=05/campaign_sends_20241205.csv,352728,52d910a067eb042229f84939db7f4af1d4fb36b5b7252e4c76dedd2890654f56,1990
campaign_sends/year=2024/month=12/day=06/campaign_sends_20241206.csv,314575,1572ea9ccd23aba5b42da7be5272f31d621b45083c8cca04227c0224fa6de4fa,1793
campaign_sends/year=2024/month=12/day=07/campaign_sends_20241207.csv,219579,e31025ae6704da5cbf98f7a5e192fa222d56d8a41aa22ba49926759a490f309d,1234
campaign_sends/year=2024/month=12/day=08/campaign_sends_20241208.csv,176913,4723159a6884c572ed06d45829ec7935cf179c301610ebc6081e956ae9d1c669,990
campaign_sends/year=2024/month=12/day=09/campaign_sends_20241209.csv,378343,a55e0a89702fd59b466b06d5325932e98f7348e0fccab293f737acb9b9a8d67a,2087
campaign_sends/year=2024/month=12/day=10/campaign_sends_20241210.csv,309098,b1448f7abe795dad11451bce03003edb43c29cc7425660068909009799241cc1,1698
campaign_sends/year=2024/month=12/day=11/campaign_sends_20241211.csv,364968,5011a19361320aa78f283eda2ca395f0277c4b8411b8d0c420719675e4c608d7,2020
campaign_sends/year=2024/month=12/day=12/campaign_sends_20241212.csv,358793,9a7f50acfa6bb889474469eae8af8afc9aa83dca101ad19a9d0e7b10d4fe69a1,1977
campaign_sends/year=2024/month=12/day=13/campaign_sends_20241213.csv,284054,0d7e845d5b1e63b7c051552be1358eadba053d7be2cfb2bd1c8143c1681964fc,1576
campaign_sends/year=2024/month=12/day=14/campaign_sends_20241214.csv,200847,1400bffc4892e73a0a6a4ae97e8baa419be5e9372bc2d47661096a9b54394075,1107
campaign_sends/year=2024/month=12/day=15/campaign_sends_20241215.csv,188568,e1bb137de765b9bd6e97ccd63de0f46e0d9c480b49523a872e688c3224e18044,1050
campaign_sends/year=2024/month=12/day=16/campaign_sends_20241216.csv,356586,8e220338a91b7dd2de2adce8f90936052c9b5cbf974570064f9aa7c8bbb2cea5,1967
campaign_sends/year=2024/month=12/day=17/campaign_sends_20241217.csv,337027,2b144d368c7044f1ac4abf34c5f61cac160cc6233909fe6d4f8770dfb3e244a8,1865
campaign_sends/year=2024/month=12/day=18/campaign_sends_20241218.csv,303289,bc06d1cbcca7c771dec95c6bfa69b1bcdae2d244e2952427fcedd8a3dace3be8,1680
campaign_sends/year=2024/month=12/day=19/campaign_sends_20241219.csv,297669,8b9a2e4b5b09524b99129609d5d5d0e5bf9c60ed4941a904ddd1d3fa93cdacc4,1634
campaign_sends/year=2024/month=12/day=20/campaign_sends_20241220.csv,338486,ee31c5b592e5f58e7ce3486cb9de1ef1a827a2ba1c0cedb772b14ecdf7d2f552,1861
campaign_sends/year=2024/month=12/day=21/campaign_sends_20241221.csv,174234,417846f813c923be58250e9e5a1ccf540aba6ed633ad4fe4c9e47273bbc224ac,967
campaign_sends/year=2024/month=12/day=22/campaign_sends_20241222.csv,166828,b994a3859286b978ec6da881e50ff5e2884598dca0f7ca2a100c35834db72b5a,916
campaign_sends/year=2024/month=12/day=23/campaign_sends_20241223.csv,381019,abb7dc7c2e3973b2e77aa7ab99e2a8901382f5ab04089835acf1ea900986ba5b,2096
campaign_sends/year=2024/month=12/day=24/campaign_sends_20241224.csv,322667,a02a378fdd69fed7ba6a24ca8f7560e248331d5318ca17c2393ac965e167c27a,1787
campaign_sends/year=2024/month=12/day=25/campaign_sends_20241225.csv,284594,2d1bc474de9c55952665557da7847aac5bc8acefcea6cdf5f99e4e779a1358c9,1582
campaign_sends/year=2024/month=12/day=26/campaign_sends_20241226.csv,316700,b5e46a66dec003e999ad39b23aa766946877a08b02bb3c803fccc4f15f110af6,1768
campaign_sends/year=2024/month=12/day=27/campaign_sends_20241227.csv,289784,2ba1827d080a2739fe977385c294c33e4c25b9388c3040f03c0a308ac190c5d5,1613
campaign_sends/year=2024/month=12/day=28/campaign_sends_20241228.csv,195981,4633fe55a2d7796d9e8b02da1c7cd8b9cc7dbe7c2b9b9befa15a3c4898e3ffbd,1086
campaign_sends/year=2024/month=12/day=29/campaign_sends_20241229.csv,213392,b10c91eb4f32f13f253fb5e8588dc69027195672f8cbdf4599743322c5816f08,1190
campaign_sends/year=2024/month=12/day=30/campaign_sends_20241230.csv,273073,71b3558848b0dfde950120c57d9af4657cf0074f1ec2fa72668a1368a7d58c70,1527
campaign_sends/year=2024/month=12/day=31/campaign_sends_20241231.csv,287321,de617aab446aadee801f73325264353cc4c53297dc52dbc85ccd6b0dd1460c60,1593
campaign_sends/year=2025/month=01/day=01/campaign_sends_20250101.csv,314840,d8374f878e1995549931ee77dabc951e14c4b1f32f25ac10ac57f0ad1d94d82c,1766
campaign_sends/year=2025/month=01/day=02/campaign_sends_20250102.csv,286445,dc1139133e051f2779419c9f490d7801c032a414121dc4777e4e19e13b648407,1611
campaign_sends/year=2025/month=01/day=03/campaign_sends_20250103.csv,328281,8733ce59b01c2ec902ebaa7eeff8168bd0469d7392fe63154f56563529b454d8,1844
campaign_sends/year=2025/month=01/day=04/campaign_sends_20250104.csv,217909,3bac452afe17a8bcd289624ddc580a98c36e10f4cd37b6f6220ce9f38efe5cf6,1222
campaign_sends/year=2025/month=01/day=05/campaign_sends_20250105.csv,181664,2f18294e899aaf7dc000f091b33b276400d538d8215a5e8305113e0b5c87d76e,1018
campaign_sends/year=2025/month=01/day=06/campaign_sends_20250106.csv,332260,85259c3e4606f55d70a9257f63fc600653778d3c371c5267ba3d11c9aa1efecf,1870
campaign_sends/year=2025/month=01/day=07/campaign_sends_20250107.csv,297931,72e6600cbb08fee19a5240c02b2acddfddec7772975118f93eb7ce43ec368f10,1670
campaign_sends/year=2025/month=01/day=08/campaign_sends_20250108.csv,328878,8c166222e67e5cc2cf173a4bc6ed72a0a3974e4e54501183399850e2188248e8,1842
campaign_sends/year=2025/month=01/day=09/campaign_sends_20250109.csv,291952,c2ddfc1f7dc9a68578f3459fde2d1b9fa9558d020e58304238ec194419f0b88e,1631
campaign_sends/year=2025/month=01/day=10/campaign_sends_20250110.csv,299796,bc1ba71867bd000e89533b6e30b366351d86dd610ffb8e74483fbf913c356f31,1675
campaign_sends/year=2025/month=01/day=11/campaign_sends_20250111.csv,230996,db70565f34374acd9f9d5b2fbd653f465d0e96f75f8eb9249687784f12b65941,1292
campaign_sends/year=2025/month=01/day=12/campaign_sends_20250112.csv,209717,4b437df2a749c0511d32e45208a7823c2fe6d4003658032bab8a6f60203833c2,1173
campaign_sends/year=2025/month=01/day=13/campaign_sends_20250113.csv,377946,5171ecc2527a477b5c8356f8b629f7dde0f5e8e75ddedb221bf072870d1ad4b7,2048
campaign_sends/year=2025/month=01/day=14/campaign_sends_20250114.csv,364141,9f39ad0eb1ec75e6bc0b705d332c564dc20c87edf01f40e2b9c7a73d52f1fb07,1963
campaign_sends/year=2025/month=01/day=15/campaign_sends_20250115.csv,309535,d656be395ace4dbd13e71e27310e4d31f44843c64ed6219ab2492fdc52ab497c,1667
campaign_sends/year=2025/month=01/day=16/campaign_sends_20250116.csv,335467,9dd0e1469bae53638b783f4f9b876cf08cfbcb75edcb6e88c7481dd944b2c3bc,1815
campaign_sends/year=2025/month=01/day=17/campaign_sends_20250117.csv,319165,3c3035e293ec2020873580a2cbb6f476cf8540b0f74f2193bd58d15de5f20bb5,1708
campaign_sends/year=2025/month=01/day=18/campaign_sends_20250118.csv,182053,6528196c040b265756d393eaf8598af4d514552aa3a4f0e11ce3754e3a648310,998
campaign_sends/year=2025/month=01/day=19/campaign_sends_20250119.csv,239331,6f64213fc21fe3db985a8244ccfe65084091d9c8de2c209b92c1155f9f5b15b3,1311
campaign_sends/year=2025/month=01/day=20/campaign_sends_20250120.csv,335496,86605f17290ddbc66ab77944cfe01659680116f54b19d68c26ddd674ff33bde7,1843
campaign_sends/year=2025/month=01/day=21/campaign_sends_20250121.csv,268588,eaf2bacac7d8016d7ac3ced254a6b52182c8f5a50d1a539dd8054e1e99916186,1470
campaign_sends/year=2025/month=01/day=22/campaign_sends_20250122.csv,335141,0465532fdb2212e29f1c452a95742e2060fe2c10bd97e06531cee25dbcde98fa,1838
campaign_sends/year=2025/month=01/day=23/campaign_sends_20250123.csv,355654,07742bda4fd61e5bc7bbabdb577ae1f51e258aac2b2bb9adda13f96bcb85fee5,1947
campaign_sends/year=2025/month=01/day=24/campaign_sends_20250124.csv,382599,8684cbd6c877383d359310338c53f86d1d914d67a6b628a77da332daedb9769b,2091
campaign_sends/year=2025/month=01/day=25/campaign_sends_20250125.csv,168503,5cf127eda15737e08233f22ce5e24cee0aa9f6ef93bd1184a1f37eb31c37bbe9,922
campaign_sends/year=2025/month=01/day=26/campaign_sends_20250126.csv,159012,c78778b370e0888f75b23b5eb0dd8622c64581c390f767c5c476c46c5856736c,878
campaign_sends/year=2025/month=01/day=27/campaign_sends_20250127.csv,376020,f493202fbb935d4647f1379f131578baf2551f6a5afd211d050263d39cf05768,2074
campaign_sends/year=2025/month=01/day=28/campaign_sends_20250128.csv,384275,5d73da3496a710b37894ac6b5667bd3770873a556c8695b2c44bd0f0e6c58420,2117
campaign_sends/year=2025/month=01/day=29/campaign_sends_20250129.csv,307272,66e6475a76c2a82c96b0aa2b7ec8b7ee44aadbf9fb5e71fbd149e94b9957d40b,1693
campaign_sends/year=2025/month=01/day=30/campaign_sends_20250130.csv,346062,ddea346650932261d937a7cd81f9ea41d3694f3b262d8451afd2e32aa3b03c72,1907
campaign_sends/year=2025/month=01/day=31/campaign_sends_20250131.csv,319086,5d0fce851fd0c7dd4b93ee0118ac0b832bf54772c2c0e2c7ad00c7fcc47411fc,1764
campaign_sends/year=2025/month=02/day=01/campaign_sends_20250201.csv,164216,6c4d4efe556eb61b181b3a733c4aa09966dc3ef3998babe23c9f548fe14fcb92,904
campaign_sends/year=2025/month=02/day=02/campaign_sends_20250202.csv,164093,f53dcbda9829f240e7e183490e02db649144c58b4e4d76d93e218d3e4dd038df,912
campaign_sends/year=2025/month=02/day=03/campaign_sends_20250203.csv,340756,23ec3d55d070dadeeb7c8e84d7f7d0e7f9313e7556d76173d4c31786badbe94a,1872
campaign_sends/year=2025/month=02/day=04/campaign_sends_20250204.csv,310855,1a567056b40c8b576f990fe3104fb5b651ca85b3da356ec3b506015e1b423306,1736
campaign_sends/year=2025/month=02/day=05/campaign_sends_20250205.csv,336473,c96e6f8dacef70e2fb191abd166c354bb7d8e00538fde741c04d85be63beda39,1872
campaign_sends/year=2025/month=02/day=06/campaign_sends_20250206.csv,313918,95f3567e9d72079b7fd1b01ea246a82feb9040788b1301c3ad6699b30f08b3b4,1750
campaign_sends/year=2025/month=02/day=07/campaign_sends_20250207.csv,319574,9a625c855412c7fdc99742192ffd71f6c6e5d8844938687863c926ac2cf1c1e2,1797
campaign_sends/year=2025/month=02/day=08/campaign_sends_20250208.csv,224985,ad1e1d400f587e747a91dfa80b88f78258be9fbd435032aa3af2e0e5c6573022,1255
campaign_sends/year=2025/month=02/day=09/campaign_sends_20250209.csv,197887,8c2e7fcb03fbb5163e0796a1bcd8f0b456b03927a20fbf7fd2cdb04ce1719870,1113
campaign_sends/year=2025/month=02/day=10/campaign_sends_20250210.csv,362861,89e96742bb7376b8d3a36a361e3ca1372955327b4ee91477c024a5dab206b570,2060
campaign_sends/year=2025/month=02/day=11/campaign_sends_20250211.csv,324500,6e1661b86082d42a311a7d3c1752b8c6f19e9fe0a020ce3d426cfc8e2535da1e,1829
campaign_sends/year=2025/month=02/day=12/campaign_sends_20250212.csv,265937,b3b81110220dfd88a053e9d86aeeb8ac9c6261de5cd5852be67c199f8e4cfe04,1502
campaign_sends/year=2025/month=02/day=13/campaign_sends_20250213.csv,266090,b9fbcb5c9adc01f8d41ef7f95ac8ad68ae10b698bd863ef94af3f8a67bca25c9,1496
campaign_sends/year=2025/month=02/day=14/campaign_sends_20250214.csv,349245,9ceae7220603076256e208ff5bf44205375ba5b7fa11a8282c85558a52a704a3,1958
campaign_sends/year=2025/month=02/day=15/campaign_sends_20250215.csv,200793,94a2bb6240bd0b7f3399e6fdddcaedac1b46604ffb268489804b0c68852529c1,1129
campaign_sends/year=2025/month=02/day=16/campaign_sends_20250216.csv,209142,1c601174ebf51fe8da1474b37749ff8199466ef950bf0b7742e94218e54085cc,1192
campaign_sends/year=2025/month=02/day=17/campaign_sends_20250217.csv,293350,5660476e95336ac642b765fe2a2a1c1cec484602543ff24beb7d8b1b4e4db040,1672
campaign_sends/year=2025/month=02/day=18/campaign_sends_20250218.csv,292783,d8e6308bf8d2a355c6c5dab5500d53e01a2e29897c3dc193d4c8669c7a93de25,1677
campaign_sends/year=2025/month=02/day=19/campaign_sends_20250219.csv,381019,edd5449b5364910d66643d53145535f2bb22f330f3cd36439a60ecbee3d0ecce,2177
campaign_sends/year=2025/month=02/day=20/campaign_sends_20250220.csv,270907,fc8f426da2dd2acddb89412a479c7c9c562212950feeabf92632d9a9a167f511,1599
campaign_sends/year=2025/month=02/day=21/campaign_sends_20250221.csv,359634,403eed71addb2ba0bf864d59fe58638ccd331bef6118dbac6af64d9b1180a144,2114
campaign_sends/year=2025/month=02/day=22/campaign_sends_20250222.csv,199234,1928cb33c6f1cabbaa737f6e6e76b71c59db32e3f4370803e70152ce947d2900,1176
campaign_sends/year=2025/month=02/day=23/campaign_sends_20250223.csv,207041,b99e8d34a99be55757b5cd24b0981a82d3fe2f50e26e705f9538e6e129ef9a75,1225
campaign_sends/year=2025/month=02/day=24/campaign_sends_20250224.csv,358221,210fac453d47aaf73685027e8a2c8efa8aae3e8bae305c286be843765d77a77c,2040
campaign_sends/year=2025/month=02/day=25/campaign_sends_20250225.csv,264849,4a1e12efd5e74a8207568cc5fac8d4f70943875442c5ccc28c1859608dae9cec,1495
campaign_sends/year=2025/month=02/day=26/campaign_sends_20250226.csv,269597,70bf3840d70211e569827cf173094d8a18ee7824595dae11a5625578299f040d,1536
campaign_sends/year=2025/month=02/day=27/campaign_sends_20250227.csv,334882,02a70c7b5f417fdf51742ec81e95a45a8df7d68b00ae6099e80d66450149dc53,1889
campaign_sends/year=2025/month=02/day=28/campaign_sends_20250228.csv,274413,fd22f5d414a347a937bae26e34daf848b44d92915eccda3f69a40a4acff41d84,1546
campaign_sends/year=2025/month=03/day=01/campaign_sends_20250301.csv,182900,7c8052da1ab752c682b4e00203a8a530f9dbf9fa56decec28d37cb8dd80a6b37,1026
campaign_sends/year=2025/month=03/day=02/campaign_sends_20250302.csv,230105,a154cfa4cc1f3c68af4117c3d8f583bf4dcf4c579516d96d207d0d6278f56f9d,1293
campaign_sends/year=2025/month=03/day=03/campaign_sends_20250303.csv,364845,a296857a1413d1db8276ad2853b353da58a6b48ef98d87295d8072e6f7d9a02a,2047
campaign_sends/year=2025/month=03/day=04/campaign_sends_20250304.csv,329546,527ff36c9632a9c27638f1d2efefac6cc3015fcc671559aa9367c0b659dd5dee,1830
campaign_sends/year=2025/month=03/day=05/campaign_sends_20250305.csv,376130,30d023f7b552d988ed9fad081b230a8e5dfadf30bf227a87bd3c5dfc39f4e293,2082
campaign_sends/year=2025/month=03/day=06/campaign_sends_20250306.csv,381851,82738d5826a1de696c8b6e72737efff5a0dfb39572630e3c3d1ee76f7b9ec7c7,2116
campaign_sends/year=2025/month=03/day=07/campaign_sends_20250307.csv,274212,bc80b8d8cf9bf550691e8b0f199bd860151650171728e57ddf4b387866014cfe,1527
campaign_sends/year=2025/month=03/day=08/campaign_sends_20250308.csv,171060,05b015aeda7233b560db094ab823bef6bfdba94d9ef4fd8444c59cd2e19e5415,954
campaign_sends/year=2025/month=03/day=09/campaign_sends_20250309.csv,224270,e30c6581825d4fa492c10b2de946244d8e3e6081c7f1e24f53f6ec390f289d54,1239
campaign_sends/year=2025/month=03/day=10/campaign_sends_20250310.csv,303084,ee6a03664a99cf88dc8385a8645ae6daa3708209ce7271c2809dd212ae45fd9a,1679
campaign_sends/year=2025/month=03/day=11/campaign_sends_20250311.csv,302611,23de8ffaf5c63fa543d0efca7bbf770a542155dc097261edfef0e2ef5b31a848,1681
campaign_sends/year=2025/month=03/day=12/campaign_sends_20250312.csv,376587,1aa80f95f0f1ae6260bc07748c10bd5103904edae89520b3c82acedbb4336f2a,2093
campaign_sends/year=2025/month=03/day=13/campaign_sends_20250313.csv,381244,a17150f8214fa5f576ca955cad99ca189f02df9dfa689101cff6453f265a1e0d,2122
campaign_sends/year=2025/month=03/day=14/campaign_sends_20250314.csv,270853,755a1dc0f9e90037a4bef8047684d3083e9ae5667a044cce037df716ee54733e,1473
campaign_sends/year=2025/month=03/day=15/campaign_sends_20250315.csv,200322,248eef9b6ff06628ec73ddd6ef5ef7b47bfa79142d7970c31e649a7f3763d185,1092
campaign_sends/year=2025/month=03/day=16/campaign_sends_20250316.csv,212598,6a25a70742a9ad2735bec75245c020529c9bffde8b27aa901a379bc3481c969c,1158
campaign_sends/year=2025/month=03/day=17/campaign_sends_20250317.csv,289711,e004b7636547ccab5f8f48be5601e250033e4375343e0a0b014e5c82c74d30a1,1576
campaign_sends/year=2025/month=03/day=18/campaign_sends_20250318.csv,345824,7e829c5ce07c22c3aa4b21dc56108ce6473b6bc559d5e2062d327f0792a98ca4,1882
campaign_sends/year=2025/month=03/day=19/campaign_sends_20250319.csv,400923,d4b8574fda641a32c180ae6aad0e626e2919714ea42677f372520d26c59fd3fa,2146
campaign_sends/year=2025/month=03/day=20/campaign_sends_20250320.csv,295073,ec9c9439cd8971a377e5ce2c6c0243d851eb2eb63666f68af66c063e727af43c,1577
campaign_sends/year=2025/month=03/day=21/campaign_sends_20250321.csv,309193,384d00e3c947579ca1cd90d762bb43d92956412248f5b4bdc0d08dfc73b40099,1643
campaign_sends/year=2025/month=03/day=22/campaign_sends_20250322.csv,224917,66d8a9f46e57ba5671f7321652100b47d987b21e5b675d5737c202a934a47e68,1200
campaign_sends/year=2025/month=03/day=23/campaign_sends_20250323.csv,186069,c1ed9d39b8f11e37130261d224a35218286bb227f748e8ed5d8942b74c6a44ff,996
campaign_sends/year=2025/month=03/day=24/campaign_sends_20250324.csv,398638,43379717400f7f8dabd9d30ce32e2b2aef50d08b6e27619c0134b31e92bde88d,2123
campaign_sends/year=2025/month=03/day=25/campaign_sends_20250325.csv,353402,5b0bcd98180d096b1b8b58011f1c61a90c4c5f372532df96bea4609919112362,1880
campaign_sends/year=2025/month=03/day=26/campaign_sends_20250326.csv,281414,8a33f7479e4c8109d4342b92f57272e99d370d4858d1f80e67125c74a3fd281a,1529
campaign_sends/year=2025/month=03/day=27/campaign_sends_20250327.csv,304388,de06a13f7e58a61eff70cfa1273197d2b5bd31a5b58415693c4d1bef773fdea6,1652
campaign_sends/year=2025/month=03/day=28/campaign_sends_20250328.csv,285051,0145fa1f8919afc28c2bf7413b568b8c6a4e5c974674570e74f0300e8a3bbf1f,1552
campaign_sends/year=2025/month=03/day=29/campaign_sends_20250329.csv,224967,dc0336169724a0c2cc231b0cc6ba3cbd527951939638c9da834d5c5cccaf7f95,1222
campaign_sends/year=2025/month=03/day=30/campaign_sends_20250330.csv,230397,e2594304381bf9665f166584d3fb4c79959692829aeacb9a6fdef522a12402d3,1249
campaign_sends/year=2025/month=03/day=31/campaign_sends_20250331.csv,313150,f38eaccd81fef744d526ca6e2ccae32608bc8ba4fca1bb69aba9b31b5e7a4a78,1667
campaign_sends/year=2025/month=04/day=01/campaign_sends_20250401.csv,307298,ca94ac39dd2db33b6c549ea66786ec9918535f6c1529d1cc8dd7c47cbe282d29,1641
campaign_sends/year=2025/month=04/day=02/campaign_sends_20250402.csv,353062,b47fd7eb04c14d83071777e907e43fe18a4f40c06a40b4519e0719e1bf03838e,1876
campaign_sends/year=2025/month=04/day=03/campaign_sends_20250403.csv,310717,b21854c81f2018fd857c1d4ea1cbf9db966cdf62a61a450234ade358ade80d4e,1651
campaign_sends/year=2025/month=04/day=04/campaign_sends_20250404.csv,354745,dcb34ac08c65c61df619581aca5d7729eaa5df3cb29b0437c8acf90012b73699,1905
campaign_sends/year=2025/month=04/day=05/campaign_sends_20250405.csv,223020,ec0aade7100323c01e59deae164b9be13f5e2caffcf01e409cf75df380dada51,1194
campaign_sends/year=2025/month=04/day=06/campaign_sends_20250406.csv,177672,8a7ef3540c1e8937e25203ae40607dc42b65cfede8231689daca5f3a19c80e2f,948
campaign_sends/year=2025/month=04/day=07/campaign_sends_20250407.csv,377843,2d65f6ea999dab5551adfd02c228f6633374c889bcc081f22b900256665ce095,2008
campaign_sends/year=2025/month=04/day=08/campaign_sends_20250408.csv,357433,b4f63dc409ddeccb661e742fa61696099e98fb4e45fb06fbc0d3e63888e1b744,1906
campaign_sends/year=2025/month=04/day=09/campaign_sends_20250409.csv,365530,45585f0e7d0865ca44b914689b7b5bb4c3e56013ef73fb47c9254d8eae9e3d33,1942
campaign_sends/year=2025/month=04/day=10/campaign_sends_20250410.csv,389845,ff6ce528ca3c6b229e97352c3d918abe51286cd109c56bec3a19b14055b94449,2083
campaign_sends/year=2025/month=04/day=11/campaign_sends_20250411.csv,291355,9b7152b0332df6ba618b64323ca2e1f127ddb256e40033a1648deb0e87218834,1552
campaign_sends/year=2025/month=04/day=12/campaign_sends_20250412.csv,173465,aae242b31a1b7da6b75750be37ef4dd67520f5942b8ccbdbbc6e73d3e4e7a7a9,916
campaign_sends/year=2025/month=04/day=13/campaign_sends_20250413.csv,202572,f37b6cad07ff689a17033f3332dbaf62cb3c60c7fa3669c895e4f41a2480d8a1,1059
campaign_sends/year=2025/month=04/day=14/campaign_sends_20250414.csv,327135,8a2da2b195f15e1500206baa89e1dcbadb510d0da0eb2dbf871c9aa99cd49ede,1708
campaign_sends/year=2025/month=04/day=15/campaign_sends_20250415.csv,329344,c7ff293f91b068501b07234ecc232b549fd0ef14c284e528458fd485d2bc1619,1727
campaign_sends/year=2025/month=04/day=16/campaign_sends_20250416.csv,353760,cc52c0273ef7b62e463a3564ca2ae481c568e823672be67225a4399ee7a10bb7,1813
campaign_sends/year=2025/month=04/day=17/campaign_sends_20250417.csv,395087,d390b2ead76344ea1b57bd76e0b534c5d747157a9b2e5f1f60e7fb8691516123,2031
campaign_sends/year=2025/month=04/day=18/campaign_sends_20250418.csv,292196,b82d1676687968ea3734796a286305dd9bc746d90864760ad98c9c77e6144275,1540
campaign_sends/year=2025/month=04/day=19/campaign_sends_20250419.csv,169057,882c4b69bb1ad21648665dc90e62cdae0ee8750707af419b6b469f4bfb9a8f9d,888
campaign_sends/year=2025/month=04/day=20/campaign_sends_20250420.csv,214590,f6d5326a756396ac5987b83e9c1b8dcba29ea21e17eb63cee23ac560ee9093fc,1131
campaign_sends/year=2025/month=04/day=21/campaign_sends_20250421.csv,356434,c4786f9a8fce4bf80ef2888125575cebaf03693049486ca3ba9c66c2f48cf22e,1866
campaign_sends/year=2025/month=04/day=22/campaign_sends_20250422.csv,408461,6eadd9368a825fec2c3a649777a0b2506620eeb6478ec091e7e2c39d1eb4b213,2143
campaign_sends/year=2025/month=04/day=23/campaign_sends_20250423.csv,350902,f660ef2ccab6cde7c8620492c0ccf093095037d8e3fb4457c042a66eaa59dde6,1837
campaign_sends/year=2025/month=04/day=24/campaign_sends_20250424.csv,398479,4631c31332a5a4189a4c16ab6661d1d355875e44f961c8a7ece4a8cd385cbaa6,2088
campaign_sends/year=2025/month=04/day=25/campaign_sends_20250425.csv,379878,0cc97fa0db607acd547688b3d875d9622426cf5584147b4dfe0e0d6097fddd58,2000
campaign_sends/year=2025/month=04/day=26/campaign_sends_20250426.csv,223462,86dbeb9cdad2bdb9c3efcd9f2bcf7ac0222fe0305a42547fb608e4514c1d48b9,1171
campaign_sends/year=2025/month=04/day=27/campaign_sends_20250427.csv,212556,319a14b24f6ae2bcad61a607270d9a6b70c9e7802a054a68d79a5e58a67bb166,1109
campaign_sends/year=2025/month=04/day=28/campaign_sends_20250428.csv,297777,d4195be4b5c558bfa4d15385702aa1f5a83f61a6402da7d9c3b9eb4867f82b22,1544
campaign_sends/year=2025/month=04/day=29/campaign_sends_20250429.csv,414512,f072044f668a5050b955d3ae1d1e11c23f8bae877bc5ff56de64a939af41212a,2149
campaign_sends/year=2025/month=04/day=30/campaign_sends_20250430.csv,302621,f664c61787ce1f0f415a7205d02f2ad5ef7770e7b8e3ec0e2dfb0d1e8a76bf10,1568
campaign_sends/year=2025/month=05/day=01/campaign_sends_20250501.csv,313030,8c12acb44a426da4276f219d45b8edb01528d5cab89aa41e4ebfb3a9381b6660,1630
campaign_sends/year=2025/month=05/day=02/campaign_sends_20250502.csv,333648,cd334ef9ca354455d7979989bc4507f8a7af366e9c73a63dbd97fe0554ec415f,1711
campaign_sends/year=2025/month=05/day=03/campaign_sends_20250503.csv,192563,e5c089cf27eb3e5193dc4060fef69573abd04891a9207ba8ab61779135f79748,987
campaign_sends/year=2025/month=05/day=04/campaign_sends_20250504.csv,194301,af629ea3307a90afb3c65e4c08815cd1679563012a804fd862bbba8c0acdb625,992
campaign_sends/year=2025/month=05/day=05/campaign_sends_20250505.csv,370699,725b0a14adabf953d9ef8fc8e5f753ac5835014494e1d97b7d9c761d543a88ea,1903
campaign_sends/year=2025/month=05/day=06/campaign_sends_20250506.csv,301758,7dfa259bf71f21e0b4d086d1e77b7a2195506c248a21935bccea54bf66035311,1539
campaign_sends/year=2025/month=05/day=07/campaign_sends_20250507.csv,359101,291c837d92e3880ae5543541604b442b818da28630dc974160ced76d3d6a96eb,1839
campaign_sends/year=2025/month=05/day=08/campaign_sends_20250508.csv,342994,9cc66884479b1b70de204940b55224d0adf817a0a3c459fb156bf3c8bbed6864,1770
campaign_sends/year=2025/month=05/day=09/campaign_sends_20250509.csv,296047,a463464500ef68a2e8ed5e96237a29570065471f8afe31e7b3e39800905765d5,1513
campaign_sends/year=2025/month=05/day=10/campaign_sends_20250510.csv,228103,f4778d9cb68c78fd344a16f8054049e66543e439d9d17358898e6ce50eb6db28,1167
campaign_sends/year=2025/month=05/day=11/campaign_sends_20250511.csv,251426,db3a214456d37f831cd1c8d468087e80a9898b32d2ec6519d475a89ebb20b54d,1282
campaign_sends/year=2025/month=05/day=12/campaign_sends_20250512.csv,331300,0286b09d9c0ae25d7ccf48bc1e2d3c255ec2745dcf014a178b4ba885ce8e7e4f,1692
campaign_sends/year=2025/month=05/day=13/campaign_sends_20250513.csv,418744,2cef8e6c8e0c68846ef57e495e524f174fca40857f66cb91956427fb81badf35,2142
campaign_sends/year=2025/month=05/day=14/campaign_sends_20250514.csv,391255,d81ea84c6149e08ba749382471fa2874dd3323af034f55b0f831b65df736ecd6,2002
campaign_sends/year=2025/month=05/day=15/campaign_sends_20250515.csv,290404,77f889afce5547874d0869127e73c67ae2fd431916f3f894abec8607e8c14855,1495
campaign_sends/year=2025/month=05/day=16/campaign_sends_20250516.csv,294274,04fafd3a558aa25cbac4b161938fcd7e17943177fb5e41814668362665f72da3,1589
campaign_sends/year=2025/month=05/day=17/campaign_sends_20250517.csv,169043,0f4e4ccfa39c5d247b1b3f370d6c799157e693b45e89aff8c963a78a8959ad01,909
campaign_sends/year=2025/month=05/day=18/campaign_sends_20250518.csv,173007,d338e43149136976577ab9642252ebcbd92cfb0dfe76e945ea8de0e77495f06e,933
campaign_sends/year=2025/month=05/day=19/campaign_sends_20250519.csv,397247,95d3c13a5514cb81dd7cc0aa2696972452131663e078ccce22f33212ac10632a,2141
campaign_sends/year=2025/month=05/day=20/campaign_sends_20250520.csv,350897,29d5f3fac2a772965251ecdaad1a3852785d28c789fb036907568e67651a3e9f,1898
campaign_sends/year=2025/month=05/day=21/campaign_sends_20250521.csv,343218,733035d2c498e07fda8eccb05700387aa2407c93105175d4e55c8a6d254a700b,1855
campaign_sends/year=2025/month=05/day=22/campaign_sends_20250522.csv,378124,cff9d2537b2e988b64b39f2dbf9f023c756208964619b89985590d6ebaa13c59,2041
campaign_sends/year=2025/month=05/day=23/campaign_sends_20250523.csv,281718,43523ca5fb0601d428ad637191a430f88eb0f8c06e3894b62905d23280177226,1531
campaign_sends/year=2025/month=05/day=24/campaign_sends_20250524.csv,218686,a9a2f90345dd7c238311f29de694a221a17347996c68b0331c753d90dde33a54,1191
campaign_sends/year=2025/month=05/day=25/campaign_sends_20250525.csv,227592,2e65d1fff45f2bdd54211707bcaa53d03396a1e6b93f73ad6a00bd7facd59c80,1234
campaign_sends/year=2025/month=05/day=26/campaign_sends_20250526.csv,273306,dadd34dec6e5fe9d11538b4dd8a2b452e27452387999a406f3459b20c4a0209a,1476
campaign_sends/year=2025/month=05/day=27/campaign_sends_20250527.csv,285417,d4d2222753c0407fe2016bbda1dde4aa14be1b1b6b6e0ad34205d9a3b0d4270b,1542
campaign_sends/year=2025/month=05/day=28/campaign_sends_20250528.csv,395323,3b8d9bb628d036a8b8684c9e21266e5342db100bf91e11637c723483dcea7800,2141
campaign_sends/year=2025/month=05/day=29/campaign_sends_20250529.csv,300021,bedb10c080a093d86276746aa43e1942329915c1b1f713f0f527a55ad52db2fa,1631
campaign_sends/year=2025/month=05/day=30/campaign_sends_20250530.csv,379896,6f0a418519a750e9a0d6f702312788765d09216414b1a1bdbd70b4457e0fca85,2074
campaign_sends/year=2025/month=05/day=31/campaign_sends_20250531.csv,162113,5e78162704b465ff616547269e1f5d5f39bb76943d991feacfd4e1059f77432f,885
campaign_sends/year=2025/month=06/day=01/campaign_sends_20250601.csv,221636,7da6c55f0ea2240cadf67655d7861d5cba3b251ad26531421bd656f780959f93,1206
campaign_sends/year=2025/month=06/day=02/campaign_sends_20250602.csv,363286,b890a5847ad3beeb2f1a6efe17d25d17644424ca6f08c8ef7be15101389755df,1985
campaign_sends/year=2025/month=06/day=03/campaign_sends_20250603.csv,380425,cb540b44023e944a567f720eeb9d45d429fe562a146688f190d0c008a8c8759c,2067
campaign_sends/year=2025/month=06/day=04/campaign_sends_20250604.csv,401753,a7820bd178db850349ed1011c668ef5ec50869e77e35013387a38bd15bd1209c,2179
campaign_sends/year=2025/month=06/day=05/campaign_sends_20250605.csv,387205,f74ec916a6218ca7ed4850e5c032ff2bd9de19943a609de4262b8f81b63576c2,2035
campaign_sends/year=2025/month=06/day=06/campaign_sends_20250606.csv,301741,5c4a495430250c21cbe042d560e8a7e9ce86413c7cdec6ed272f217656312a2b,1683
campaign_sends/year=2025/month=06/day=07/campaign_sends_20250607.csv,201338,28869e84e98ac3678fb2c2762f022117ec9a7b2070617b0f96f4cdb9391ac19a,1108
campaign_sends/year=2025/month=06/day=08/campaign_sends_20250608.csv,170088,af892fdbd615abf957e8c797f0a41f68bf1fe1bcbea43a2c77485bc54906a90a,940
campaign_sends/year=2025/month=06/day=09/campaign_sends_20250609.csv,380380,3d6e9efb9fac93c1e3db94250f5dcaaf4f78372b127c8b5ad2a7e6bb0086b832,2111
campaign_sends/year=2025/month=06/day=10/campaign_sends_20250610.csv,284603,8a902a62480d1a36f40591f699b4a5ce1e8dc60de26acc07cbd7c0886d566436,1565
campaign_sends/year=2025/month=06/day=11/campaign_sends_20250611.csv,267936,f97eab46c7dd0d3ae85265f10f49b0420ec38856109cf031ae2bf5cc25c28bb2,1472
campaign_sends/year=2025/month=06/day=12/campaign_sends_20250612.csv,338138,3bf8c74443ab4162e626f0075257082a419a73817ca0bd18b66d7568f958bbae,1864
campaign_sends/year=2025/month=06/day=13/campaign_sends_20250613.csv,328042,bbc199ae13dc9c0607b241eea2933f527fe9adec6ad957303de21c5b62fc2b15,1804
campaign_sends/year=2025/month=06/day=14/campaign_sends_20250614.csv,178187,89953dd6d9bbf27c4b3bf6fdad154b2df41cb952b9d362a5c7dd414787006514,985
campaign_sends/year=2025/month=06/day=15/campaign_sends_20250615.csv,190624,20d8c5d483dc347783d5bb8a745e66015c6c2f98f17675a139da1022b407041e,1056
campaign_sends/year=2025/month=06/day=16/campaign_sends_20250616.csv,269864,4a8fde8b3604361ecacec9cb953ad90b35b5d354c359cd60724495ad50661613,1485
campaign_sends/year=2025/month=06/day=17/campaign_sends_20250617.csv,322802,01ff1e581655952f4cc63454b32de1eabd949a9fc1ab9246d2487f174e770702,1784
campaign_sends/year=2025/month=06/day=18/campaign_sends_20250618.csv,320761,76caf5e06ac85fb18587f493be19d986a8ecafd7d18a7ede1706b317977b08ac,1768
campaign_sends/year=2025/month=06/day=19/campaign_sends_20250619.csv,312500,dd11b7c75bc71071a910a368bbf3e992789757bf99b8bca238c330b4dac80d17,1723
campaign_sends/year=2025/month=06/day=20/campaign_sends_20250620.csv,370449,47c2f522664a30d1eab66114810dcbb4e93937de27e2e80f2cec02acbaf2e3c4,2045
campaign_sends/year=2025/month=06/day=21/campaign_sends_20250621.csv,164695,ab7da0cbcb1bba10c9f78552fc56983422966020cb7a4e2ac5f5730fb6f046c7,903
campaign_sends/year=2025/month=06/day=22/campaign_sends_20250622.csv,181931,60e94fae39021e78debd2d0ccf3e483c4f90b8c598626199a05c18b319510cf4,1000
campaign_sends/year=2025/month=06/day=23/campaign_sends_20250623.csv,365893,857b7b055cb81eb104d4b5b544db7eed0152b1f4fa3a34fd1df14515f2f51bf2,2068
campaign_sends/year=2025/month=06/day=24/campaign_sends_20250624.csv,343153,54f013df8113a60a305c31a21d888cc3cc922ebda93a0bf77845831dea962bea,1936
campaign_sends/year=2025/month=06/day=25/campaign_sends_20250625.csv,346741,52a181b7a646fbf4de2e5778a5a921972fb7abf4877245b49e0c38978bb30811,1953
campaign_sends/year=2025/month=06/day=26/campaign_sends_20250626.csv,269709,d5424933cde94c764a585416cfbe68c40604d3b031a6c782e22c65dc96cf1572,1518
campaign_sends/year=2025/month=06/day=27/campaign_sends_20250627.csv,287560,f4ad2f75b2ec6d3e5b8c98429c61cb05ba714dcd35cc1ff75bac64354437ed98,1616
campaign_sends/year=2025/month=06/day=28/campaign_sends_20250628.csv,232410,7ac9ab729906e6d03a698d85b85f1961904db6b388db143625850357d9c0bcc1,1262
campaign_sends/year=2025/month=06/day=29/campaign_sends_20250629.csv,222846,01d96dd104bca9a4e4addc86e216ba7ccb0ed6d6bea289404f97fa388f5e724e,1225
campaign_sends/year=2025/month=06/day=30/campaign_sends_20250630.csv,342333,7cee7d1b4083a53c23f27bbc54c2503db23e360f9ca747d1c62f5875e5030ea7,1871
campaign_sends/year=2025/month=07/day=01/campaign_sends_20250701.csv,317587,8de03e45eb07101753313b09be2a951b98033209f93986f241d48e9417d31d28,1753
campaign_sends/year=2025/month=07/day=02/campaign_sends_20250702.csv,378688,bb41b28bf8c901110f73c541eb4860d20aea3a5aea4c78af228d14a8aed93025,2070
campaign_sends/year=2025/month=07/day=03/campaign_sends_20250703.csv,283983,c992ed90a5efb7007d053f00bc64e51b650600a1a8be27435bf1c8d496e06dfe,1558
campaign_sends/year=2025/month=07/day=04/campaign_sends_20250704.csv,395704,b69f3b85748b34b9ec74ce5211de24452923daf332cf12a0432257e27661a691,2155
campaign_sends/year=2025/month=07/day=05/campaign_sends_20250705.csv,176220,101fa9fdbfaf45e00dd723a29cf06e6553874a88c94d6d5e8c5fd7abe828796f,956
campaign_sends/year=2025/month=07/day=06/campaign_sends_20250706.csv,171218,62f87a63b1e21a0deb8a400940a625477a5114cbc50febb52ff1c87c00de41c8,932
campaign_sends/year=2025/month=07/day=07/campaign_sends_20250707.csv,328224,3a0d37592ac31e2ecdc27358bc9107d01b79581908a15239310f288c759473f9,1792
campaign_sends/year=2025/month=07/day=08/campaign_sends_20250708.csv,406533,54c01e91cad0047da85b74b8cd6252638c8794cec371c74781b5ef66225094c7,2164
campaign_sends/year=2025/month=07/day=09/campaign_sends_20250709.csv,290326,94b05a81da18a6bc9b05758835151ebbac16cc14558945f1f75a96d5eabbc11b,1555
campaign_sends/year=2025/month=07/day=10/campaign_sends_20250710.csv,307458,caff7ba6f19a56bdcc03dcd4f75f9bc37852c24320b0ab6035a1ca2673a72fa3,1642
campaign_sends/year=2025/month=07/day=11/campaign_sends_20250711.csv,320868,a3a1a8f9fad3153fb44fce99c3dae78bfecffcaf00484a3543664d397ddc80c6,1715
campaign_sends/year=2025/month=07/day=12/campaign_sends_20250712.csv,203084,1295acf2d4e6c26329b4035ecc7aaa26914f74c703c7f0e514848888b9576eef,1077
campaign_sends/year=2025/month=07/day=13/campaign_sends_20250713.csv,199031,a1adc2cdc24b433ae855e6d0a5f67d16950853e14dddd685829e905f5b729744,1050
campaign_sends/year=2025/month=07/day=14/campaign_sends_20250714.csv,348831,51aa516f2f17048659650b29b4aa4ba9257cba68db0095cd6ade70b608bf1238,1854
campaign_sends/year=2025/month=07/day=15/campaign_sends_20250715.csv,379896,91d5518d30a84251bffe823dce7804abb4cc45ff835a943f5b9c347f53321e46,2003
campaign_sends/year=2025/month=07/day=16/campaign_sends_20250716.csv,355587,ffa07234b20a0677e549a3c09b571015eebad12ef6d59bb66e79792cd0719017,1873
campaign_sends/year=2025/month=07/day=17/campaign_sends_20250717.csv,351120,8004e3d8ccefd543c2d1a9d2f5894919602721c06087781ebf5c37f812ae8576,1823
campaign_sends/year=2025/month=07/day=18/campaign_sends_20250718.csv,411767,93b42c7456d8dbe2240bf8f150695442052f51c98629c5ccacbe10068dc6e8ca,2141
campaign_sends/year=2025/month=07/day=19/campaign_sends_20250719.csv,184638,b1242aedce8a217b77db11f128a9b7f466e3d9a8b622f4f7c641798089c2307e,970
campaign_sends/year=2025/month=07/day=20/campaign_sends_20250720.csv,233573,4e0f63d0646f4d9a5701888df6d9b3ee5bee3252e29d2424c14f2c3f8c64f7d0,1218
campaign_sends/year=2025/month=07/day=21/campaign_sends_20250721.csv,283123,4b7a09382143d037e0b0b687c91d5d4317305cbcc0e520731a1103be64d7530f,1478
campaign_sends/year=2025/month=07/day=22/campaign_sends_20250722.csv,307238,c02f210e3413147171f5d84bac19481511ba47838879b62b498e5a8b06e1a5f9,1596
campaign_sends/year=2025/month=07/day=23/campaign_sends_20250723.csv,333550,1897d01bee5e7220ed665b36fd58e35201ae31767aff02c3726e9f4cbaa3b14b,1728
campaign_sends/year=2025/month=07/day=24/campaign_sends_20250724.csv,271712,4c560d76932a9f0f06f99444a0edf046c50e99118c67f16eedcdb0fa0b0f0364,1468
campaign_sends/year=2025/month=07/day=25/campaign_sends_20250725.csv,289193,04c604298fd22e22a1daca24af8f8534e94f0de53f9ee701e132dece7d7f11e4,1551
campaign_sends/year=2025/month=07/day=26/campaign_sends_20250726.csv,242786,342396623ec671e4991e9f0b072e296bd9da68a65f56114564d828ab2f051303,1281
campaign_sends/year=2025/month=07/day=27/campaign_sends_20250727.csv,171390,c137e3d23a2f8b3add7a7ac921937f5267bfb1a746661cef7a4210e3110ed283,909
campaign_sends/year=2025/month=07/day=28/campaign_sends_20250728.csv,334379,a6cc540853ccf71f4f7790bedab65c6fc7ff87e9c60e6266eab15cff38d2c420,1794
campaign_sends/year=2025/month=07/day=29/campaign_sends_20250729.csv,342080,0569abe71d20ddad535f7359682e5d4a468ef0ba010947c78fb43b98001e6ddf,1816
campaign_sends/year=2025/month=07/day=30/campaign_sends_20250730.csv,396390,9af3b048ccf7f040025181911f15276c3daab2f719990075dd7d30dab33c13ca,2123
campaign_sends/year=2025/month=07/day=31/campaign_sends_20250731.csv,408469,1e080d8d112ffb64b847c636a6cea704e8d1ce989cafe4bf4584569a6d6f090e,2151
campaign_sends/year=2025/month=08/day=01/campaign_sends_20250801.csv,329308,be46454fa05cc50482ac029f4cd55cc3b9737a773038a864f9588cd3e10090d6,1731
campaign_sends/year=2025/month=08/day=02/campaign_sends_20250802.csv,163806,a2da6ef201422b558b340d1b53e8046d53b6eb8aca6e5290413fc25feefe9499,877
campaign_sends/year=2025/month=08/day=03/campaign_sends_20250803.csv,237270,fdee90db493e0c5b31f405431f49059934ac66e25e772bf2794df64dc370393e,1285
campaign_sends/year=2025/month=08/day=04/campaign_sends_20250804.csv,338642,c9ad793174a401795a02973841ab7a692b15435e31e6e5b96822808fbe0b8839,1815
campaign_sends/year=2025/month=08/day=05/campaign_sends_20250805.csv,396428,6c1118e2c70120b236674fb826af39a88535e406d261b9c6b1ab0a7d8f936a4a,2140
campaign_sends/year=2025/month=08/day=06/campaign_sends_20250806.csv,300836,25c0add4404ced93560d5973353e4188b32b87ad93ed6ba719b6f2c38bbb8d80,1623
campaign_sends/year=2025/month=08/day=07/campaign_sends_20250807.csv,395130,4f1d9ca0b8b76c16478f2331233d2389a2ebf60dce8778547bad35b340534e59,2125
campaign_sends/year=2025/month=08/day=08/campaign_sends_20250808.csv,315749,5a3e144ed5064db2413ad7fccc35c3538a88cd51a9bf5801d20bd169ef23bc19,1700
campaign_sends/year=2025/month=08/day=09/campaign_sends_20250809.csv,203032,c08146e77ae89079bbb93ba565c95cc96725d518f673ba903478a41ef0b36b8b,1092
campaign_sends/year=2025/month=08/day=10/campaign_sends_20250810.csv,216185,aeea6789228c99b675d1b7b1d9c6db731b4d3fa5956ba8d25068dd86df8097eb,1153
campaign_sends/year=2025/month=08/day=11/campaign_sends_20250811.csv,412756,1c9f7c9edad6f9f99ed8942b7712ee1d817244d74ade9c562d29776185bd5510,2184
campaign_sends/year=2025/month=08/day=12/campaign_sends_20250812.csv,313838,9f9c8bb340185fcc2ff26d402aada4001368a0a726c51d5888d665ac5c87cdcb,1663
campaign_sends/year=2025/month=08/day=13/campaign_sends_20250813.csv,361514,8ab890b8a4182a29e5679cf746d52db20ecec635af411affe086607a8a866be3,1919
campaign_sends/year=2025/month=08/day=14/campaign_sends_20250814.csv,288373,d298c6b5f7a19a8e4497fb93124c01f3709bf1ffb74d4bd4f15087ef8e7b60b8,1535
campaign_sends/year=2025/month=08/day=15/campaign_sends_20250815.csv,334470,384580dca6e3d461b5ef5a92501a13e86167ad139a777d23cd7454d5cc5eae2a,1783
campaign_sends/year=2025/month=08/day=16/campaign_sends_20250816.csv,199882,11e7c6376efcc13126469ed7a96b641c6cb7ae2cbed7dfb5b1333084817bc220,1060
campaign_sends/year=2025/month=08/day=17/campaign_sends_20250817.csv,176703,93a98907fa06c1beb1ab34eef0bd060871db19fe7ef0a4cceacf79b082066ae2,928
campaign_sends/year=2025/month=08/day=18/campaign_sends_20250818.csv,354692,3f3cb49392e6af9c46181e9fe033ff45ce61bdfe495b2ac03697c07f50c6f18b,1870
campaign_sends/year=2025/month=08/day=19/campaign_sends_20250819.csv,294441,f84894401772ba07c5492acb50410008668d9b25311be4897d0fa383ab577b2e,1557
campaign_sends/year=2025/month=08/day=20/campaign_sends_20250820.csv,416609,e65779579cae2d27884e475cb5a4e47b75233989c723e93aca33ee83747d7972,2185
campaign_sends/year=2025/month=08/day=21/campaign_sends_20250821.csv,357330,7f9ad8cfe88ef726d173d2492f05ac533bee44c31157f0a15f32f95c8aeeb88d,1880
campaign_sends/year=2025/month=08/day=22/campaign_sends_20250822.csv,372894,6f25ce30d2e4929fec7a7fc940a2ad426915a820ad7664dab9145f930e2a65f2,1986
campaign_sends/year=2025/month=08/day=23/campaign_sends_20250823.csv,214386,90f780d4a82aa6b03a5d3bf00fa4eccd733fe8fb7dc4322a1aac26acf2c68a64,1141
campaign_sends/year=2025/month=08/day=24/campaign_sends_20250824.csv,231451,fd0428957c7b542d4afb11f56f01da1461bb8a5efc31042f1fb339a3a9841a16,1229
campaign_sends/year=2025/month=08/day=25/campaign_sends_20250825.csv,348978,f0c97887209e693caed694f91fea4a0157fcf904cfbdceb2eb8f60e5a94b70ac,1850
campaign_sends/year=2025/month=08/day=26/campaign_sends_20250826.csv,280914,5744ab09a96ea6c297fdde3e4d56fcba66a5a2c10d2aea908f7420ed3e7f2e2e,1472
campaign_sends/year=2025/month=08/day=27/campaign_sends_20250827.csv,392506,21612acc03490cad5e33d0e6ac447a6d04ab422051754e28feae9647fbace785,2049
campaign_sends/year=2025/month=08/day=28/campaign_sends_20250828.csv,369905,d84641d001f020fec755d07bf6f4db98590d6367d3ea78e09f2fe171ff597abf,1938
campaign_sends/year=2025/month=08/day=29/campaign_sends_20250829.csv,346374,5e5a2fb188accde1866d8d03407f3609649997d883f7559ab46cf2bbd8dd8efb,1836
campaign_sends/year=2025/month=08/day=30/campaign_sends_20250830.csv,182821,a58c170b47aa3d36fdfefb24a54ab5c9fcee4620d9490e0845c355e21f2232e6,971
campaign_sends/year=2025/month=08/day=31/campaign_sends_20250831.csv,204378,4dbee63010dd5ebc0d2fa399de1a99e441c8e67feed00d66c77091aa4456a76d,1083
campaign_sends/year=2025/month=09/day=01/campaign_sends_20250901.csv,408456,dfcea1c64bdae706c94f71a28d4b04420952ded371b93d79a3f3315984da782f,2171
campaign_sends/year=2025/month=09/day=02/campaign_sends_20250902.csv,357580,3dfa85eecac74e3be4808910cb8f3e2fde7a9b5493f0b1380e9039c6bea17bcf,1927
campaign_sends/year=2025/month=09/day=03/campaign_sends_20250903.csv,272250,3108f6a433fee56f57f20dee75db70a73d51650ab20b41b11cadfdaff671f4fe,1462
campaign_sends/year=2025/month=09/day=04/campaign_sends_20250904.csv,321617,74f1ef43f13aefeb5446a8311eaea6cd51b87c943cba55391bb1e2961f69a91c,1731
campaign_sends/year=2025/month=09/day=05/campaign_sends_20250905.csv,302705,f2766ce4cc8d72077fdb0eb001129365cad221f1b0bf6b4a7967b2ce4b11fff0,1633
campaign_sends/year=2025/month=09/day=06/campaign_sends_20250906.csv,191759,5a912e774cec8840a110cc4068219388479cdfd506cbecf027f8e446457cbf30,1038
campaign_sends/year=2025/month=09/day=07/campaign_sends_20250907.csv,226902,52d3ec084cb1a64a0ae84db816d22d84e92d108d045b1d9173613731e42b0d26,1201
campaign_sends/year=2025/month=09/day=08/campaign_sends_20250908.csv,344276,9297833694a6b32a77ff6f249b52eb72ade14f4d7b0ec8665d8d2c4571017a34,1831
campaign_sends/year=2025/month=09/day=09/campaign_sends_20250909.csv,337880,e547ca2af6848895013aa4f94c45b0b6b1a73d2295b384342c491c9594b1b66e,1792
campaign_sends/year=2025/month=09/day=10/campaign_sends_20250910.csv,402335,c70af74e8c700fb105fcefd99fabedbb8aae42218f097a6e23e24e314a01be6b,2102
campaign_sends/year=2025/month=09/day=11/campaign_sends_20250911.csv,398656,622c7815e04a887aca9ad50428db1e07fa4bb33d64bdf5cbfce7920086c2d48d,2077
campaign_sends/year=2025/month=09/day=12/campaign_sends_20250912.csv,316816,59d9e2e879f3db4a000326269dc1b3a8c7b3fccc3b078de76dc56fecb16638ab,1663
campaign_sends/year=2025/month=09/day=13/campaign_sends_20250913.csv,193486,88948c3e4879d905eb4c93c5c69d7ac184c7c066f69d7fe3c4cf23c740b1fadd,1015
campaign_sends/year=2025/month=09/day=14/campaign_sends_20250914.csv,238459,fa27e93fee1273de22ff465a237cfe88c78a5dee570bd7262c33b59d39fa6c29,1241
campaign_sends/year=2025/month=09/day=15/campaign_sends_20250915.csv,292889,fb80eea55dcb4be2a871c1052af5d464e15bfd28e57af6cbe4c6d1fb3ca42490,1538
campaign_sends/year=2025/month=09/day=16/campaign_sends_20250916.csv,374988,b2967d95f3e430f7342d98c97fb238c5ee0807cefd35bb9c16b54cac2bc6dc01,1961
campaign_sends/year=2025/month=09/day=17/campaign_sends_20250917.csv,354909,0f8bc875384fe1a8a5acea3f3975e49c24c1614e3dc39ceff0fb180d39e44d07,1873
campaign_sends/year=2025/month=09/day=18/campaign_sends_20250918.csv,314580,6acad4e0be54e499d6e81763fb7885265e349da1816618e67513f4b3522d3613,1656
campaign_sends/year=2025/month=09/day=19/campaign_sends_20250919.csv,303558,5d404adc2c194f991d3084bc2fc1bca463e7fad5d7849d0d553798be73e4e0f6,1607
campaign_sends/year=2025/month=09/day=20/campaign_sends_20250920.csv,170201,869102ea819bfb5a78525fb6ed1a6bcdd55ae1f56fc9451cf52c08ae072a5c04,898
campaign_sends/year=2025/month=09/day=21/campaign_sends_20250921.csv,243771,5c69a3de79e4a7a7f0b3954143d1429a94e3ff7f93da6f7ca41c96f668ff3918,1284
campaign_sends/year=2025/month=09/day=22/campaign_sends_20250922.csv,300622,8dfdf55c483618f8dc05f87262c3f4cf21a0c263ad87e23de7c201147a845851,1578
campaign_sends/year=2025/month=09/day=23/campaign_sends_20250923.csv,341809,9532b38a5d1e2ee3f094ae74a5806c43fed09860f46311675002efb80a537f19,1802
campaign_sends/year=2025/month=09/day=24/campaign_sends_20250924.csv,374992,bef0a03335101470bb2bc4649669ed37c982671b9e6fc27827f5e3f90e7ef74f,1972
campaign_sends/year=2025/month=09/day=25/campaign_sends_20250925.csv,294586,a37cf43034d0b60ad3c8b5e2277936821c94448ccdc740fbc832a63b7a6cb21a,1570
campaign_sends/year=2025/month=09/day=26/campaign_sends_20250926.csv,303044,3eaffcd755b887a4c20048ab3235aa3850a1cd86da4ed2c61280b3bbfede3fbc,1638
campaign_sends/year=2025/month=09/day=27/campaign_sends_20250927.csv,242907,171b6e22ad9198c3ec94dfe4bf0968af16584c150d9faacc76b8f318e5acc6f6,1306
campaign_sends/year=2025/month=09/day=28/campaign_sends_20250928.csv,195727,b02cbdf0d40a2ea31d727cdf2d1523577fb5336ac68a3c139b02e022d4c94aa6,1055
campaign_sends/year=2025/month=09/day=29/campaign_sends_20250929.csv,379360,0b75a62f6b25c2de1ed824c0ae3ea6d650b88b5b74375e0c481b05f058e27fcb,2058
campaign_sends/year=2025/month=09/day=30/campaign_sends_20250930.csv,276106,86bb01aae2aa527621eae456e13e7c7166776c0118316880f15ac9f63c7a0f90,1482
campaign_sends/year=2025/month=10/day=01/campaign_sends_20251001.csv,320742,f3b6dde9625cb46eab0f40c3a10ac8351477fe5fb2f60763ea75ee355ebd7d8c,1721
campaign_sends/year=2025/month=10/day=02/campaign_sends_20251002.csv,350684,bf69565e7ee0eb455fcab39ab7deffe98230ed8a155d686b9d0d205b46f1d4ea,1890
campaign_sends/year=2025/month=10/day=03/campaign_sends_20251003.csv,281074,f12681b4fc6736b9127baf2cd9f5b45274e0486b1bdcf8776a221093321bcb0e,1506
campaign_sends/year=2025/month=10/day=04/campaign_sends_20251004.csv,235546,4f5b538c2d979e3ca9d2535bbefe076367d48a728901f3f67579fc79e6724ebf,1263
campaign_sends/year=2025/month=10/day=05/campaign_sends_20251005.csv,213297,a2af083d2548921c4b0484ef8e700881782d361ac5ae0423f5000eab5761adfd,1140
campaign_sends/year=2025/month=10/day=06/campaign_sends_20251006.csv,391738,4ff62fcee7dafe433f019d8abaa8eaeb48b0da30dd8eef1eb001e2b63de7a3bf,2107
campaign_sends/year=2025/month=10/day=07/campaign_sends_20251007.csv,329121,22831f87c2842084c72f8d15f1aae583ba2d654ac109fb93c7656d37ec5f1aef,1771
campaign_sends/year=2025/month=10/day=08/campaign_sends_20251008.csv,344643,429ff45da9e74cf4e88ff014d2edbd9a0c755d8d1304216f4e0a15f01be0982c,1854
campaign_sends/year=2025/month=10/day=09/campaign_sends_20251009.csv,298588,074aacfdd2119f900a66d98934b42d20b602b2b4f19b4f0991a8561a31fd4434,1601
campaign_sends/year=2025/month=10/day=10/campaign_sends_20251010.csv,385545,f63ee914f94893837768c57760e936c726ae89655dd523c183418740c097809d,2077
campaign_sends/year=2025/month=10/day=11/campaign_sends_20251011.csv,180105,07c28fa3a9126f54b8bb320ba87dd6f583c4cb0c607322b65b135ad300627dca,966
campaign_sends/year=2025/month=10/day=12/campaign_sends_20251012.csv,212688,0a10975b2b99cd4c779fd213c62fa2bd51c0271475214a7ff60e3707f8a42f1a,1132
campaign_sends/year=2025/month=10/day=13/campaign_sends_20251013.csv,282625,7074b6a542f8dacfd6edd5d69de9b97b62fabbcba84b33b9d721638542cd4cab,1522
campaign_sends/year=2025/month=10/day=14/campaign_sends_20251014.csv,350303,7b83b855aecb3feaf33e20d18f6c04571a294a6910dd2b548eea2c3fb51dc13e,1888
campaign_sends/year=2025/month=10/day=15/campaign_sends_20251015.csv,313977,4567f84f51ac78419273b11968671b887e0e2af14a2d612a8c505172fb84b078,1682
campaign_sends/year=2025/month=10/day=16/campaign_sends_20251016.csv,331123,8c1f86af9bd622536165e0ca09147dc2f2f2487f965357893b978c9c1de958f8,1776
campaign_sends/year=2025/month=10/day=17/campaign_sends_20251017.csv,331269,1dda8b60d6e3a155b4891da043ce0737d2c58148ffaba2555129f4deeeea9792,1840
campaign_sends/year=2025/month=10/day=18/campaign_sends_20251018.csv,187337,754ff08e4b8a394e3ef10ec45dc2b2adb263c31eab2e3eb7c9b981cade92ea76,1041
campaign_sends/year=2025/month=10/day=19/campaign_sends_20251019.csv,175517,315bfd5d488b6a4249c949493314c96bb8af8cf4ea77c92bad7ba4ad68c57349,976
campaign_sends/year=2025/month=10/day=20/campaign_sends_20251020.csv,306401,e12163e21ed9f483c94f3d0f227a0e2c0096615d6feeb8895581d7017fa5f749,1698
campaign_sends/year=2025/month=10/day=21/campaign_sends_20251021.csv,317533,a49a15f401a7aec72534814f060a4a6d1b2a13933829000995aeb9073f143bc8,1770
campaign_sends/year=2025/month=10/day=22/campaign_sends_20251022.csv,316660,2de3a6f19500ee9f2edaa2ce941743b6d00af15dbc1b53e81542ac020b7d5474,1755
campaign_sends/year=2025/month=10/day=23/campaign_sends_20251023.csv,378346,bdbb228ac66414891b32b2eecbfb5201b1a1a942b44f7ead3bd19d85ba1409ff,2096
campaign_sends/year=2025/month=10/day=24/campaign_sends_20251024.csv,329643,e4a96420ed0daae5a4989ac17db6026dab0705c0736af026f84a79ccd0867af0,1836
campaign_sends/year=2025/month=10/day=25/campaign_sends_20251025.csv,167622,908e00123cd6b9642f8e601a8e53f9ee4698147c568e6386aae2de3e8a2b0d5b,928
campaign_sends/year=2025/month=10/day=26/campaign_sends_20251026.csv,195422,ad8b025b08b5c530a434893d072c268f05538805093207237eb3048e73b8605c,1086
campaign_sends/year=2025/month=10/day=27/campaign_sends_20251027.csv,380463,c1f47c872ee17a549fb2ee6cd7a4adeaf81d5adf1bb1d233dac17ad7e861980e,2107
campaign_sends/year=2025/month=10/day=28/campaign_sends_20251028.csv,348017,d1b46c0fdd815e325536c62d0c96d8ec2d032a78e0d72fbae9430e9f4cfb6fb9,1940
campaign_sends/year=2025/month=10/day=29/campaign_sends_20251029.csv,374721,e628e49b87dd597e92cc2bc421398d0f86f1e8dcee9a7cfd2d7e7db12beccc13,2079
campaign_sends/year=2025/month=10/day=30/campaign_sends_20251030.csv,313698,171a3e19800c0e17a31dc2552b505e509f53dc3f24e1ba650062866ff95be52f,1742
campaign_sends/year=2025/month=10/day=31/campaign_sends_20251031.csv,294304,cbdfb2154239625dc67407565869182c9d397f631aa23cabdd06ebf4b3e11595,1628
campaign_sends/year=2025/month=11/day=01/campaign_sends_20251101.csv,198075,61a0ceea325aa03ba5bd0929e0e3609f45c4965b63e80fd9a93ffd3c8422f23a,1089
campaign_sends/year=2025/month=11/day=02/campaign_sends_20251102.csv,167077,c65acd219de05e51b6bdd6bc5124e1b02e44e39e9b005c130e9d913677f736ba,925
campaign_sends/year=2025/month=11/day=03/campaign_sends_20251103.csv,361023,70d81d9c599fbfd9cbb4cf72cbbc885ce4894812440d6a963363c9ff1919f7a6,2006
campaign_sends/year=2025/month=11/day=04/campaign_sends_20251104.csv,281338,353ed41ef76ce35e7a61f0df391545e09ffbbdf30c152084282109fa5d903f2e,1707
campaign_sends/year=2025/month=11/day=05/campaign_sends_20251105.csv,270364,207377b5e2191fc0a6d4243b09ff2c88f4a9b85a18828523009d45be0b35fc35,1641
campaign_sends/year=2025/month=11/day=06/campaign_sends_20251106.csv,300979,074136086c4039cd968bb62abafd7d10435c2b6de60e2a3b6183a992625d6cff,1827
campaign_sends/year=2025/month=11/day=07/campaign_sends_20251107.csv,350050,3ee4ff3f88f395b583e5421c3b8c3cd0e36116d8afbe62063a5d1ffc30b672b6,2056
campaign_sends/year=2025/month=11/day=08/campaign_sends_20251108.csv,150019,c655884d7ff4caa953f27b5750df059e4084c7badf802c0d77d109a2d0f4d92e,888
campaign_sends/year=2025/month=11/day=09/campaign_sends_20251109.csv,155076,c1fb0859c0ed389acccd95ab4afa2147bc327b9a6f0d8aa2331c6b1c3b59c362,911
campaign_sends/year=2025/month=11/day=10/campaign_sends_20251110.csv,337512,4ec335ed3718a48b3305886c1aa7eda7760b42918f4eec6bd7f1c33173901c48,1985
campaign_sends/year=2025/month=11/day=11/campaign_sends_20251111.csv,349852,913a44e783127ac03fc2291c6b2f872aca3c9f8657c646346574afcdc235363a,2060
campaign_sends/year=2025/month=11/day=12/campaign_sends_20251112.csv,309315,f8f20c5d79a1631f3001000e4097541437074d040b3ef434dbbc73127e397bc5,1822
campaign_sends/year=2025/month=11/day=13/campaign_sends_20251113.csv,332673,d6d391b7ec432852d4bd39313cdeeaea6025b9402f18d4a3c27fadb8cdf2878d,1965
campaign_sends/year=2025/month=11/day=14/campaign_sends_20251114.csv,349565,30227506c33f10844e44e4b0ed3004682ff4c2e128c6af4b0bee35618f70cf4b,1879
campaign_sends/year=2025/month=11/day=15/campaign_sends_20251115.csv,245374,a40c1003840bf7494b005b7a1eefbaa56b9938a752807001207bdffd2673655f,1279
campaign_sends/year=2025/month=11/day=16/campaign_sends_20251116.csv,207214,65cca9324d7a52f6c960db8fac5c24e4625331eaf9576668949475f3257db564,1078
campaign_sends/year=2025/month=11/day=17/campaign_sends_20251117.csv,358195,5c9ee88133cdec09d8cb6019f6e32d3e7b1c7774613e183e2ef7536c6b3810d1,1870
campaign_sends/year=2025/month=11/day=18/campaign_sends_20251118.csv,334803,604f94c889ddd7886ed72d2eb86ce2684827d0b2934cd393e24dfeb14aeae50d,1747
campaign_sends/year=2025/month=11/day=19/campaign_sends_20251119.csv,352006,d60c59346c6c867fd8b9e1aa18991b1f3770b9ecf35531acaeb6fad609f15e00,1838
campaign_sends/year=2025/month=11/day=20/campaign_sends_20251120.csv,326905,ff2f49bab52816dc7d6861be2c00249d9c3a8910337a99670c177fe214e4a3e0,1712
campaign_sends/year=2025/month=11/day=21/campaign_sends_20251121.csv,389259,e2e8acd803df3f5a761bcabd22b76d1ba3b54dad07d9d3a3b1a3ec2b42f6d27f,2049
campaign_sends/year=2025/month=11/day=22/campaign_sends_20251122.csv,180547,3188f942b0fbc3789896e079495b1ce41679f48448b6e0e308c28f8373dae699,957
campaign_sends/year=2025/month=11/day=23/campaign_sends_20251123.csv,172242,313f92e1dc57d0d6f4af003b4313ac1734b394bfa5777bf2368922e56eacff48,940
campaign_sends/year=2025/month=11/day=24/campaign_sends_20251124.csv,316948,d1b854098aa096dff2acaada7bb1ef0c733ef47044bfc3cd8f4c37ed634d63ff,1715
campaign_sends/year=2025/month=11/day=25/campaign_sends_20251125.csv,346411,f0cae16bbc7604fc639d2d311cb747df08aaa86eb4af1230b192cda468a9f86a,1891
campaign_sends/year=2025/month=11/day=26/campaign_sends_20251126.csv,384060,3d388701a6eebabd4aa906289dd29085ae24c2391c8ed678cdb0bf82955d47bf,2104
campaign_sends/year=2025/month=11/day=27/campaign_sends_20251127.csv,375477,51b93eabc0be99f7169d6c47b8124339df94049a4e2116cdb8835be614dddd4b,2033
campaign_sends/year=2025/month=11/day=28/campaign_sends_20251128.csv,370502,88f2303e2984ff5dee70fc63d2879d5b02c315eb2f84c7417dfa768cdd84a433,2014
campaign_sends/year=2025/month=11/day=29/campaign_sends_20251129.csv,194656,94fcedec5f9bc553aee1938067ed2d5fbb51434bd9f750d9df1b3f27940cf3a0,1062
campaign_sends/year=2025/month=11/day=30/campaign_sends_20251130.csv,225491,d7d5d6d97af5d1abdd6af3808bc8be067381c7b834165c6e268ef9d25efe6d6a,1237
campaign_sends/year=2025/month=12/day=01/campaign_sends_20251201.csv,371969,b07df085d6b3666fe4973828e47130d8eafbc3679cfb18ddcd0fc50dbbd201a4,2036
campaign_sends/year=2025/month=12/day=02/campaign_sends_20251202.csv,386765,e75b881ee82e348ad54981f530dfe866d27828923ab5c3c55ea75016995c321f,2111
campaign_sends/year=2025/month=12/day=03/campaign_sends_20251203.csv,285477,c12cdf10f2ed4638db7b0f177b58800239e4216c022cb484dd902ae8a27de9d6,1569
campaign_sends/year=2025/month=12/day=04/campaign_sends_20251204.csv,401508,3f34e13f206434ec5c69b97eaafc8ccb6166114d6d2671061ae5289c1a22090d,2157
campaign_sends/year=2025/month=12/day=05/campaign_sends_20251205.csv,384223,b282c229bbad9ad0f77339e36a11278ffdf2cd1a19a3b332605aa3ad54de0b9b,2075
campaign_sends/year=2025/month=12/day=06/campaign_sends_20251206.csv,168610,d3e84a21cea74b2e6d0cbfcdb9e174f90ac307bba53dbfcf70e4f4f9a799fd1b,910
campaign_sends/year=2025/month=12/day=07/campaign_sends_20251207.csv,215938,0fd6ec8a4cfa6bf5c3585fe0453859bb1a94de4fb4c6c0aac380e6eae2c7826a,1170
campaign_sends/year=2025/month=12/day=08/campaign_sends_20251208.csv,320891,223b04231feff949a60aa7ab6f340ce4a4e1be7ea920d85f9fbde6ba9ba5a58f,1733
campaign_sends/year=2025/month=12/day=09/campaign_sends_20251209.csv,287870,18bd69aa869680709c7412d471b9065d011e6405dacd98d7aa002bcaf0ca3854,1554
campaign_sends/year=2025/month=12/day=10/campaign_sends_20251210.csv,271796,97a6610bbe2f0f844c0a9e58f820f773ad1370e20b5aaebc870f84f1ccca0502,1467
campaign_sends/year=2025/month=12/day=11/campaign_sends_20251211.csv,365293,ba697cfb9f47eacb4c09227f463facabb59200909edbcb21f13995eeff37660c,1980
campaign_sends/year=2025/month=12/day=12/campaign_sends_20251212.csv,385419,abd2b5755a8b860aa6c7adf95aa57072b6f0482e9116bef9feda373b565dfa49,2075
campaign_sends/year=2025/month=12/day=13/campaign_sends_20251213.csv,186163,bb6cc1667555dc7e9badcdf508650acbbec5abdeec5a3e16c4c665c8bc8fd35e,1006
campaign_sends/year=2025/month=12/day=14/campaign_sends_20251214.csv,213527,9a03ea747066ca33ed74abb9840f84b44c63d4158f2fb73bccc9b80bfe553cbb,1150
campaign_sends/year=2025/month=12/day=15/campaign_sends_20251215.csv,275514,e64611ed5b1e8ec2604b136e6a41ca2264d3001f98b2225b54f29d1c4e7f65e3,1496
campaign_sends/year=2025/month=12/day=16/campaign_sends_20251216.csv,312203,471f6a961328054e3b562336c2cd6b1907fe5d736341ee6bf0937a7115edc30d,1686
campaign_sends/year=2025/month=12/day=17/campaign_sends_20251217.csv,300959,4e8560d03d0c87e5cf4d7ed1a2147a4e95ad948ab731d1dc6403d9116ef9fc98,1627
campaign_sends/year=2025/month=12/day=18/campaign_sends_20251218.csv,397536,68ab68657a2eb9aca96d3a36ef7bc3fcf373b38f38375d3af1bdd978703a893a,2142
campaign_sends/year=2025/month=12/day=19/campaign_sends_20251219.csv,384566,0bf37827e28bfc1ee6986a4c544aa523d399bbd0f7347153c68536b282030566,2073
campaign_sends/year=2025/month=12/day=20/campaign_sends_20251220.csv,170493,2bde3fed63b1726d6453053aea924af2e24e6d709f5ad5d3e09ccff6ccfcc989,921
campaign_sends/year=2025/month=12/day=21/campaign_sends_20251221.csv,185582,1fe9a0b264e00a2df81aed852ff2d92384f49fd12f6bebe54579e14155bb5c26,1000
campaign_sends/year=2025/month=12/day=22/campaign_sends_20251222.csv,308797,562469a5cb18507d7dca06bbff8b3e33b153541d2d38949f198edbe757837a3f,1619
campaign_sends/year=2025/month=12/day=23/campaign_sends_20251223.csv,284197,959e30b564ac8abc97e7ac4435bd7ed6ade162702a93d1aa780cad8903370718,1504
campaign_sends/year=2025/month=12/day=24/campaign_sends_20251224.csv,342037,e693b7ea55fde5206dcf54e4e41b7c5123466c8f829938bd37e04e886f884fe7,1806
campaign_sends/year=2025/month=12/day=25/campaign_sends_20251225.csv,374950,5021c7de5d5b51d14ab45c3d91255c648f1429da8fd2b592847492a8a7a9b178,1971
campaign_sends/year=2025/month=12/day=26/campaign_sends_20251226.csv,320529,b295241147287a561fa4a18c8265df4afa0cad8b4e86b466e477f1b65cc551f3,1679
campaign_sends/year=2025/month=12/day=27/campaign_sends_20251227.csv,222930,462be91da960d5b12b8754c8bb0313bdab81cedf3d836917ff185eb20dca5c1f,1177
campaign_sends/year=2025/month=12/day=28/campaign_sends_20251228.csv,220886,4ee72fcdfae85da8d00b3cce9f169ce152c4d9df159a5e9d8fe7a4b6370aa3b6,1154
campaign_sends/year=2025/month=12/day=29/campaign_sends_20251229.csv,389617,2df2b249fae40ff547b02dda2e97f947b5429a838e0798e2327a740e4165ddcf,2025
campaign_sends/year=2025/month=12/day=30/campaign_sends_20251230.csv,409906,c277ef2ba6dcc3259953765b43af5933b722f5f9097a800c6aeeb9b7e265e047,2125
campaign_sends/year=2025/month=12/day=31/campaign_sends_20251231.csv,354507,3698ea7402819b67b02aaa8005fc315410596fc7e29a6ebdf38ad636d64c5eb4,1845
campaign_sends/year=2026/month=01/day=01/campaign_sends_20260101.csv,410414,19c375dadd1cdafb455b5b5007934aaf83a073e79126d933ec9a15d679f5abf6,2134
campaign_sends/year=2026/month=01/day=02/campaign_sends_20260102.csv,413037,3200e22c502fc59bdbabe21e31edbc4658fcab29584f84704773264fa9cb31bf,2155
campaign_sends/year=2026/month=01/day=03/campaign_sends_20260103.csv,191746,1fe460b27cd5c835ff5171f9ff7e640177d14897cd5e1152924a2530643fd4f5,976
campaign_sends/year=2026/month=01/day=04/campaign_sends_20260104.csv,197978,5a589667aa380d9309f436216b4d017e08e89117495cdc00c48d15c3629c19bc,1009
campaign_sends/year=2026/month=01/day=05/campaign_sends_20260105.csv,307848,7637f44a17a045db556768d31629ad88c31e93bb550d1df0e709aad9a3361454,1571
campaign_sends/year=2026/month=01/day=06/campaign_sends_20260106.csv,372011,c09788c9c57f48e232ecf38ac327f259e6b54101f1ca8a9fa81b157baa36815f,1900
campaign_sends/year=2026/month=01/day=07/campaign_sends_20260107.csv,425337,46e2c09416a182a939c4cd183d1243aa94556c583cda4057c80b3ad1875e8f64,2176
campaign_sends/year=2026/month=01/day=08/campaign_sends_20260108.csv,386126,091f92b27a5062068449bb9601c9b715142af41fb5412edbb14fc23dac041b58,1974
campaign_sends/year=2026/month=01/day=09/campaign_sends_20260109.csv,391712,43349a1fce857605795eede6eb715161b52cc93e91529596c8b6a0226e884e7b,2008
campaign_sends/year=2026/month=01/day=10/campaign_sends_20260110.csv,192978,03fa444b3744b2323f790f2a4d136b5985307965ac6930c907c2191ff42c5c5a,976
campaign_sends/year=2026/month=01/day=11/campaign_sends_20260111.csv,200345,0e2b43590054bbbffc0ed794ef0563264dfb9065cbcfb816fe40e3ebbbab1343,1036
campaign_sends/year=2026/month=01/day=12/campaign_sends_20260112.csv,386965,5ef94c2d1fc41a6e8f66cf274fc5560edcc3391eb9c8a2aca77a8434708a5d94,1995
campaign_sends/year=2026/month=01/day=13/campaign_sends_20260113.csv,291110,d60b1daa65ac73f05a74bc5c1861bd3c2f413e5e99f2056bf864e057c725f7e9,1504
campaign_sends/year=2026/month=01/day=14/campaign_sends_20260114.csv,301100,4f598861157ec256e0a0584ecc4603c450946f82f6e11e9f8cc545dd9d0cfd99,1562
campaign_sends/year=2026/month=01/day=15/campaign_sends_20260115.csv,379801,d959261f3019a84e6d27d8252d81edd44e281b5ffd842ac114a4f5f256d3d310,1977
campaign_sends/year=2026/month=01/day=16/campaign_sends_20260116.csv,295653,aa62d005c39518620f86b300ca6a846fe68226890fce01088550b410fd334f29,1545
campaign_sends/year=2026/month=01/day=17/campaign_sends_20260117.csv,231203,7752896199697b3d5a841445d8e50a0d50d63a588a8397e4069c82cb6b8d7a18,1210
campaign_sends/year=2026/month=01/day=18/campaign_sends_20260118.csv,171418,5244e00c8f97f512f3c57c10eae7a4663e3d2cea5abf2e1aeeaa47b8a2c3d579,897
campaign_sends/year=2026/month=01/day=19/campaign_sends_20260119.csv,306347,17e44fb73efaa59d1177c51c764a0a29f965ba2dfc0bde76eb5e417f2758616a,1611
campaign_sends/year=2026/month=01/day=20/campaign_sends_20260120.csv,359419,d680ffd7045c98fecc3764195be97703a0fdd0e8dc38cbae115059bbd5935700,1886
campaign_sends/year=2026/month=01/day=21/campaign_sends_20260121.csv,368301,56e8db2666f45e09def321d1c38b64e5b60a0d3cb29902bd79420520ec72a3c3,1936
campaign_sends/year=2026/month=01/day=22/campaign_sends_20260122.csv,350522,e95245b2f567dcc0e7211f1c97b82cf167ce3b48b09955b4b0d300f91254cd96,1832
campaign_sends/year=2026/month=01/day=23/campaign_sends_20260123.csv,368827,4dfc931f49c2e467150049fae2c7756da0c7195e5dadcf621a143ee9e35c7e37,1928
campaign_sends/year=2026/month=01/day=24/campaign_sends_20260124.csv,194480,e25a86e92bed689da938633ed73f212320bc45e2d24e169c4fbea534a33a16f0,1022
campaign_sends/year=2026/month=01/day=25/campaign_sends_20260125.csv,210383,4369b9f3dd450a00fade9718f9dfa6a6cd3a53ea8ce514d4293f0811c1f4084a,1093
campaign_sends/year=2026/month=01/day=26/campaign_sends_20260126.csv,371704,22d1b95077efcb0fd5852ec2be3d283371e2f952f547d6921f45e1478dc6fe88,1942
campaign_sends/year=2026/month=01/day=27/campaign_sends_20260127.csv,298345,d13db21cf61fe764dcb8f20b7d4094b3ef61ab5d0d899284ae787a38185b8161,1561
campaign_sends/year=2026/month=01/day=28/campaign_sends_20260128.csv,354586,18a3de08007ba6ea7bd7119f9339ec0219a5778f5fa1a15889568aeb801f891a,1855
campaign_sends/year=2026/month=01/day=29/campaign_sends_20260129.csv,379483,f2b748c79e1953136dc1bfb31564a2bc3453575a3438f8a615e93c8755c8cc84,1992
campaign_sends/year=2026/month=01/day=30/campaign_sends_20260130.csv,413488,8f4dbc0e3accce6bba5bebf7c097cad8fe72eeae2216e8b0ad6ccdc1c66bd4d6,2148
campaign_sends/year=2026/month=01/day=31/campaign_sends_20260131.csv,187987,0a996cefac5e3de82a5dcdd1948487cde08f63e63265cab3135afb1d457bc458,967
campaign_sends/year=2026/month=02/day=01/campaign_sends_20260201.csv,171408,70af37a6510c166be483951af8ecb769f4c6c3dbf21c18a2ac9128629d7569d5,883
campaign_sends/year=2026/month=02/day=02/campaign_sends_20260202.csv,410371,0a4ce394a8774b11edd0b21f845851dd8a120a33af520b521dd41959a71f318b,2092
campaign_sends/year=2026/month=02/day=03/campaign_sends_20260203.csv,392296,fa5fbd5e934b9c309e73b1ca42bca9c7ac34bd08bbb1de0c2dd6805c76380ec3,2019
campaign_sends/year=2026/month=02/day=04/campaign_sends_20260204.csv,401847,14e48e8cbd0a979e8a4058edb49ce213af7a8fd4eac78464c8ca26f21b7ce9a9,2080
campaign_sends/year=2026/month=02/day=05/campaign_sends_20260205.csv,303935,d6b3241fe0cf513088910c47ec7efd7616623541d421436ed8cd6bd0f0fc54bb,1548
campaign_sends/year=2026/month=02/day=06/campaign_sends_20260206.csv,399435,e921d1af9c94373269f15d0dcb94e39fe680cc30ada8155c20580dd086475334,2032
campaign_sends/year=2026/month=02/day=07/campaign_sends_20260207.csv,203097,32ca6d869c8da4a0f87b9087af6ca238eaff514fe3b82a1daf179c3f04a95e4c,1023
campaign_sends/year=2026/month=02/day=08/campaign_sends_20260208.csv,234087,fa6693857c3a879c9d6580ccf6acd4f96538a8e0b7b2b54ae034da51ef30a262,1179
campaign_sends/year=2026/month=02/day=09/campaign_sends_20260209.csv,412546,578eea6d9d0ab2f3e065f9476cb3c4d9917b31a609a145268b88d81f85e1a0d2,2090
campaign_sends/year=2026/month=02/day=10/campaign_sends_20260210.csv,410336,c74615044ee7e6d0d93b9c76e135917c71b3cdf65c6f6e2757a851f8dba2a59f,2077
campaign_sends/year=2026/month=02/day=11/campaign_sends_20260211.csv,299208,4f48e778c80d8e4305a2f337fd357e8dce03c65653e474545f35ee957eabced2,1515
campaign_sends/year=2026/month=02/day=12/campaign_sends_20260212.csv,329438,632a56ea6d71d8d2e86de40c601eeaa0b90afb071cd23a8d126eab7988eade5d,1668
campaign_sends/year=2026/month=02/day=13/campaign_sends_20260213.csv,346231,1ebabe92c6e9d7f3e5f94ad24b82ed09ccc57853a40e738a416be5c4c48952df,1733
campaign_sends/year=2026/month=02/day=14/campaign_sends_20260214.csv,227558,5331b7cade68962dd92f1d1cb95e58b7dd7d04816e91759280dd14aa42f0d0ee,1151
campaign_sends/year=2026/month=02/day=15/campaign_sends_20260215.csv,181562,d5f38e8ba6252103edd813236b36f81d216c92aa9248ce94b1792b05d79b95aa,926
campaign_sends/year=2026/month=02/day=16/campaign_sends_20260216.csv,381932,914eb0d06be5d886faad6c12b3f26edbb90b7a1da47caa3d2176a9d755c713bf,1948
campaign_sends/year=2026/month=02/day=17/campaign_sends_20260217.csv,341207,f6bc1b86c75c60684f61ecfef775bc0b0d0bb606e02eab164ea59f057bf8fc0b,1742
campaign_sends/year=2026/month=02/day=18/campaign_sends_20260218.csv,370108,dc4bc275644a7194bbef35436fb50f1322f830d80d7666d440a8fae179265c5d,1887
campaign_sends/year=2026/month=02/day=19/campaign_sends_20260219.csv,313842,e271803c5d6116d135c16aadf920ab065e1495c4236c9b0a1da357edfe0e643b,1611
campaign_sends/year=2026/month=02/day=20/campaign_sends_20260220.csv,341691,454321a3d62976b11f526fe1c807606d94884ca272aca7dcf94cedb4451dcae2,1781
campaign_sends/year=2026/month=02/day=21/campaign_sends_20260221.csv,232589,a1354cd053ef64aa291e9befa8b90ef526ceee48fd9dcbe19e16743cc0f9148e,1206
campaign_sends/year=2026/month=02/day=22/campaign_sends_20260222.csv,211813,c06c9b33fe4fe22982296c2b9dc62520f949294e81adab6627ef77bc191d654d,1116
campaign_sends/year=2026/month=02/day=23/campaign_sends_20260223.csv,305040,51a2ccf180ff267f1a12634fcdf967d69f4a799b963606be6110bdb52ffca61e,1612
campaign_sends/year=2026/month=02/day=24/campaign_sends_20260224.csv,346725,ad3edde9bbc345d5ea1fd0f95723d0d1d05279e4c28b1db2445b16dc799475a1,1830
campaign_sends/year=2026/month=02/day=25/campaign_sends_20260225.csv,293721,a21830c8d58e7562395477d427c24dd54473117d312e18eded98c05631b37a06,1547
campaign_sends/year=2026/month=02/day=26/campaign_sends_20260226.csv,323167,65e1fd89a6722c7793b8624014fbb3381ff590827bd4a1a67562b4a5e75a5d05,1694
campaign_sends/year=2026/month=02/day=27/campaign_sends_20260227.csv,283666,b5c55886ab89030807f4c3120346fa15936decb61de52b19572bab7e9372b716,1508
campaign_sends/year=2026/month=02/day=28/campaign_sends_20260228.csv,226986,8b2f7f20710daf7256b39a7e248037fa8689657155605a5b76deab10f634253d,1198
campaign_sends/year=2026/month=03/day=01/campaign_sends_20260301.csv,177221,0f047c1b6fb5c971ac136415d85e61407f6b3a565cc43e76fa06c7ee73d2c3be,932
campaign_sends/year=2026/month=03/day=02/campaign_sends_20260302.csv,408983,9bd5b6439f5a0f8ea191b60918caecb2ccfbfa595a598281487a549b1b4d8693,2126
campaign_sends/year=2026/month=03/day=03/campaign_sends_20260303.csv,288843,eccb54f1fc8e4ce68a54a2c31b392e2605abe25e6bebf9bea291991543490579,1517
campaign_sends/year=2026/month=03/day=04/campaign_sends_20260304.csv,297717,5b90db01e4e0c29eab2d0ff2fe2e6ffe21e519977651c3878513eff833b4b134,1562
campaign_sends/year=2026/month=03/day=05/campaign_sends_20260305.csv,393276,00f4cf11ae8ffad096c9600abaf81317cb0555f9716bad94289617a9487c903e,2061
campaign_sends/year=2026/month=03/day=06/campaign_sends_20260306.csv,413400,0c5a67e3b75c5649d4b1c21b081c34d8aa8611ac3e6bb9e2a6d2ddc9b94de8f6,2161
campaign_sends/year=2026/month=03/day=07/campaign_sends_20260307.csv,207806,698d7a5783a6e94095e8a6a91a38e40ada6b562a8aba9fdd4ae5ba48f66aa429,1093
campaign_sends/year=2026/month=03/day=08/campaign_sends_20260308.csv,234041,67535324c9ebfdabfac92f8f45fdd73962b59ab0248024993484f96594bab8ef,1229
campaign_sends/year=2026/month=03/day=09/campaign_sends_20260309.csv,409659,526b8771c207187f98c41a5348fa44d4e80fec0b9442b21020f474936f77f2ec,2178
campaign_sends/year=2026/month=03/day=10/campaign_sends_20260310.csv,398874,f516684385fe9f25f5fd6171ede881788e4596d8f63e8b948b8285ae1ebb528e,2119
campaign_sends/year=2026/month=03/day=11/campaign_sends_20260311.csv,289039,59c389b6817f7bb15d3ba6d225fe60e914a146a693fec150f0f9a06f633f7c83,1531
campaign_sends/year=2026/month=03/day=12/campaign_sends_20260312.csv,351320,e0e7682bd3d8862df9c9dcc7e8177ac2f562cba25d7096a096fe911c7c12dd1b,1851
campaign_sends/year=2026/month=03/day=13/campaign_sends_20260313.csv,331567,823a0dd98986bdc8be894e732cdd05e2981ff8335d98c66aa984fb69a2f135c4,1761
campaign_sends/year=2026/month=03/day=14/campaign_sends_20260314.csv,173727,f3475876408a36ffd1f739bb273db0ea89e4722b04d71ef9737ecb33f3628519,918
campaign_sends/year=2026/month=03/day=15/campaign_sends_20260315.csv,211712,8755af47f80af6d1f4df34fc51e870ec8dc9f1dfad794792b0b79634a5deaada,1120
campaign_sends/year=2026/month=03/day=16/campaign_sends_20260316.csv,322148,61f3b9ec9b7e1cd81c50566da75d48404e62616317147b504211adeb7becce25,1711
campaign_sends/year=2026/month=03/day=17/campaign_sends_20260317.csv,355974,5515c40b3313fe0393c7eaf01fb6a65f90d8d6c45e0a9a51ba53e00f40d67f6a,1867
campaign_sends/year=2026/month=03/day=18/campaign_sends_20260318.csv,389892,ab2372d1667e8cf90fa25676991d74932a3f091a3ec19f6a65a5571c54c27025,2049
campaign_sends/year=2026/month=03/day=19/campaign_sends_20260319.csv,311991,d634a639bf31f01aed1eb8240071195e7949e9c6b6a9d5864ee2b62a8feba2ae,1615
campaign_sends/year=2026/month=03/day=20/campaign_sends_20260320.csv,316500,d8a1a6a5573ae52f7dd357444c2c0bc3ea086253257de19e2d33f6821ca0592a,1641
campaign_sends/year=2026/month=03/day=21/campaign_sends_20260321.csv,170564,14875dd024e9f972a12efdfaf4300d546ac015973ae118abf0fe79caed9b3b78,900
campaign_sends/year=2026/month=03/day=22/campaign_sends_20260322.csv,207779,27cd591dae88ba8006f04d7e8ed1a35ea6ed5e7f2cebd90e6739efd30b4edac2,1092
campaign_sends/year=2026/month=03/day=23/campaign_sends_20260323.csv,403271,7a264bcd1e23c95d52320f47d4a17c1e712bcfb66287323bfa0f0619d709241a,2109
campaign_sends/year=2026/month=03/day=24/campaign_sends_20260324.csv,305246,a6f3dad20b612677d21c151b9e2d27036768c1f00c7af74b667ea86f388efbe9,1593
campaign_sends/year=2026/month=03/day=25/campaign_sends_20260325.csv,370991,547b2ead2f8b04fd22a7fd1f107b364d0fab3fdfac9124d0f611516c8800b6e1,1951
campaign_sends/year=2026/month=03/day=26/campaign_sends_20260326.csv,353200,94ba6d271dcf9d501cebf55a53a1de2f3c0f8dd0ad6a26fbb4af3236cba39a7d,1858
campaign_sends/year=2026/month=03/day=27/campaign_sends_20260327.csv,342034,b00b5a6c4abb6b46fd4ea3b45993bd46aad304b9df883b810fc11c4e2dd9da2d,1798
campaign_sends/year=2026/month=03/day=28/campaign_sends_20260328.csv,191979,e1b6dc1118aa4c4fdeef7f7330b3159fbf377c1b9092260f838fcbe2b1d16244,1023
campaign_sends/year=2026/month=03/day=29/campaign_sends_20260329.csv,247341,9fb7fb4e7ad69de4a4fb0f9e7cf2ffc75f130c07df2bb1f8e5433f1f565e150d,1307
campaign_sends/year=2026/month=03/day=30/campaign_sends_20260330.csv,284556,0365ee0efa3ca54943bdcdb3666528e35cecda650c4d26b41fa7cf908e0c724f,1516
campaign_sends/year=2026/month=03/day=31/campaign_sends_20260331.csv,305328,a571de910190833c5af3cff5600c1631c33fe561c751c3a6ca70a6d1bbddc03e,1619
campaign_sends/year=2026/month=04/day=01/campaign_sends_20260401.csv,376821,9063224a5ec7fa3959d9c07482c177ee484c75c4c8f8325120dffea56bc88d78,2042
campaign_sends/year=2026/month=04/day=02/campaign_sends_20260402.csv,362418,9b910b9009b81eaba1a565cf83b8e5d8f0144a21b0e28559203d925749bd75c3,1971
campaign_sends/year=2026/month=04/day=03/campaign_sends_20260403.csv,359930,93df07e9a1439f674657af45164318b898743b5dccb0e9ff7acb49f5f245622e,1931
campaign_sends/year=2026/month=04/day=04/campaign_sends_20260404.csv,167712,d2dd2a31025bb2e2856a0f24e9c1e66ffcc33856c71064ef785c791599fdff49,904
campaign_sends/year=2026/month=04/day=05/campaign_sends_20260405.csv,234428,4efeeaa7c340f283001fb1e5cbec4dc5252a9f3d750ccfd517d257a84b67971d,1264
campaign_sends/year=2026/month=04/day=06/campaign_sends_20260406.csv,309852,b4c460fba13545639b4f14998ad31526f84ac8ebb8504b2d06f69a39cab5fca6,1669
campaign_sends/year=2026/month=04/day=07/campaign_sends_20260407.csv,345044,2b831269f92503b1399585c6ca50026a13914fc8af510da612165674f2ad733a,1856
campaign_sends/year=2026/month=04/day=08/campaign_sends_20260408.csv,366915,1d250d35639d476275f5f99a8a4af1d9bf8dfb7e93daff62c006400e9d6be5f2,2009
campaign_sends/year=2026/month=04/day=09/campaign_sends_20260409.csv,380740,616014b7fa04a040d9a3480a6e09968df8c05598ade8e906677c2475df6596bd,2075
campaign_sends/year=2026/month=04/day=10/campaign_sends_20260410.csv,379083,c75071bbf8f1e137432e8ba9fd64c77c90bb0fc080baf9f92d0b3b1d7907ad94,2048
campaign_sends/year=2026/month=04/day=11/campaign_sends_20260411.csv,224346,725a6a74de88e1bf2775dc5832ac7d95644fb7f07a6df53cf98aa17087e1d6d0,1216
campaign_sends/year=2026/month=04/day=12/campaign_sends_20260412.csv,215348,d114bbb47b365f1d9b32eb01ca81e09f78756db563f429578e87283979d5b225,1164
campaign_sends/year=2026/month=04/day=13/campaign_sends_20260413.csv,326329,581c6b7c5a6f6ec52411299892903083379749a27f07a9f72dcad29a2ce26f9b,1753
campaign_sends/year=2026/month=04/day=14/campaign_sends_20260414.csv,274623,24fc19a14599d26980a418b32e580e5f65f45203f8416f1e9bc4608b2211519d,1477
campaign_sends/year=2026/month=04/day=15/campaign_sends_20260415.csv,308621,dc79abc6cb01a5e28a5ad6092b081db117785f62f453109ceac226cc2d6f6684,1665
campaign_sends/year=2026/month=04/day=16/campaign_sends_20260416.csv,342000,f8de45b9b0886791c4829600843ff9c67b60a0db94085c6593e1f59789117c8b,1835
campaign_sends/year=2026/month=04/day=17/campaign_sends_20260417.csv,293537,ff2622fed768f717ae53ad07adce79c9e5b463e993d9328d24646de4b154ec70,1594
campaign_sends/year=2026/month=04/day=18/campaign_sends_20260418.csv,214917,b0690df305cba06525c4e40ba3696566f31b416caa2f90d48cf173245dd11e67,1173
campaign_sends/year=2026/month=04/day=19/campaign_sends_20260419.csv,230908,5ec2ba4bcca8083a2bb5aef2af4e2d0921c3a290e4a2593650d993ac1c426d8a,1251
campaign_sends/year=2026/month=04/day=20/campaign_sends_20260420.csv,399486,0c8029e780023a16eb0ff5943fa1c217a3ba0c7b80f6699ef5b28f85fb63f432,2143
campaign_sends/year=2026/month=04/day=21/campaign_sends_20260421.csv,371711,105eaff4682a5471d8d5300fb7bc752663a94d90acd554b473aae9f04239c083,2028
campaign_sends/year=2026/month=04/day=22/campaign_sends_20260422.csv,369611,18dcd5b85f6b6c581e427111a041aa4bc9f934ea6f3f163a31d86f93699ca9f3,2010
campaign_sends/year=2026/month=04/day=23/campaign_sends_20260423.csv,330655,98b2daebd09cb0ea09fdffa34205f88e4817120dcb1aabe25ea94901a9cb360e,1795
campaign_sends/year=2026/month=04/day=24/campaign_sends_20260424.csv,287014,f42ec2f5ccc595ff25e1f5da5a279b890a5c959f110080d8468d1970cf89edf6,1569
campaign_sends/year=2026/month=04/day=25/campaign_sends_20260425.csv,197157,cf9a0494992afbd049010ed7d529753952e58370477903c648843a419b30fc1d,1067
campaign_sends/year=2026/month=04/day=26/campaign_sends_20260426.csv,186056,ac15635cce60859e029e0ca23ef112785954ec56e34f635efa0f9fea1f140d4d,1005
campaign_sends/year=2026/month=04/day=27/campaign_sends_20260427.csv,392530,5c9c85fb3168cd82f77da2d54c558b67ec2c14fe52f75bc2ddb8652772e44c3d,2130
campaign_sends/year=2026/month=04/day=28/campaign_sends_20260428.csv,329781,daf20c4718a4b36661d9d5ea2bc3aa3cfeb52571b730dd5002d478ce79607433,1796
campaign_sends/year=2026/month=04/day=29/campaign_sends_20260429.csv,352923,82576df6fe5e1a3a3e899bc14bca58d44167ab7499b796b25098694f8c22f966,1905
campaign_sends/year=2026/month=04/day=30/campaign_sends_20260430.csv,328550,84fbd8d594e47dbab2d285e61485e22310c43bdfece933d64c18fe992180186e,1767
campaign_sends/year=2026/month=05/day=01/campaign_sends_20260501.csv,312628,b76e866a40a4a80f843ce3f11641ae081dac3cf6be45fbea4bf3d7cb8935f8eb,1673
campaign_sends/year=2026/month=05/day=02/campaign_sends_20260502.csv,237929,8e2fcf79877de690a3c6ec6e027fd423904fdbf7a70c90282b250ceee54b3afb,1284
campaign_sends/year=2026/month=05/day=03/campaign_sends_20260503.csv,218246,629e34df7164ffe549d4d1b07c92cb90e19232f397eff73299f234e897339b0c,1177
campaign_sends/year=2026/month=05/day=04/campaign_sends_20260504.csv,359717,046b3ab8c5a3581f3312eaff574719f3286e97216973fdc45da892f5bb3ad887,1931
campaign_sends/year=2026/month=05/day=05/campaign_sends_20260505.csv,320534,16ee55cd84cb58bc6f9b9a8d8e91ec89a440f349f307cb2e7c1624ffb66471d5,1722
campaign_sends/year=2026/month=05/day=06/campaign_sends_20260506.csv,369893,dc7e740bd0fc95f1b98e972df78f08e2e5b5bd1bb95591becf7a1bbd8284b490,1992
campaign_sends/year=2026/month=05/day=07/campaign_sends_20260507.csv,401616,6e6ba120f28953a1f73803433477a81186a3b60002bbcf5201f484156e5658f7,2111
campaign_sends/year=2026/month=05/day=08/campaign_sends_20260508.csv,402157,771ee4742303e6c7f485be87249c0aa32e8cb0e8a662c1b203e4440ed212ebb1,2097
campaign_sends/year=2026/month=05/day=09/campaign_sends_20260509.csv,194663,0578a3f6765906f831d894b3a03beeb5c567352a314a7cad2d8ce6a52e1ec55b,1017
campaign_sends/year=2026/month=05/day=10/campaign_sends_20260510.csv,209675,3413946410c3941cceb1f1e862d59071fa28b6f7342c04eddcedcc85d4102870,1129
campaign_sends/year=2026/month=05/day=11/campaign_sends_20260511.csv,360694,9b8ee893e8ef1df7dbcc8e2e66b63f1d7fda5131ec04842bc93607a12f000bd3,1937
campaign_sends/year=2026/month=05/day=12/campaign_sends_20260512.csv,385762,76ae0cd3b7e67c0d8efe61c1180840e06a5a99693ed7f2ebeea667c01fedd788,2053
campaign_sends/year=2026/month=05/day=13/campaign_sends_20260513.csv,357908,0873813302596761077df9bdc6078698aac15e30560b3395e21bd5b4892942b6,1911
campaign_sends/year=2026/month=05/day=14/campaign_sends_20260514.csv,367010,99a46d45b30a1e13f7a63d75a113c5cc6d8eb94b4d9662b94bd730d27c1872bc,1928
campaign_sends/year=2026/month=05/day=15/campaign_sends_20260515.csv,285644,653e3adae636c443698396988fdc14afbc5424e522eafe8287e453cebe184dbc,1498
campaign_sends/year=2026/month=05/day=16/campaign_sends_20260516.csv,235635,f7a4a6886be877e6dbfb585b2e7a6b5f89b8be2bfa3063cb87775f1da7e1dffc,1225
campaign_sends/year=2026/month=05/day=17/campaign_sends_20260517.csv,225957,164b180c21e90b6b20eaa7e26db603234ce4c9cc6cea1f6bf12f40786c4b3b91,1187
campaign_sends/year=2026/month=05/day=18/campaign_sends_20260518.csv,279467,cea07de023ea66c31386876d2d288032485119c847474ed6628c169f1c126e5f,1459
campaign_sends/year=2026/month=05/day=19/campaign_sends_20260519.csv,344464,2f7cd5cd77a196c9ca868c96ebbbbfcf9dffbde69c411cb76fa1cdf1cf896b21,1812
campaign_sends/year=2026/month=05/day=20/campaign_sends_20260520.csv,334204,811ec15fd955f0b80b80a7e7201c8f93b9b2cae7643ded631d8afe4152864aa3,1756
campaign_sends/year=2026/month=05/day=21/campaign_sends_20260521.csv,391862,dd4e80aed3f690fb67b47157b5c16f71dad88e3f44e2e93ee07e27742f005252,2045
campaign_sends/year=2026/month=05/day=22/campaign_sends_20260522.csv,293418,b7d9fa55c2924c08d5cfc522b30232dbad090562828787f98183d42ba1ce0841,1527
campaign_sends/year=2026/month=05/day=23/campaign_sends_20260523.csv,193285,5b34b2d21d997026f0e60827d5ddcd87ef3fa1e719cd74768e88e815837899e3,1005
campaign_sends/year=2026/month=05/day=24/campaign_sends_20260524.csv,217243,ce994d086bf6e972bc70363001178b1c0f1dc83584a38a841176803279622706,1161
campaign_sends/year=2026/month=05/day=25/campaign_sends_20260525.csv,287594,edb0cdc6daffd0f9a4332fe112b7491b47c436d9718991908c3ef99f8f7ef311,1541
campaign_sends/year=2026/month=05/day=26/campaign_sends_20260526.csv,374606,cb648deb628f4f2305d8fa7a3568d77972380ee0d880bf70fe1fff0335912e8a,2023
campaign_sends/year=2026/month=05/day=27/campaign_sends_20260527.csv,317430,436998803b38402f9de54fa226ed88560831a44575762731b02839d547c6bc06,1705
campaign_sends/year=2026/month=05/day=28/campaign_sends_20260528.csv,286710,73faf3dc76eec8c86dcd56f22bdc92fd10e593b1b9c00e3fc0b916d8eb6212f9,1546
campaign_sends/year=2026/month=05/day=29/campaign_sends_20260529.csv,393445,3736efe9ef24e228da5082f768dfcbe785f6ed7ce0d7e35c79808697cdf15ce4,2126
campaign_sends/year=2026/month=05/day=30/campaign_sends_20260530.csv,183356,60ebb0c37bbf1ec170123b076f49c6c50a080679dc6a3b3c311dc04f5f9b2f11,988
campaign_sends/year=2026/month=05/day=31/campaign_sends_20260531.csv,196440,d5c84abd94689e9b92e2abe8cc91e13c52b6b00f3c870750c2b20dbad77986e2,1057
campaign_sends/year=2026/month=06/day=01/campaign_sends_20260601.csv,295454,65ea6b8822de81b0b6d2e4e345bea9e4d335049890f8ce802fc09a779615901b,1631
campaign_sends/year=2026/month=06/day=02/campaign_sends_20260602.csv,287962,28431899769984f7324fdb38365145550add306fb6d903a61509d08c8cc4bfb6,1583
campaign_sends/year=2026/month=06/day=03/campaign_sends_20260603.csv,280161,b7d79139449b951e71639948bc169e57e0c18cb1ffdccea6cde6012cf5bd5ad0,1598
campaign_sends/year=2026/month=06/day=04/campaign_sends_20260604.csv,375430,0424960594d54123bd34567fdee5b6a69efc1308446159facfe65d514ce86681,2075
campaign_sends/year=2026/month=06/day=05/campaign_sends_20260605.csv,323653,40235ea8b0b2eb6f3375133cc804bbecb76cebeb769723ce3903c81b80737e44,1789
campaign_sends/year=2026/month=06/day=06/campaign_sends_20260606.csv,210636,047dea1551483f4e0cdb83f7e607612280e05e2e0c80f4eaf5cf3cfa54c8e3d7,1167
campaign_sends/year=2026/month=06/day=07/campaign_sends_20260607.csv,170410,39976a3973e6e9c8f8189d7a5f4aec620a2964175ccd609b48428255ac1998e0,939
campaign_sends/year=2026/month=06/day=08/campaign_sends_20260608.csv,289098,948df21bbcdcf88c9a188a92348da848961d9152cbca2aa6aad8d6c1c53f1fbd,1590
campaign_sends/year=2026/month=06/day=09/campaign_sends_20260609.csv,343291,f960a13732f5f77f0b3a1f32bbe99c7d326e3c63675cd9f938d970c503813e5f,1892
campaign_sends/year=2026/month=06/day=10/campaign_sends_20260610.csv,356653,96cc903eac4a70427f25640a307f030679a9efe57152d9f2f8010f9e0de502b2,1959
campaign_sends/year=2026/month=06/day=11/campaign_sends_20260611.csv,367721,fb3a6aa3bf59101345d26dfc35ba5794c36968a94ae68242204007b4116d7668,2013
campaign_sends/year=2026/month=06/day=12/campaign_sends_20260612.csv,282655,e48d78c049a2739e1cde1f4e416bbca6361bbc1f7630c048da1a98c6aebe3d27,1545
campaign_sends/year=2026/month=06/day=13/campaign_sends_20260613.csv,185651,bc7c8e0bf9cdc2ca93ca81928f5b65a706237ff0489116e10c2ccdf90bbe81bc,1019
campaign_sends/year=2026/month=06/day=14/campaign_sends_20260614.csv,231125,7c26fce279cc17e126b809c31a9b10964f2210db57da21f0035929499baa7526,1266
campaign_sends/year=2026/month=06/day=15/campaign_sends_20260615.csv,338800,e3b0406567f059f0c784b7c19625796a1f7b58f372df7c923b192fe832f823d1,1856
campaign_sends/year=2026/month=06/day=16/campaign_sends_20260616.csv,328908,f78b8fbc53f30ffc84adf1f570fc683e785097b3152987a4641c05dae7b63657,1811
campaign_sends/year=2026/month=06/day=17/campaign_sends_20260617.csv,359044,8909d246736ed665c0123acc52483515106fbacabac2e19c974315d96a0ecee3,1974
