arquivo,bytes,sha256,registros
complaints/year=2023/month=06/day=17/complaints_20230617.csv,10557,b4f4e2f58ce4dcf610a97438cf74986e8c7b321b14ca93f68719abe5504e8c63,38
complaints/year=2023/month=06/day=18/complaints_20230618.csv,9212,891b347ffe70c64e305f14e4ee3d1cbdeaf7ca971ac40da576189972db0c94d3,33
complaints/year=2023/month=06/day=19/complaints_20230619.csv,17613,433fad2dc03a40c3ef3c0e8c8a320941cc7368bc9bbcec2648161f3139515b8e,66
complaints/year=2023/month=06/day=20/complaints_20230620.csv,18738,e4a251227bd0a340457991e9652a678a7ae7a8d123625bca23c818c182edb696,72
complaints/year=2023/month=06/day=21/complaints_20230621.csv,21024,56c731323fb4305f5b620672696218d2b8518b49bd75ddcc30cf8ceda28946a0,79
complaints/year=2023/month=06/day=22/complaints_20230622.csv,15991,c3997d9728f7afee3c7eda62b45425ff623fabd3931fd96a4e1a69d8d464be31,58
complaints/year=2023/month=06/day=23/complaints_20230623.csv,15965,bfc9a38836ead8983417712fc21d5ab2bdf00bd9ac6717c46e69fd555f4ae11a,58
complaints/year=2023/month=06/day=24/complaints_20230624.csv,7981,d453c04b4f246eeee432484519f9d4df888ebcfe977effbc4ad26bfa8d85373f,29
complaints/year=2023/month=06/day=25/complaints_20230625.csv,9848,9b9d32bd66ca2292088c7147889468da519e6f7087e55b72da7d7dae47027949,36
complaints/year=2023/month=06/day=26/complaints_20230626.csv,16329,6210e427ebafc3a99e47f4ede91f50b5c225eaa524cab89a0ba5887222ce59b1,62
complaints/year=2023/month=06/day=27/complaints_20230627.csv,16862,7d7c7bba805941a340c9fb956adea994c3ed2bb0bd1bea3d5b106e14da709bb2,61
complaints/year=2023/month=06/day=28/complaints_20230628.csv,21800,5fb5d1c124cb5dbfca6bd3ec4397beeb17e755665239ee2d0fe71656504431bc,82
complaints/year=2023/month=06/day=29/complaints_20230629.csv,18219,6395cbc8e675e0d4b33696a6552d3d0637fd65fc250739d987335657844124f7,68
complaints/year=2023/month=06/day=30/complaints_20230630.csv,23646,6740d5dbd6166a528ed596d424d5631d2230b11a4a9c6e005a088675b4072b70,84
complaints/year=2023/month=07/day=01/complaints_20230701.csv,11057,c0d5fa2f5ef6175a900b46a1d49a31365a2f70e5073affd2a55390d1b93c9a12,42
complaints/year=2023/month=07/day=02/complaints_20230702.csv,9397,481fa28e8b102bf753a49053eb26fdf72af054fe2b30677caf9dba1f4807836c,34
complaints/year=2023/month=07/day=03/complaints_20230703.csv,18230,033fac59eab3826b444ddebeb8dc13ced3866efadd0940af6f76069e4f37c195,67
complaints/year=2023/month=07/day=04/complaints_20230704.csv,16182,c694cfdf313ee50e2261ae81ead59560051e7eb43b08c32c53b92ad0bbad51c6,59
complaints/year=2023/month=07/day=05/complaints_20230705.csv,22846,e231a8c368b6825d329e1c2d60f48dc8b54ecf99fa7b0b72597aedfcc4d98df0,84
complaints/year=2023/month=07/day=06/complaints_20230706.csv,17294,0bc6594787c0b8c4a6716bde1e4104d1adcbac5308f876d607f9f897135b40c7,61
complaints/year=2023/month=07/day=07/complaints_20230707.csv,20117,9c320ac6f983ec52e6b06af492c9591ef38c58b147ef6113f6a47eb35e7199ce,75
complaints/year=2023/month=07/day=08/complaints_20230708.csv,11673,9a5525b203ed2f59e4aa3d576822a1d8c0ea4ba0ac58eab7e43f51c5c1ddf078,41
complaints/year=2023/month=07/day=09/complaints_20230709.csv,9038,702531d9278117275c0083ba2a73e92a118980d9958c959400b9b257c652b2c2,33
complaints/year=2023/month=07/day=10/complaints_20230710.csv,15288,ef3f621220c9f615c86bd80cc531bc1effc4e61166693880ed2b01da26ff168d,57
complaints/year=2023/month=07/day=11/complaints_20230711.csv,20860,e7e217ccdcf6d81eba806747d4075b353fac55d01562e0ed85ba982e6eb030e7,77
complaints/year=2023/month=07/day=12/complaints_20230712.csv,20777,f60409d504f0a889970a900f8f5cc0592f7292f76446f26869cc746d44d872b6,77
complaints/year=2023/month=07/day=13/complaints_20230713.csv,18117,c552db644329efb9a4acafffe0497ccde9db10e97bb4ae459d5cc3271f03e38e,69
complaints/year=2023/month=07/day=14/complaints_20230714.csv,19334,a86a749f7e6ef260dcf1e693be30fc539f9a8e0a7c06a578bbce41c629559a07,71
complaints/year=2023/month=07/day=15/complaints_20230715.csv,8473,42e6a0eb662fe687c7f08bfbc28512861062614308bafb4a520570550ad5eb77,30
complaints/year=2023/month=07/day=16/complaints_20230716.csv,9181,0f40ab55189e8285787124bea6a13d31ec2f265ea6cc527ceb3f8b1ccd1b3ae5,34
complaints/year=2023/month=07/day=17/complaints_20230717.csv,17588,b997f2d0ad1e604e106207a8abf8d37b4933cbe5de1c8c0f9f54d65c45d9a306,68
complaints/year=2023/month=07/day=18/complaints_20230718.csv,21265,3a06f2985a7924e29d1e87183a799896589a176246e678c9c90312689d6b39d2,80
complaints/year=2023/month=07/day=19/complaints_20230719.csv,16628,f9455c32e5474bd3a807c5209a617f3aac5123a0f992465af4662d2c56fc9e19,61
complaints/year=2023/month=07/day=20/complaints_20230720.csv,21620,dc9d9888a2a1d7cb4b0aecc2e697721ca340815f3694cf4dfff7dfc2e789d8cf,82
complaints/year=2023/month=07/day=21/complaints_20230721.csv,22903,73fc842e9bb34d3c716084a85f4879742a4abdc5ee9c807dc735b4a3a56f4f48,83
complaints/year=2023/month=07/day=22/complaints_20230722.csv,9775,0b3c5e34b2fff7aa4ab2b5c7d13564739d374d0dbecd137dfeab0cdf8b83d826,37
complaints/year=2023/month=07/day=23/complaints_20230723.csv,10777,28f9b559cc7980e5e578cb924d792bbf7500c39bb35b924bce4cface485f790b,41
complaints/year=2023/month=07/day=24/complaints_20230724.csv,14825,bbf4aaec9d1b2b0b8f1029e0524a5e536d5da2a9d2f457a6b363dadfce626606,57
complaints/year=2023/month=07/day=25/complaints_20230725.csv,22524,9370e27239b047e1ac82d726b1afbd71b3171f09a71d02734d71221b63002d29,86
complaints/year=2023/month=07/day=26/complaints_20230726.csv,18441,73dbe1fba12ce3977770b03fec0bdbf2b7af1796982861f875f302c6b8ea07b7,71
complaints/year=2023/month=07/day=27/complaints_20230727.csv,20573,9f988ef5737dc0939210631b10da23dbead9383ae7229bebe85a9ea4ba00267f,77
complaints/year=2023/month=07/day=28/complaints_20230728.csv,21010,46a289c852cff3cdc9e7a8cef0f53b43c77761be63112f6a0b8c72e4e450b890,79
complaints/year=2023/month=07/day=29/complaints_20230729.csv,10868,24bbba5b8343181d602f0a09b29e5e35f66c9dc6aadee60dd6ec60e3a0350882,38
complaints/year=2023/month=07/day=30/complaints_20230730.csv,8305,bc02cb76d695752e9ebe1dbc26d3a20183e4068209cd05d70a513be2fdf7cde3,31
complaints/year=2023/month=07/day=31/complaints_20230731.csv,20971,bf2252aad94598dd857389a234abf11113bd70fe1baf22c5a9310ceae87bbc4a,77
complaints/year=2023/month=08/day=01/complaints_20230801.csv,20976,535a7da294ff54db79daac9573b322d2a6d40f15df0cd189f341562dc232a1ae,76
complaints/year=2023/month=08/day=02/complaints_20230802.csv,17645,6e20aef19bd906388d0ac7374cb2bd0abc9085a726ac5157bc1542a6c1906a0d,63
complaints/year=2023/month=08/day=03/complaints_20230803.csv,17295,eb38aa8ed9584b15be07a3412a119cf79a30d95abbfd1a5d47cdf9c2a2d3fde6,63
complaints/year=2023/month=08/day=04/complaints_20230804.csv,21170,0361d77e3df247a55843141ee8c18193abd44fc98f063003f6ffa598de09a96e,81
complaints/year=2023/month=08/day=05/complaints_20230805.csv,8473,74146b42b10d5d31cc2b3f88b17de754dd996090b768c3d4abd7d774faba4eb7,31
complaints/year=2023/month=08/day=06/complaints_20230806.csv,8823,70b19d3ad1ff8280bf051b82ac1e13b9aed86d329163813f7b6ff99b336033bb,33
complaints/year=2023/month=08/day=07/complaints_20230807.csv,16268,eb0b26375f8ba834f52660e209f4f99e8ffb35dd36c92439d1481e09f0d23bcd,61
complaints/year=2023/month=08/day=08/complaints_20230808.csv,20765,4abf5419cc56c2acbeda3d017235170958a9398b9b3432e1508c51b7364a2155,79
complaints/year=2023/month=08/day=09/complaints_20230809.csv,20640,9bd2fceafa1b7cc060044d253ee88789a7403ea9bb5f32e174890285f3c85d0f,78
complaints/year=2023/month=08/day=10/complaints_20230810.csv,22543,db8d4c33f8dd9b2152e81ea89fabec2e02cc55cb83544459c0b4a5bdbd6d5ddb,84
complaints/year=2023/month=08/day=11/complaints_20230811.csv,21643,bd3ae0e43265ea7acc59157e4b8a20718a6edffce446d5ce84143c580a1e2f3d,81
complaints/year=2023/month=08/day=12/complaints_20230812.csv,9192,5c44dda6925f995ba30e3d909b81f963b15ed1faa17f2bb6d93f7a90bdb22f53,35
complaints/year=2023/month=08/day=13/complaints_20230813.csv,10960,42b11bba792c51310461b70590e618b02cefee2fab67d2fcd1b87ae5c44f9ae0,42
complaints/year=2023/month=08/day=14/complaints_20230814.csv,18210,2149fc56fd54e6ad752c1886deaada30fc78ec847f975c59e2a2c682609c3add,68
complaints/year=2023/month=08/day=15/complaints_20230815.csv,20856,4dbfa0c17407b054845113448c4175e52c14c1ef132b29ac1e1cfb48500e27ec,76
complaints/year=2023/month=08/day=16/complaints_20230816.csv,18689,dfae47ced76a2383c7f6114a919839fd2e604edca8a7d5627bd16a00bfe18d63,72
complaints/year=2023/month=08/day=17/complaints_20230817.csv,17008,79a40ce7a8bfb4f142592395aa478c3e24edbb64a80c2442f7b8bb35d3e2c7ec,63
complaints/year=2023/month=08/day=18/complaints_20230818.csv,16508,b9bfc6aff391ede636f6d1911522d736343eb6735b718359e2812134249a45cd,64
complaints/year=2023/month=08/day=19/complaints_20230819.csv,8950,5171f6f7d4591f0e7669a27fb3d3cd6507607b4720f09d59017352e94a494681,31
complaints/year=2023/month=08/day=20/complaints_20230820.csv,10164,9cd85b539cbf1f9e3958203a57543250104e5c2bedc67d15369b53b23432e748,36
complaints/year=2023/month=08/day=21/complaints_20230821.csv,16950,5cd8e1342ed5ad4f830c65b0bdc7663c2326eca688a58a0bb2c4bbbed440c5d1,61
complaints/year=2023/month=08/day=22/complaints_20230822.csv,17645,56ed983b3859a59e0b25d92185de7e1cb62960039105410d4718dc82c845ff19,64
complaints/year=2023/month=08/day=23/complaints_20230823.csv,21167,5913be664e9bdd68f2ef2cb6dc123cc8e7304c8fe94066205e236a2d5ee269e3,77
complaints/year=2023/month=08/day=24/complaints_20230824.csv,15619,51e35e93cc6676aac1d532be05008d64fa43f3d41b23369f11beb6bd85a3524b,59
complaints/year=2023/month=08/day=25/complaints_20230825.csv,21922,9b4bfbf7fe34b239b002e9aaa1bf492d30dbafcb031e0d93e972655f6da848b0,85
complaints/year=2023/month=08/day=26/complaints_20230826.csv,11040,1e32da164b25e7f270b4abdd15caebb1be770336eaea7be900a1b07a642853ae,42
complaints/year=2023/month=08/day=27/complaints_20230827.csv,8479,699dca18f53f325d37b7b9f530be5f08ea6431b41299452e4dbe789e8c02046a,32
complaints/year=2023/month=08/day=28/complaints_20230828.csv,16469,eeb0e350681093d374a6e9b7fe614c3daab9f9f12cd893ee0ad4ebf7f66473ac,61
complaints/year=2023/month=08/day=29/complaints_20230829.csv,20859,781d0834031622a4fcf790f31215dce04321665976165a3c917645e620814225,80
complaints/year=2023/month=08/day=30/complaints_20230830.csv,17951,1e81fb32d597700ed835bd678660de32f169591643008070a2ef64581f5c6531,65
complaints/year=2023/month=08/day=31/complaints_20230831.csv,16846,e3e2b80e40160dea6cd7391afdfe647b12b308bd5b9e9b78159cadf4973e55a6,63
complaints/year=2023/month=09/day=01/complaints_20230901.csv,15826,a69831f7d5c1d339255a54caf7d3cd34c463e83ccd42f5dcbd6ac7f99690980c,59
complaints/year=2023/month=09/day=02/complaints_20230902.csv,8298,0fe439264325ded5e60b76f8a2b1537183e7fa3dfc5a40e09ae94a93aad9ff19,32
complaints/year=2023/month=09/day=03/complaints_20230903.csv,10813,700b43f2fb6a07dd5a4fdca4c2492c2816c25a036a9998b3b098ab4b538b835e,39
complaints/year=2023/month=09/day=04/complaints_20230904.csv,19401,6c265085107895ea396d2a27994567c25687ebb74259d08f0c6cc7d9d31920e0,74
complaints/year=2023/month=09/day=05/complaints_20230905.csv,19924,a8d8c0ccb865c881af1255cfdc2202e5ec2d2968b7b72c583b54bf11506f5256,72
complaints/year=2023/month=09/day=06/complaints_20230906.csv,17125,2caf1aff23d7e978c51d691e0ae85adc8d77cdc7d5b766127c8f9d08168e5570,62
complaints/year=2023/month=09/day=07/complaints_20230907.csv,18398,28266b9f93f6440344ce692ddf03429bc513a3515c275cd182df6031c6b4dba0,66
complaints/year=2023/month=09/day=08/complaints_20230908.csv,16011,338116d7a2a718e1b53bdd97e9840d8be0ccb37d4953f5899b96b18a8dad65c8,58
complaints/year=2023/month=09/day=09/complaints_20230909.csv,11373,8e489d25be48b8f6fa67e2f70a61b811e7870a8da6d86fb769770a39d37d814e,41
complaints/year=2023/month=09/day=10/complaints_20230910.csv,10483,dd03f533d08d676b54b62fa0c65fd631862e6d551b0cec349ad98d74f4258fae,39
complaints/year=2023/month=09/day=11/complaints_20230911.csv,16817,4ac14650fec7080bb640e6a6d8dcb2f2f8f07ad53c3ab4bccddd16cd448fe9cb,66
complaints/year=2023/month=09/day=12/complaints_20230912.csv,21426,ad6a4ce55a80ad85e6ff52ffd8640a8ed2b3e7909af96081a2d52728713d80a2,79
complaints/year=2023/month=09/day=13/complaints_20230913.csv,18955,eeb9c976ee6341e5cbb2ffa58850d61138c764e2daa316c3a684bd369f395ef8,71
complaints/year=2023/month=09/day=14/complaints_20230914.csv,15791,2fcc0ad636df231ca271af47f038fd07aca0ff9307cdf2f896702bc64722ce20,59
complaints/year=2023/month=09/day=15/complaints_20230915.csv,20532,39b980ac5415fcceea09779ab4ccd3f83433ba433e0e54e76dce0772b9ab3fd6,79
complaints/year=2023/month=09/day=16/complaints_20230916.csv,9810,57453aff664f91d219d55f2d44ae7d1d7303c83de004e08ba754fcedc6c97647,38
complaints/year=2023/month=09/day=17/complaints_20230917.csv,8337,e8877cb78e7af4528d875cb95139e6f38fc7a484ca4698fb2be6edb8f99203e2,30
complaints/year=2023/month=09/day=18/complaints_20230918.csv,22265,78cfec6c1c9c8789eeb97a37b353523ed2ff611cc563cfabe4c598af448256fa,83
complaints/year=2023/month=09/day=19/complaints_20230919.csv,18707,d872ad84cdde4b4ee2b318f62d6ccb5335df4e563fc52522ada3c5fb28041907,67
complaints/year=2023/month=09/day=20/complaints_20230920.csv,19821,970dfd5bc68bcc9bf98ec40ae0dfab851f1bf22b6d52d2dec420e1dd4be6bd47,76
complaints/year=2023/month=09/day=21/complaints_20230921.csv,19143,6556a3d1618833a031c9d22a9e4b229429d042cbae1153a90f36c588f564d3af,75
complaints/year=2023/month=09/day=22/complaints_20230922.csv,21845,d277907d1b4d3e93c5ca5795d46b82b0af51d3eb37768e88df1bc89aa9504fcf,82
complaints/year=2023/month=09/day=23/complaints_20230923.csv,9459,31a282ff5567d479cb3b357ae884cacbf3d89eadee0919c2a89193aa1f175d24,36
complaints/year=2023/month=09/day=24/complaints_20230924.csv,10211,914d6004809edcbd727b24c543beec793623cff8ecb7a00d49b3788d8d99e7c9,35
complaints/year=2023/month=09/day=25/complaints_20230925.csv,15775,865c9afd376cc0efd11cf1785466b4d67f6355b46b2f3da0af5c383bd79f9bfe,60
complaints/year=2023/month=09/day=26/complaints_20230926.csv,17035,ffc977f2630f7bad8d6248b56a3a99111617ac5e32f61fb413d7285c4dc8b46d,65
complaints/year=2023/month=09/day=27/complaints_20230927.csv,21054,7552c2f507f3d00dd6e8e519ac4b277c77fb91a8a79fdb72d8cba68811d2dfa2,78
complaints/year=2023/month=09/day=28/complaints_20230928.csv,17874,4f00ad3f864d905c7151b1cb26119ea41254451f0ac8907f866303a87ce7a5fc,69
complaints/year=2023/month=09/day=29/complaints_20230929.csv,19491,5091df269c48d3d43cc7e6fe07a29383b92ee1fec8a087bbb8b1220f19d30ff9,75
complaints/year=2023/month=09/day=30/complaints_20230930.csv,11354,9a9845f3744551682f9182d75a1790f26f38fba4bebcab75502fb41a3e49aec0,40
complaints/year=2023/month=10/day=01/complaints_20231001.csv,9670,bc8f30c342e207cfe8af291a28938156d41e76804b602d2f74037834ac3d989a,37
complaints/year=2023/month=10/day=02/complaints_20231002.csv,17800,20a962059b3b165de6949a25511da77a1439770b5fe43a64ce3aacea583a0ddf,67
complaints/year=2023/month=10/day=03/complaints_20231003.csv,16270,d101b78a9f76419372cd63a8b813f1fa73bb6baa8cff0919ad58407aaa33f6f5,64
complaints/year=2023/month=10/day=04/complaints_20231004.csv,17676,7d5feff53627ca2b52f8d47d1a2c710662eec857118fff8649ad09703ffdb0c8,66
complaints/year=2023/month=10/day=05/complaints_20231005.csv,20614,59d168595a7dc6125394090f8adfa2701423e24439bbaeddd3a9e5aee9e97f16,79
complaints/year=2023/month=10/day=06/complaints_20231006.csv,16958,4308d60259e60189b04d224c1c8911b30680348fa908a9893eafec4c194948ea,63
complaints/year=2023/month=10/day=07/complaints_20231007.csv,7888,a6a10055b9fdc18b69104432649f2bfaca7f52d15c36038c59478485c3462bba,28
complaints/year=2023/month=10/day=08/complaints_20231008.csv,10226,1068eae4df5ac0a8857f36a6e0f8f8a382498ab83cb251b3a3551b13e6e937e9,37
complaints/year=2023/month=10/day=09/complaints_20231009.csv,19965,cf964c3785d59c57f5cbbab9818e9373e57fbf5e1d6e0fd8872a5535d4747cdf,73
complaints/year=2023/month=10/day=10/complaints_20231010.csv,22510,7ea0e1da1935a4a44ab4cfaee1cd3f4a0ca72a943e4b649547078335a2bb6112,84
complaints/year=2023/month=10/day=11/complaints_20231011.csv,18197,25a40c73f0f83ceb63700757604d1e73cc5ad32bbd097677b023673a161adebf,68
complaints/year=2023/month=10/day=12/complaints_20231012.csv,21855,25f847f37bb7bcb3313773fd6e25152d0539f34e2c71d6e2da33d8673aed0498,80
complaints/year=2023/month=10/day=13/complaints_20231013.csv,19122,d5a0ceb07eb30b81274823b3bb87e0534a6b92e8a33d3d875ec01f5a7437891b,70
complaints/year=2023/month=10/day=14/complaints_20231014.csv,9357,3b83b2dd3568d3cec303a90e635619231ce24cb14f6d39d79de83a7deb02c681,34
complaints/year=2023/month=10/day=15/complaints_20231015.csv,8183,e3ee0ab360a85ce4ac30ab568fdc6391b499ac928f7ee23590ed176272768c13,30
complaints/year=2023/month=10/day=16/complaints_20231016.csv,19931,98b3023c287a72a8a58f4b3d4fba9e0e3ab88f65c53f2beb9256eb5055540807,76
complaints/year=2023/month=10/day=17/complaints_20231017.csv,19591,bbbfca8e7980afd23a20955192e14e8f46b6326a910691a5bb3c9fbb215e071e,77
complaints/year=2023/month=10/day=18/complaints_20231018.csv,17168,174dd8612958c1ffe42faa031b67b28ccf2e6657c3f11468177a49bf39b79b21,63
complaints/year=2023/month=10/day=19/complaints_20231019.csv,17385,590330f576b1b25c16965d7e75faa9e20950bb5ea12f535a66b459b2f4955830,66
complaints/year=2023/month=10/day=20/complaints_20231020.csv,20938,fe8361b5f814a89a0839b98ca8af8de995f64e77abada37b9b927111e801e4b0,81
complaints/year=2023/month=10/day=21/complaints_20231021.csv,9621,9e1fd00ea0ca8d9bb4a73dd2f4d93fbdc35592e134940f490668dfe00dfb5bbe,36
complaints/year=2023/month=10/day=22/complaints_20231022.csv,9857,4d07e51e20e7c02a2d3b1633f8f76d5934a85e3c1110f5b572425643d7750098,39
complaints/year=2023/month=10/day=23/complaints_20231023.csv,17827,6672dd142a48fe4ebe94bf906b15f2e5d20d00e2ff48e72e6d46071e512e31ff,66
complaints/year=2023/month=10/day=24/complaints_20231024.csv,16130,a2dde5c260954d988a06fc34f3eedda7e3b11f2a66632241c87ced28789f506c,61
complaints/year=2023/month=10/day=25/complaints_20231025.csv,19319,c4d07c3a80ce2b4ef4a07eb7669636d541a9e38c166b2c930bb368843c321e0b,73
complaints/year=2023/month=10/day=26/complaints_20231026.csv,22443,bc443620e2f98bf70abf2f92fb7754200d7406f41e36e0284ad92b522615a797,82
complaints/year=2023/month=10/day=27/complaints_20231027.csv,17546,93cb3759f1ec632378ace27c2ee67edaf153ca906c16e6c05def852b42ef2b5c,64
complaints/year=2023/month=10/day=28/complaints_20231028.csv,8110,1f24d99e23ae0a8522c3e3d50a8974fa1272a2a0541947ce31b797d343b07f0f,31
complaints/year=2023/month=10/day=29/complaints_20231029.csv,7905,24a1b21ec972f2ce6fa7340760719cb061a8c6974ba855d15ca2d6ce8af3d842,29
complaints/year=2023/month=10/day=30/complaints_20231030.csv,21427,98d8c7517b632ae1868643a7faf98b4a3ff1bf32421256662aa8cb7a35130f12,81
complaints/year=2023/month=10/day=31/complaints_20231031.csv,18929,c635e4e3ab8571ce6403ad479b1b803c7209496e1278be969a13fa4d325e9115,76
complaints/year=2023/month=11/day=01/complaints_20231101.csv,16444,f6c0d4bcd044cffa8399b66803210b8929d19429819cda440a5fdfe9d943f180,61
complaints/year=2023/month=11/day=02/complaints_20231102.csv,22389,925e026682872276d3d0787ffd4e1b26bf00fec1cba5018e8a32598a5b57c182,82
complaints/year=2023/month=11/day=03/complaints_20231103.csv,19123,37656e7245b75720a3ca344dcc968b35a5f41201670962d351fa2cd77d822cec,69
complaints/year=2023/month=11/day=04/complaints_20231104.csv,10488,c68a4b70c47c6308f4c52d16cdd24f8ef1c9cc757f1b528a25c9a7277d9fad07,38
complaints/year=2023/month=11/day=05/complaints_20231105.csv,8111,3c8263512fa8c4b1421390a32dac93da8f65ee71c71f4b78d76808bfa9a3cbd4,29
complaints/year=2023/month=11/day=06/complaints_20231106.csv,17854,1c302d5ef829e41f98d120196627edb7fda03a2977cbeb289aac5950cb53e591,68
complaints/year=2023/month=11/day=07/complaints_20231107.csv,18031,3f423327275d7b685b4073c07fe620a105ed305bd824497192930265e31e047d,67
complaints/year=2023/month=11/day=08/complaints_20231108.csv,16597,cc196173c48f0ac4846bc9564cedd11bb3b5a7765a3348af2486c4fbd57eab16,65
complaints/year=2023/month=11/day=09/complaints_20231109.csv,21216,596d74c6114f1fed3ce53137fdbdde67ec51096aebd118391ca227848fd5210d,81
complaints/year=2023/month=11/day=10/complaints_20231110.csv,17653,fcc0647e1d9c318845fd0065eb1833614a24c02791d33ff8eb4fc7d2dc8d7db5,68
complaints/year=2023/month=11/day=11/complaints_20231111.csv,9323,30bc0b2745c65dca6459903e49aeb0fe0875fe7a8e87bf551712f6f967dcfd88,35
complaints/year=2023/month=11/day=12/complaints_20231112.csv,8439,d9b24506616ce27509ce241bc6127edc51ace2f37fd120627c4b4104b2878afc,31
complaints/year=2023/month=11/day=13/complaints_20231113.csv,20194,65b63727cf57e48301fe3c7b4286d2681097bd1028425b843dca9661f5f43269,75
complaints/year=2023/month=11/day=14/complaints_20231114.csv,17214,68032e41883d5227af2b310d99ad9e1e57e1e4b84241c12b595bdf5e9411d74c,67
complaints/year=2023/month=11/day=15/complaints_20231115.csv,18280,2aa11627457e54156f42cf5caeef7c7b51711145ca29532f1b4efb78e385c24d,68
complaints/year=2023/month=11/day=16/complaints_20231116.csv,17670,d59b7ae8ec130fcaf64fd3c2bc70057adbf526647da6b4ab139a9ac83fa8ab3f,67
complaints/year=2023/month=11/day=17/complaints_20231117.csv,18512,747b4513e1f324ac8bb14fd047ce78c6a9b1ea3a05bc348d55a57239c00644dc,69
complaints/year=2023/month=11/day=18/complaints_20231118.csv,9448,2612244c0e02f9f2af62d9c4cf4791635ca6d9503b41ec7e392a7eae30e06c99,36
complaints/year=2023/month=11/day=19/complaints_20231119.csv,10305,dda7fb03af99363f7d0ae80f81de9fc813a1c1ef1c87731f3c16bf91df5427f5,36
complaints/year=2023/month=11/day=20/complaints_20231120.csv,20573,f949fab304b3fa87d02fbb15652443caffb5e39a24ce8e42fb2c6373395e5533,75
complaints/year=2023/month=11/day=21/complaints_20231121.csv,16168,9b50a2b1dfaf9aad325fc885e6a9c111b77424379fd329c262f2453acfedb0d1,61
complaints/year=2023/month=11/day=22/complaints_20231122.csv,20108,6cfb77e9fbfe36c8d72a1f7632175250465dbb38f4562422ec94ed4ec627590c,77
complaints/year=2023/month=11/day=23/complaints_20231123.csv,21439,300d106c41872aea633340e7c0d915a52c88d74b32cd5b673e9d452d00541522,78
complaints/year=2023/month=11/day=24/complaints_20231124.csv,19957,dfc6a87fac70c0761776b4bc9f369fc4d45d46a9fae10cee10c8f3cd00f572aa,75
complaints/year=2023/month=11/day=25/complaints_20231125.csv,9077,8e2f759bc0dbf1fb0ebbc6d33b1e6e786d6ba35a3a12e89c63b77edaa4aa340f,33
complaints/year=2023/month=11/day=26/complaints_20231126.csv,8201,7971489dfa901ef6113c73b6def320ff9e4e52c5a48e7c563e0747fd4f18e301,30
complaints/year=2023/month=11/day=27/complaints_20231127.csv,17716,9a6db54baa1e1906d6a5c334952d870d8cdb83d71352adaadd9e8421024be810,66
complaints/year=2023/month=11/day=28/complaints_20231128.csv,22757,0f7df87435b99ccd7c575f5fcf01e4cdad06631b3b386b2290622c6af1047a2a,84
complaints/year=2023/month=11/day=29/complaints_20231129.csv,20594,4a73b75959ad37d67ec92f64389eacfe24e9636b8c15cbd60c3e8e5a427793da,77
complaints/year=2023/month=11/day=30/complaints_20231130.csv,17570,9f12879ef994b4c01d2757a973da05faab9f9509b824bbe0fca82aea5f1e8170,68
complaints/year=2023/month=12/day=01/complaints_20231201.csv,19681,dacbb5d1c70808bd714127964454510fc8005dccd2a8afe58ce073b31e7f349f,75
complaints/year=2023/month=12/day=02/complaints_20231202.csv,9303,e54ac1929848d3749783b50c03a187444e78eb81a4c40d077b760054f46b5be1,33
complaints/year=2023/month=12/day=03/complaints_20231203.csv,8243,e5c26d0314a2f2bfa78ab44dd298d75a0cb0726b6b849e5840264a9552e98ea3,31
complaints/year=2023/month=12/day=04/complaints_20231204.csv,17500,2c1f96b86717c96cf7988d4b395bdfcda1b03666042fcd6fd2d3c6ef1aa57ff6,65
complaints/year=2023/month=12/day=05/complaints_20231205.csv,22033,8608beba02c4a3d93050d86291c0e02efd0e8251bdddfffcfdb402a0db69a2e8,84
complaints/year=2023/month=12/day=06/complaints_20231206.csv,16560,717bd61574c978a6cd3e37cd1001745572deb247837db34bba8d6af0b18fe746,63
complaints/year=2023/month=12/day=07/complaints_20231207.csv,17306,679df5c700a4b285484b214b6f7dcb69792e546ea1f54da396f479ada1093233,64
complaints/year=2023/month=12/day=08/complaints_20231208.csv,21630,9ff9eb2902681517a9d6f67113e3eb2ed7c2165337c308abdfc14635299c6ff1,86
complaints/year=2023/month=12/day=09/complaints_20231209.csv,11399,293be80001d67c5856db263ef9baedb52425603bda13ac425d3a87720dbba14b,41
complaints/year=2023/month=12/day=10/complaints_20231210.csv,10990,ef4441a1146d548f4e0f46bc0a4418ca1e6f0c85be6ef11da8257389d6dcb113,41
complaints/year=2023/month=12/day=11/complaints_20231211.csv,18116,685f7126c1cbbe6acb12e4be2e9bd54709450342a5c32fb48ba9a2ba6121c084,71
complaints/year=2023/month=12/day=12/complaints_20231212.csv,21961,4bbbeaa7bed3f7a2a49289b67abf04d56384819cdbe4785c65183437b842b0e4,83
complaints/year=2023/month=12/day=13/complaints_20231213.csv,22117,c1ab8eedafedcada9c82cdcebb19b5fc226e75d88cb1bbf078b82ff69649c8b3,83
complaints/year=2023/month=12/day=14/complaints_20231214.csv,18414,54e3c5e23340a3e4de42cddeacdea077a67de994d8c21cf244b449d65ea7331d,72
complaints/year=2023/month=12/day=15/complaints_20231215.csv,21234,65b75650b92b6e6c539dbd74f455b80451af7f0b912e1926465c96742de2e867,82
complaints/year=2023/month=12/day=16/complaints_20231216.csv,9811,250e8748a20c4f3ba8e1fb2db46e1e2460eeb6e1fe24b8935dda2aa9e7eb4039,39
complaints/year=2023/month=12/day=17/complaints_20231217.csv,8570,047b5ef175daf2579b4a2277e47b689cbe51e6a313838ec6ba2b14c7ca24075b,31
complaints/year=2023/month=12/day=18/complaints_20231218.csv,20865,727dde0e1c0a6d7f76ff0096e4eb482780688dc54221adfe82a10cb413090c36,82
complaints/year=2023/month=12/day=19/complaints_20231219.csv,20755,4bdc188758e8aff899217164f44482ed089ab719c781695a19697edf9eb181bb,80
complaints/year=2023/month=12/day=20/complaints_20231220.csv,20421,f961f79931fd499266797ffd0093c7c20cab5b30833428127a20a129d2a919c2,81
complaints/year=2023/month=12/day=21/complaints_20231221.csv,19538,017ffcce6609ba78e2514cb8ceff0c134496e07f839745acd3a92139656d8e2b,73
complaints/year=2023/month=12/day=22/complaints_20231222.csv,22526,b5c39cdf93b1dbe78f3d5bdb14d5f852479473298948b4ddc87ea8aef4308456,84
complaints/year=2023/month=12/day=23/complaints_20231223.csv,8878,f98b39bda33e5398d030c4f2a8f97f1f8c6a5354ec77e419b27388a140764abb,33
complaints/year=2023/month=12/day=24/complaints_20231224.csv,9177,6d1aab89098d7efb39804fb959072c9f57a09f03c1bfcb4c6581399edcc5fe09,34
complaints/year=2023/month=12/day=25/complaints_20231225.csv,20604,880a1bbdc0add340bfbf2abc8ed0810930e95d9f38dd15565eb8e2c12d133772,77
complaints/year=2023/month=12/day=26/complaints_20231226.csv,18504,6bdc0817b778543517126b0d88d8742ee6c036ac8bc1e74a77fb04806fb803f0,71
complaints/year=2023/month=12/day=27/complaints_20231227.csv,19462,cd7237273ff4ec05dc080b0190384af34eb254db1b3478bd2f0e900d0546d600,74
complaints/year=2023/month=12/day=28/complaints_20231228.csv,20310,a6924932a76114f66da2d3bb1f7b78f0e21ba8024fa0f32981a3ea8fd6bcbe7e,79
complaints/year=2023/month=12/day=29/complaints_20231229.csv,19862,7e4f8fac8606dfa09b0253913c1be5f409638df42fabaa0a50768578bdc6545a,70
complaints/year=2023/month=12/day=30/complaints_20231230.csv,8443,7b59634a6d7bcdc40d3b04c274e389f83f79ffc994880f7b9c16daf261a09002,31
complaints/year=2023/month=12/day=31/complaints_20231231.csv,9087,f1045eac50c0b659804fe831dad1191020cb497a1495b5f5b5cedc8994874136,32
complaints/year=2024/month=01/day=01/complaints_20240101.csv,19073,870649b504c1ed8c396311474345c87fb4e82a3b979494808e536c86e8439790,68
complaints/year=2024/month=01/day=02/complaints_20240102.csv,16494,7d40dcc65e4565580bcdde26172ef138773039c4e7c553819f2582d1591dbdf3,62
complaints/year=2024/month=01/day=03/complaints_20240103.csv,19608,607288a19701a5ad7a1c396a71dd389b39ef925124edbacb7eefc2987aa9d0f2,74
complaints/year=2024/month=01/day=04/complaints_20240104.csv,15798,c499f7f95fc7c153bf735a0250869e213931e5ae5c479772b854785bba4b2bfe,60
complaints/year=2024/month=01/day=05/complaints_20240105.csv,16080,20fe05bbfab2ab27dd45895434954328baae0659a07762a0ed5717d1317b7f3c,60
complaints/year=2024/month=01/day=06/complaints_20240106.csv,11082,1e04cfa127bed9e6ee02c294f3e05c702d26d1c64f9c6cf98817388ace425218,41
complaints/year=2024/month=01/day=07/complaints_20240107.csv,9360,05e37619bb26fd350a1fcd4064693592da8ca088d7c6e5dcec8ea5052bceb519,34
complaints/year=2024/month=01/day=08/complaints_20240108.csv,19089,c4850e0616e4182de43a5af5b5523fb0ff0f87c9acc04bb04857c449cc0b1da2,73
complaints/year=2024/month=01/day=09/complaints_20240109.csv,22451,f6178f11cf7820c5bc3d303af40ebe5d9b6f0d0848eb33c6ce77a69748fc89d1,84
complaints/year=2024/month=01/day=10/complaints_20240110.csv,21670,98b867f8f864dbfc973865232c3dad5f69ed445f5756b1a798075afe28b4b11d,83
complaints/year=2024/month=01/day=11/complaints_20240111.csv,21467,93ed4b00ea8c6b7636410255e1551cf391322c0e64d9e32c5902e25c97411548,80
complaints/year=2024/month=01/day=12/complaints_20240112.csv,17165,bb3498c081d26fd9b666c119ea571074371268c1b14382b26f7609897412e5fb,65
complaints/year=2024/month=01/day=13/complaints_20240113.csv,10018,6d7829b06ece65bac6f54fefc87cce7795bb26a9c6844b5f94eae42a52669d65,33
complaints/year=2024/month=01/day=14/complaints_20240114.csv,8983,074bacad8709dce53647a2322b33b6b2291116f70b05a50a3adc3e874528abcc,32
complaints/year=2024/month=01/day=15/complaints_20240115.csv,19957,f62a413ef723ade871a6234c2431119ac09c2c815bd338c5131b6a167442722b,80
complaints/year=2024/month=01/day=16/complaints_20240116.csv,17623,ad5e50fe54d4c865c90109f92f6ad17f7e0c70e751b1722aedbf30588c60244f,64
complaints/year=2024/month=01/day=17/complaints_20240117.csv,16595,ee3234ce7daa29fd2b95194c88f2afad543bb490a2e416225b123f7a803dda65,64
complaints/year=2024/month=01/day=18/complaints_20240118.csv,15760,e4cc3b251355f735f1fd91dc88406c527846b45ea01bd458c7cb058c9319bc49,60
complaints/year=2024/month=01/day=19/complaints_20240119.csv,15577,8da6d01a5ffbe63c94e1dc2f9e12a7f172edf78860fb96e707adf7c1b0a2ee57,57
complaints/year=2024/month=01/day=20/complaints_20240120.csv,9682,f87259e5c059a8dd24160460fcf003e2cdd468d09ff55075aa5bcb8c616f67fd,35
complaints/year=2024/month=01/day=21/complaints_20240121.csv,9066,907bb4c7584f9c55b40338e936ebf4affd19ab1141ea608e1d3f647f16af0db6,32
complaints/year=2024/month=01/day=22/complaints_20240122.csv,21598,190104a6e28e50904f3e5c222184c600f67efa21077cc70028ae2b4be4f0a38b,81
complaints/year=2024/month=01/day=23/complaints_20240123.csv,18836,84d9dc560ee929b3447cab8d9aa52401d289c3a40ff6fdeb9b68de9a384ae39e,73
complaints/year=2024/month=01/day=24/complaints_20240124.csv,21942,cb07e963b3a09ea23be03aa82e98fff551e77e0e23e8cd0813beb29b82d8dac0,85
complaints/year=2024/month=01/day=25/complaints_20240125.csv,20223,38c8d5c5e2f23b76defc269d5293285ee31a9e3f0c9acd3c9a0fb562100a5cb6,78
complaints/year=2024/month=01/day=26/complaints_20240126.csv,16355,9f170bef842ebcfe06fd0586ff1f2e5c80beffdbcdd18f9adcaba4135d655aac,61
complaints/year=2024/month=01/day=27/complaints_20240127.csv,9346,a43897235752c507642c23d0ffc2202212503bf143aaf279323b7672ee9e9722,33
complaints/year=2024/month=01/day=28/complaints_20240128.csv,11363,ee47a7e2c59fce21067916d97aaf544c5fb921a2df273d70d4df178375f923f0,40
complaints/year=2024/month=01/day=29/complaints_20240129.csv,17631,ac07b6caac909e85aa6f27fd90d23dd06217b772f82f899a14a3c1b3eea1722f,62
complaints/year=2024/month=01/day=30/complaints_20240130.csv,16184,207dfc2d17d46422a32781d3c7412ad1c4e9de145d163cde6a150a98e16c41ed,62
complaints/year=2024/month=01/day=31/complaints_20240131.csv,20982,2968ab788b2944320feaa8b8af5834ec65c4f28ccc75a200ef326c92715a21d6,82
complaints/year=2024/month=02/day=01/complaints_20240201.csv,21114,9a4c96aa7fd90a8ca765ed7dbce7c79025b846bec6fe897ad2234e98d022781a,80
complaints/year=2024/month=02/day=02/complaints_20240202.csv,17842,406308208e8af2105d42acecce5ff8c402e51f0d6e41796a5b74061a7a7182c4,65
complaints/year=2024/month=02/day=03/complaints_20240203.csv,10208,aa878b7e5896f4d59bc8fdeaf5110baa772ff7788ff84f1a68c7bf353be795fa,38
complaints/year=2024/month=02/day=04/complaints_20240204.csv,9778,c0550eafa79ff425a7b8521f1f0e5f30f7c5a7e039712d8c1a54bda36fd8a755,35
complaints/year=2024/month=02/day=05/complaints_20240205.csv,20580,5187109f9a835905be1b2ff001869b3b0a0ff490125927a4f35c737820474a4c,80
complaints/year=2024/month=02/day=06/complaints_20240206.csv,18239,a6709d37841bafcad3a385d82b02435a7cb495211018306e03af273b94a86a4b,69
complaints/year=2024/month=02/day=07/complaints_20240207.csv,18654,1b15600665bf07cf44a46442f5e07c398bcf4553c438f88eba77c3b24660db3e,67
complaints/year=2024/month=02/day=08/complaints_20240208.csv,16265,9bf7a4866cdeda186cbb353181d8afef49600743e38720a120646b88bc60c462,58
complaints/year=2024/month=02/day=09/complaints_20240209.csv,19687,542a05ab9ca4f73f1f61e42f1f2ceacf60590914257e16b498dd3f8e60257e65,71
complaints/year=2024/month=02/day=10/complaints_20240210.csv,10840,7d21ab55adc40d945c4377613c12c64936670cfe46467e983dba5261042ca6a2,40
complaints/year=2024/month=02/day=11/complaints_20240211.csv,9362,8ccca2f80e7465a6708641560bcc08dec85c629b39e1adc38a8374f8bb10f55e,36
complaints/year=2024/month=02/day=12/complaints_20240212.csv,15526,02fc6650fe51a40e353c7a72fef7085a088fb08c060df8ac9ed4b98512a64244,58
complaints/year=2024/month=02/day=13/complaints_20240213.csv,21832,6f5f192b41412d775913491915ca3346bfb72f2bc68960971723d892716e493a,82
complaints/year=2024/month=02/day=14/complaints_20240214.csv,17821,a89ab3b68da515e31d63f1ed96d95a55af91fafe9028bfde5e9842e5aa60fd04,67
complaints/year=2024/month=02/day=15/complaints_20240215.csv,17149,39e9320bf8b65405bee7a6b61954442077d8a4ce9711ee9f95e4570a8599da31,63
complaints/year=2024/month=02/day=16/complaints_20240216.csv,16108,c4b9a1bd1640b2129465d99d90751b70492665f4820b5a80e46a2eb8fb87395d,60
complaints/year=2024/month=02/day=17/complaints_20240217.csv,11223,95a12ce1973085d5a5bf7121de916b71c1f2e636a54bb37dddf9892e7ac58656,41
complaints/year=2024/month=02/day=18/complaints_20240218.csv,9114,1e8ae79361d3e9b60a34baf08659a86844353d1fe73532228a97d57b5a935485,33
complaints/year=2024/month=02/day=19/complaints_20240219.csv,20325,fbcbe8222b4a452d5b9402cd91105c19a6aff8cdcb6dd597d52e90c2595ffcba,78
complaints/year=2024/month=02/day=20/complaints_20240220.csv,16108,b10d48267bb2b676a279b80255be282054a47901f119f26d2b73f84102b34c73,58
complaints/year=2024/month=02/day=21/complaints_20240221.csv,18756,03841034b0d2ee4ad5d35b809f872b7029e6fc23296f50b4a1a613e17cac2781,70
complaints/year=2024/month=02/day=22/complaints_20240222.csv,18292,750e736ebc9c3036406e03d891a0cf024de66d643bf3bf989be3529108d5dac9,68
complaints/year=2024/month=02/day=23/complaints_20240223.csv,16044,002577ee0e720d547a2042b9709ef3c3bff564f5f63e2780ba5346537050d56f,61
complaints/year=2024/month=02/day=24/complaints_20240224.csv,9004,8d15132d42b9e70e09c0e78effcb3058f7294c66f5eef3214a9eba0e5eb35c17,33
complaints/year=2024/month=02/day=25/complaints_20240225.csv,8850,80934c966da800200184cde1326b947483f7b779460b68650bc758b5480a0a6b,31
complaints/year=2024/month=02/day=26/complaints_20240226.csv,21365,2867973db8486f2f5b8338436d03921c1c2d8fcf91c6c256aeb4a82b0205fd20,79
complaints/year=2024/month=02/day=27/complaints_20240227.csv,21015,9affa22cb76fb103dff4f446047a9088f31c0e2bfc88efa3ea9d2ac6132ea5c2,78
complaints/year=2024/month=02/day=28/complaints_20240228.csv,17042,4e731d287960f9450437b076be41a9d4412f7f3469068ec7c9fc6827bdb90627,63
complaints/year=2024/month=02/day=29/complaints_20240229.csv,19156,20f58259b44dd2a19223d2ae4991bb8bdc469396923a1bfb520ff70077392dd2,69
complaints/year=2024/month=03/day=01/complaints_20240301.csv,21395,7ecf205a79e0cdafad0c26e8cffcbba2cc1d80f109c4d68f504b2090f25e97a1,79
complaints/year=2024/month=03/day=02/complaints_20240302.csv,9130,cdf02c6d7ad63f4cbdbb3a0199df69e1b334508c5640b40c8a5611453bf86a4e,34
complaints/year=2024/month=03/day=03/complaints_20240303.csv,11345,8fa79cbf38d2eb8cf170bbd42a98d81f897856a2155741f1090bedb836c95554,42
complaints/year=2024/month=03/day=04/complaints_20240304.csv,18186,3dc03c0ba01e35e29b3f899f0fe4fe9062ab633cd6d0780f0d83d1b6d2c3ea6a,72
complaints/year=2024/month=03/day=05/complaints_20240305.csv,17058,a3f195444aa0116a6d75ce518fc65c34097071f7bf2bcaf2f4902b4586109712,62
complaints/year=2024/month=03/day=06/complaints_20240306.csv,21606,e2b0c557098d0e67c2cd15ea9aef60c8db22842e3a5c23c30450c78a29c8b7aa,82
complaints/year=2024/month=03/day=07/complaints_20240307.csv,21999,cf77bf2949a428edc8888675492d9ded73846c9100ba93e7ff0bead87f874632,84
complaints/year=2024/month=03/day=08/complaints_20240308.csv,15634,63dd9b24b470e4f383e616497ed5965aab4c46c4dca960253878fc5543304768,60
complaints/year=2024/month=03/day=09/complaints_20240309.csv,9798,338e16df33cd1fa71d8fc5d2c97af38b841ea34259ad67b06d44645c6c702a5f,39
complaints/year=2024/month=03/day=10/complaints_20240310.csv,10675,2d2b905504ca0c794962586c6984fb6c5ffcbbf982341f714b4e9c4215507745,38
complaints/year=2024/month=03/day=11/complaints_20240311.csv,22818,aebfacd91dec147e6709248883c8bed3e03d96beeb6f7d9de04c02828906aab3,82
complaints/year=2024/month=03/day=12/complaints_20240312.csv,20943,1b73f44fd102b1652047d0182d7be6a3f0fdc9418ae3f942412a50bb1728b84b,78
complaints/year=2024/month=03/day=13/complaints_20240313.csv,21073,1f496f8f032294c2dccf67f3800492730a4c2daa1036996a2cb9491a9fac415d,79
complaints/year=2024/month=03/day=14/complaints_20240314.csv,21173,e0f9beb86510c51458b25310827542f2f74bd468b6221f750f0ebeb86c3250ee,77
complaints/year=2024/month=03/day=15/complaints_20240315.csv,15222,060b7d5bf37bcc0a12d9a51a5597913304dd34e43e8a013367811cba118fcc56,58
complaints/year=2024/month=03/day=16/complaints_20240316.csv,10864,df1d6bf1a964884c7e12d03e3720e1145c82b99327ec12503c50f7669fce6739,40
complaints/year=2024/month=03/day=17/complaints_20240317.csv,10193,a57b43aad8ff52559c10d84fc2b086c2f53c353d64dc01c1d596f6966760e4b3,38
complaints/year=2024/month=03/day=18/complaints_20240318.csv,17308,f5af32ba41f1e5be745be8efadcfb22cb9c806c480462ef0df791fe624e1a710,63
complaints/year=2024/month=03/day=19/complaints_20240319.csv,20913,0c6269219a33b6e47c86899ba030e29c68a084226d9f14ed14c2c9355fe4f1a6,81
complaints/year=2024/month=03/day=20/complaints_20240320.csv,17225,6a8f89ec4e0e33c0a222897b37e176d1dea6db0448a1dee3810cb4e7e10644fa,65
complaints/year=2024/month=03/day=21/complaints_20240321.csv,17911,ac1783b5e8d9694483adcddc28c4aaf74a20a196949793f0734188ef71f29937,68
complaints/year=2024/month=03/day=22/complaints_20240322.csv,23196,ffe642611d910ebd7b927a181a307d8ce711961515875440832542d91301d9d9,85
complaints/year=2024/month=03/day=23/complaints_20240323.csv,8604,4a217089672782f2fe8e578dd72bdc8f1bd11913f9cc691b86bc28a5f896cefb,31
complaints/year=2024/month=03/day=24/complaints_20240324.csv,8740,1009d788ce65a26eae6af2735919637da6a93d6b2334da3141245e4f21b270c9,30
complaints/year=2024/month=03/day=25/complaints_20240325.csv,17646,e7372f71619f9e808a983de6a6087501da326dc4b63b1b52c2778d328fed6276,66
complaints/year=2024/month=03/day=26/complaints_20240326.csv,18939,895e8b5e062cebd3c2e843d3633431ab984ba2eb2d5c2534a1918495b8ccbef0,69
complaints/year=2024/month=03/day=27/complaints_20240327.csv,21971,1f8eedfe1d7eb64176475511fcb509a74c896ef0ec8921e8c7c6588e96c07095,83
complaints/year=2024/month=03/day=28/complaints_20240328.csv,19348,dd4b6262c6931fc9574a21a1c99d81fe448e16e5870745c898126e7fca86b79a,73
complaints/year=2024/month=03/day=29/complaints_20240329.csv,22133,ef928e90b3a2beca4a6f51d85362c09eabf8c16882c928db3939da0e725ceb80,82
complaints/year=2024/month=03/day=30/complaints_20240330.csv,8525,d62d8155632d9cd8ea113667636f404491d22dcf637495f1511fdf3d21e97255,31
complaints/year=2024/month=03/day=31/complaints_20240331.csv,11624,09e2b6202bac5065f5a87842208d00491605fde273b449206d8fe9496db6fba9,42
complaints/year=2024/month=04/day=01/complaints_20240401.csv,15925,7e7912623a3d69537cf3167da503ce681afab56430ef3acfba8e7544b3dc0d62,62
complaints/year=2024/month=04/day=02/complaints_20240402.csv,20888,dafa6822cf2faa70538fccd19319b6437e1e2e80e138fe3b68e8394b12a75cce,83
complaints/year=2024/month=04/day=03/complaints_20240403.csv,19326,7b7fac366c75eb8557cb523b9272bb6876b9669e7d8f74af19bfc3e2940b8f6d,71
complaints/year=2024/month=04/day=04/complaints_20240404.csv,22046,d773137fb744eb29a67ae5dc087ccdb4280fb89d48a153f10be447397cf60f50,84
complaints/year=2024/month=04/day=05/complaints_20240405.csv,21721,be8910c63825d79d8896b32fb5694fb072a85061ac980f77e5ba8a9b2ce77062,80
complaints/year=2024/month=04/day=06/complaints_20240406.csv,11152,e4a61ddbc6b95a5c02bef2e355834407466b51c11ccabc971045881ba94c4de4,41
complaints/year=2024/month=04/day=07/complaints_20240407.csv,8516,d6a6be49396d17e5ad6035fad97ccfc772819d9de0a75290296d3405767705ea,32
complaints/year=2024/month=04/day=08/complaints_20240408.csv,21323,f16822b3813ca19800071a30a088b48934be11480735346e1d87ca4039aa5f9c,79
complaints/year=2024/month=04/day=09/complaints_20240409.csv,20145,b88750fb9ca6af1c53ffd0ebfe78b91a20e261dd5d108caf4ff9a9fafea85fe0,78
complaints/year=2024/month=04/day=10/complaints_20240410.csv,21823,11fee031d8fc7a5e1b16a5df6c0d218d1a6d8156d1d0e506a240a07272636a6c,82
complaints/year=2024/month=04/day=11/complaints_20240411.csv,17669,4732b11bb69bdf2343b666ce385e9604a1f9cbbf3e19bbbe7af9be9879b63a0a,64
complaints/year=2024/month=04/day=12/complaints_20240412.csv,20712,5d3661ae031e91976adeeca5522e0363fb1ef541e3c577e98cac812885ceba00,77
complaints/year=2024/month=04/day=13/complaints_20240413.csv,10511,dc81e36e524ade52b6f289747fea561baea947f958fdf6f4fd9e01f7c98c9afc,37
complaints/year=2024/month=04/day=14/complaints_20240414.csv,8326,e96befda7261f801292081e74af682de48ae7bf1429e61dd7881bca616858915,29
complaints/year=2024/month=04/day=15/complaints_20240415.csv,18805,f85d4b2922e71c107e9b5625857991670c132deaf707dfa71a3b0c72617e12f4,72
complaints/year=2024/month=04/day=16/complaints_20240416.csv,17883,c39ebdd1ef5330f9dbc705f69f53b31853f6520d759881ea13fd706ddcfe76e0,68
complaints/year=2024/month=04/day=17/complaints_20240417.csv,15844,c8988a9ea9d1ef4ea88c32e3488555266d4a8ca9f73208a900a3d60c40175f1b,58
complaints/year=2024/month=04/day=18/complaints_20240418.csv,19387,cd822ff6f4bcdb3c617a82bfc2dba5f2d39024b0675c316899c3907baff75e7f,76
complaints/year=2024/month=04/day=19/complaints_20240419.csv,18475,b11c18f1680632b4c9429fbbd1e81a8bfb05f55a52951b055322afe116a94a66,69
complaints/year=2024/month=04/day=20/complaints_20240420.csv,8992,bc2f5ebdd63879a32aeea7e6da7e50eec4f7e3e050bed38fb5b5a9ec5fc479ec,32
complaints/year=2024/month=04/day=21/complaints_20240421.csv,8201,a16650fa1b7b4f867907296ed509367835e719b2de86785ce2c9eeeb272cb72b,32
complaints/year=2024/month=04/day=22/complaints_20240422.csv,19018,8311e3e13fecf811acdab6c5b6cb058469cdb89cc1cfa72ab98d6019866db1f1,70
complaints/year=2024/month=04/day=23/complaints_20240423.csv,16356,d69ea4dd645a83d14f8fa19fc08bd4f035ad23eec4d3ec07ac552d3ff75109f5,59
complaints/year=2024/month=04/day=24/complaints_20240424.csv,21765,54c0a8600ff8dcdb152bffa42fd8ee144f65eae7e2f9786293c747d1092fbf54,81
complaints/year=2024/month=04/day=25/complaints_20240425.csv,19576,adb7663a7aa32b8299f78c3b4a1b6b8ae7c49acd7a3f1928f15f220215b6c301,77
complaints/year=2024/month=04/day=26/complaints_20240426.csv,18151,e77bf5f68c8abe4924887a22d3d66c40b246cd509cc706f441ed8a9ef17ef57f,65
complaints/year=2024/month=04/day=27/complaints_20240427.csv,11015,d4b266fa7c9f63a4f86536a891afd56b95afe1910301fa4ce2d335280579e5ea,41
complaints/year=2024/month=04/day=28/complaints_20240428.csv,11513,c520d8c89a3474a3de37d0d7c0ad7dc0da227a0f13c9ed30a5629542036e1fdc,42
complaints/year=2024/month=04/day=29/complaints_20240429.csv,17454,31e7840c219b012e6734b92aaa9052abbad20e04994fe36e29b8d24c33664912,65
complaints/year=2024/month=04/day=30/complaints_20240430.csv,16465,bcc52e07a1d08950165ca29f27f3aa8b161d83f915d985a5e766f334a837a767,62
complaints/year=2024/month=05/day=01/complaints_20240501.csv,17355,89c1232a6db14a33817cb91dd98082c355aa3f9c827499c76e2304f07a406277,67
complaints/year=2024/month=05/day=02/complaints_20240502.csv,19003,812677a4387ccc8aeef4cc8ec6ce7b6a198f2878e79b40754a454999a6a77025,73
complaints/year=2024/month=05/day=03/complaints_20240503.csv,16154,e3f6fe6b8dc9dc794d8a33ed244a074f0694917b2e16965a62d1afe3d457b565,58
complaints/year=2024/month=05/day=04/complaints_20240504.csv,7789,10b9401d3dbd8a3ad4cad29a1261732fb520de5a99fd9e6a433f28647bda5064,29
complaints/year=2024/month=05/day=05/complaints_20240505.csv,7873,2a7217b7515b7fc7e3ba61598a58ade84a65ca0365203d407a26687f772d89e4,29
complaints/year=2024/month=05/day=06/complaints_20240506.csv,17314,0b5b6c8c76d98dcee75b43cd7a73f6fb3cc7e08a424b5723f222d2ed7157ce65,65
complaints/year=2024/month=05/day=07/complaints_20240507.csv,17133,5fa0f2aae8be4e736db82a1e10cc8eb230615d0933e979c395b1d245b3ac0fe9,64
complaints/year=2024/month=05/day=08/complaints_20240508.csv,19567,7c0d309f914085d68f939c3eb8d635bbf6bcdbed9e9521aeb0c004dc6592e3ac,71
complaints/year=2024/month=05/day=09/complaints_20240509.csv,17642,d332468c02f7383885c47b4410438f090f3b465145bf930a74e13dc541eedbe7,67
complaints/year=2024/month=05/day=10/complaints_20240510.csv,21318,1454fd55bc5877089f432d34f776951ffb167e57fc4a16b0d30b96fe9ee5ecf5,78
complaints/year=2024/month=05/day=11/complaints_20240511.csv,11337,813df4d06cb6d010bbd8dae773aa27f2bcde535af5e9f7295345190947e71595,42
complaints/year=2024/month=05/day=12/complaints_20240512.csv,10604,a66f95d37abbc7082b920a95326fedf86b1bda8c61dea03ec80fe0e00465f1d0,39
complaints/year=2024/month=05/day=13/complaints_20240513.csv,20497,f008ed06132cabbe36004f85ae32fe6a26690f4aa86857c7aaf405534c509382,79
complaints/year=2024/month=05/day=14/complaints_20240514.csv,19908,63a9458471eabe17cc39087fdd7394f899bc2d2524467157bfb2cc2c3d235c72,73
complaints/year=2024/month=05/day=15/complaints_20240515.csv,16216,32e9789065b155f61f313b8792a21a58a501d4cddc1bb2b7fdbeeafa7e5ff001,61
complaints/year=2024/month=05/day=16/complaints_20240516.csv,18370,42f6cee05a134cb80aa9b77ce7a982045747a667413590a221bc642200770008,69
complaints/year=2024/month=05/day=17/complaints_20240517.csv,20272,65efa86118da98b87323d79724d084673f1b8bce004bea2fad1d00f848d5eb75,72
complaints/year=2024/month=05/day=18/complaints_20240518.csv,9138,576b0d3baaf93f356404345540f35f6f948d8fb99903426e5109cf00d900bea8,32
complaints/year=2024/month=05/day=19/complaints_20240519.csv,8349,a931f98448a07cead5d5520946358d7a3094845cd918f0f48d0d71c6fe744497,32
complaints/year=2024/month=05/day=20/complaints_20240520.csv,17056,ad999d4d88169cba4a87d7fd6ab06c00ec5e9ad251e1561ff68e32cd77fb3620,63
complaints/year=2024/month=05/day=21/complaints_20240521.csv,16573,9e8ea28d78ddb20c804de0ece0399f45bef7d6e4faaec959a2e5f1267ee25ad3,59
complaints/year=2024/month=05/day=22/complaints_20240522.csv,19144,fdbe4dd79a0d5e7ab476d83909ba4ebdc58baaa9224ee3ff33559d1707defccf,76
complaints/year=2024/month=05/day=23/complaints_20240523.csv,16796,52f945b49907b556eb06e7674c6ac918e926697d709b5e4e10cf2ffe8e41da79,64
complaints/year=2024/month=05/day=24/complaints_20240524.csv,17701,84e14e06274220d05f097b4ee5505dbb296b5496a8dbe2c40cbd8a97a607cb34,69
complaints/year=2024/month=05/day=25/complaints_20240525.csv,7825,708fdc5fec287b677e3e785e85543da2ee88f0b2ba625009e0ecfb8e8013fe9b,29
complaints/year=2024/month=05/day=26/complaints_20240526.csv,11935,575ea6c5e52a3f8e96f9300ae03206dd898fe1f529d86b0d71fb705a18f72b9d,42
complaints/year=2024/month=05/day=27/complaints_20240527.csv,15582,24ab0a32e021e8e5d55530c8cce138aab358eba951b01b57dba0563092872ec3,58
complaints/year=2024/month=05/day=28/complaints_20240528.csv,17509,32682585e60e5f5cb0d7a454aa9b7b33b1ee0ffff0c28a09dd4fa2aa07ece328,64
complaints/year=2024/month=05/day=29/complaints_20240529.csv,20245,0d25a7fb08d7bd94df682737c98a58c93d05a0fda0ccfa785ca30adb1181cbd6,72
complaints/year=2024/month=05/day=30/complaints_20240530.csv,16291,33c79445101c5b045a2aa7bf5ee96b6e784f6078bd7a6368c15ec7d488c7d00b,60
complaints/year=2024/month=05/day=31/complaints_20240531.csv,18724,84951cf4b3540691864e99c911f6eb09dda3953ccfae84a9aa8ca9be9d2bf4f4,67
complaints/year=2024/month=06/day=01/complaints_20240601.csv,11174,68497fdf65d2a5873b5f68fb94bb89064e6bd2a9c9e2fb0e38eabe84de1ba0e9,41
complaints/year=2024/month=06/day=02/complaints_20240602.csv,10751,fb23ac47877afa9e77fdd9e413eda0a17b053b05dc940cb3c4705b0d3c9d13a8,39
complaints/year=2024/month=06/day=03/complaints_20240603.csv,18843,3d7cbb07945225ac2d9629ff727ee4c701998b67fb5babbb9d7af4bff937a5bb,68
complaints/year=2024/month=06/day=04/complaints_20240604.csv,22179,dfe61ac66713c204ce028d213f20420736a5cbb07270dd552bb23fd8d4f4c9bd,83
complaints/year=2024/month=06/day=05/complaints_20240605.csv,16221,4aaaae0ce2420c66afaf4747c5cdfb2c7ebabba77f5001a12921c319ac62ae4a,58
complaints/year=2024/month=06/day=06/complaints_20240606.csv,21612,1f4c29287cde80526335c25c4912852a4cb1148998fdb352cce6fee4134b2d25,82
complaints/year=2024/month=06/day=07/complaints_20240607.csv,16532,fdbc4e24277073edb3f206e61fa6b35fc0bbcaf6b375673b35d33ab3d31e98fe,61
complaints/year=2024/month=06/day=08/complaints_20240608.csv,10159,86b7cd7a44a80555cd14d13f94fe5d7368627fbf4c4adc7657aa8d50474cb659,38
complaints/year=2024/month=06/day=09/complaints_20240609.csv,9944,b67dd81c7b59738db4d6827d9411d6a290f439af3337c68302b439a310a676e9,37
complaints/year=2024/month=06/day=10/complaints_20240610.csv,19650,e651b89159d1d49ab9b7efb85aa2ac55dee5fbebed66c5fd8ef27f8bbd753eb8,70
complaints/year=2024/month=06/day=11/complaints_20240611.csv,22080,e26295b3c19378485090a6cdd9f6d2f8ace08222aae6a9d074f37fc09ed65dc2,82
complaints/year=2024/month=06/day=12/complaints_20240612.csv,16365,ad1e5df6bc435e56bf006a0ff3f66c4f55951a2172d8168c4be8472303cca2a6,62
complaints/year=2024/month=06/day=13/complaints_20240613.csv,21362,83e75c1870a81cd1ae22f0dd7cd61e5213bac50325a3113512f7c2d40b70e3b2,78
complaints/year=2024/month=06/day=14/complaints_20240614.csv,22032,e66c4e19b4e5a5aec63d1beda6a573330593b173dfafbeb4ef6f80a4298fb84f,81
complaints/year=2024/month=06/day=15/complaints_20240615.csv,11164,d0d0039e5b7e0d6934042f0935d1ff122eba71a75424b6bc32475dbb5d2249e8,41
complaints/year=2024/month=06/day=16/complaints_20240616.csv,10492,1d72c26517f8fa04ee024b712d475350ed70794e59b989532f23559621950ab4,39
complaints/year=2024/month=06/day=17/complaints_20240617.csv,17812,70baabefa6f4f54983a277fb709390b210d045f4d329364e02e4a04568479ad6,66
complaints/year=2024/month=06/day=18/complaints_20240618.csv,16982,5e6d92c5f9658688d51e0e5ba93141b8cedd321e63d4df0b4fff0ee7d37816c3,64
complaints/year=2024/month=06/day=19/complaints_20240619.csv,15888,11f422cf7a026358315e64ad00817f572a35afbf04798fa432b6004c15f34cb9,59
complaints/year=2024/month=06/day=20/complaints_20240620.csv,18016,c49490331367dfabe6fc2dca9eade35089b6e6dc0e39997f4f767e45079c7609,69
complaints/year=2024/month=06/day=21/complaints_20240621.csv,21858,906633b029ab889188ab4a4378be577467f1dd7e919d605559ac69ba737d3e19,82
complaints/year=2024/month=06/day=22/complaints_20240622.csv,8872,1e4a205281f72768723d889498963c09824047fef7fcb4d3efe8c06bb5674d8b,33
complaints/year=2024/month=06/day=23/complaints_20240623.csv,10861,c54ccd06db4f835cd248611621c837b4f4042d17ce66d4011a498e98247ed9a3,39
complaints/year=2024/month=06/day=24/complaints_20240624.csv,21460,cbe27e0f1b7b4980c46da6ab02ce14e8d8926d36eb73a9f61bc792f8948d9fe1,80
complaints/year=2024/month=06/day=25/complaints_20240625.csv,17664,60659a930e763d589fd888011d509d50a0100519f9ba63e6712e883d09f08da9,69
complaints/year=2024/month=06/day=26/complaints_20240626.csv,20131,116afb3acf4b2495d22f80950571a6dd5ead41a7d8d382a35fdb451edff409ea,75
complaints/year=2024/month=06/day=27/complaints_20240627.csv,16486,dee1e2ba679d1c8862f0984c405b32e6816ee4925312983cbdd1b9e2e3781a9f,64
complaints/year=2024/month=06/day=28/complaints_20240628.csv,22880,143fc2c845765fd2f65289f0e8bf800609b699e4f0d46d9ca57593d9a9438fd4,86
complaints/year=2024/month=06/day=29/complaints_20240629.csv,11643,23f3ed25ae9f5962bf3cc5d4307526ba10ec5def0345f3d7f1443176ddadd218,42
complaints/year=2024/month=06/day=30/complaints_20240630.csv,10930,c647eef3ca70896d8548fd5a97ee8f707e3aedcf8fffb7e44756bd68cc39656d,41
complaints/year=2024/month=07/day=01/complaints_20240701.csv,23269,929863df785f4b5dc07b1af01a0d470303b76f73d71444690700497e23c4b7a3,84
complaints/year=2024/month=07/day=02/complaints_20240702.csv,18696,1c6096b01b07e9d4651000d6ceb659c86104bfd5555908042e574cd3b4d53403,69
complaints/year=2024/month=07/day=03/complaints_20240703.csv,17389,3a32bd83528d51ce1ac6880bee794e5adb04b9eed5c14d12434cbc992c00df96,64
complaints/year=2024/month=07/day=04/complaints_20240704.csv,22321,e06855943a5cb2c1ec9fc04e6c2f9c50ad7f554109dd33ff8e8dd83516f0d7cc,84
complaints/year=2024/month=07/day=05/complaints_20240705.csv,18108,5e6dfeab5dc6c078bf07130d5776bc1b06ad9621941913ca8ceae8162660df42,66
complaints/year=2024/month=07/day=06/complaints_20240706.csv,11225,cca4df93aabb7b3100bed762a3362da35cbc01c594623916fa8c2283e02e15e9,40
complaints/year=2024/month=07/day=07/complaints_20240707.csv,8868,b7e96840d93428a2034dd0406d65c068326e3490b3ccef50766cb73c8ff79cac,34
complaints/year=2024/month=07/day=08/complaints_20240708.csv,18274,6d2bd1b3aaba6553cce75ab0e5eafa563afec6c350f758e78c397ec7db677f59,70
complaints/year=2024/month=07/day=09/complaints_20240709.csv,15865,b13a9bf42af780228e833303a15144fbebc05bf86d7d799633d2604d16c2fec8,61
complaints/year=2024/month=07/day=10/complaints_20240710.csv,19568,6d6c0554cdfcff6f97fc6c1992a77b672b634791700518dd5e149cebaf72be12,73
complaints/year=2024/month=07/day=11/complaints_20240711.csv,22158,3ba0ff7fcbb4d632961a870c06f26d377975646a60a5898afd2342638dff8c41,82
complaints/year=2024/month=07/day=12/complaints_20240712.csv,15545,691985dbd76a75619e00a0986fd108865d468c7c95907ddf96bdee1845ed94e1,60
complaints/year=2024/month=07/day=13/complaints_20240713.csv,8138,a4b67cd92d8030e32b94a1792527287f69b36ffac7b8b059e04f922495079b86,29
complaints/year=2024/month=07/day=14/complaints_20240714.csv,9969,b770e614b56efd051e63560f5e33bc3f52637aa95ac6a2818de7dd8e0c110832,35
complaints/year=2024/month=07/day=15/complaints_20240715.csv,20996,a0e3a09942a9286aa3f08cb990d3e10eb50607d1f131b71e10761de567a7970c,76
complaints/year=2024/month=07/day=16/complaints_20240716.csv,20497,9dda13242995eeed24beec4c1167047eefe943091bcb187356122a79ed2ca813,76
complaints/year=2024/month=07/day=17/complaints_20240717.csv,19117,c13db6e06d477f391a108d6777e0fb6ce78df8bdf9815291a1eb4f6d8b825e66,71
complaints/year=2024/month=07/day=18/complaints_20240718.csv,18735,b407ddc8cc1f51c90733fdaa526a68d1a9567bd748a990dae4f9ebc42641565d,69
complaints/year=2024/month=07/day=19/complaints_20240719.csv,16575,d5bf29c8b5384a82adbe02915399de7ac9a343bd69529f39254814b5f233d9a1,62
complaints/year=2024/month=07/day=20/complaints_20240720.csv,9364,e3a6ff5a04a021569113a9c36b58bf17ceb00233eafa4d7d7c38ff1beded96c4,36
complaints/year=2024/month=07/day=21/complaints_20240721.csv,9639,caa1f407fc3d07ada5eca5a00ca422440de6a738af3951a0f10c8cb88c901258,34
complaints/year=2024/month=07/day=22/complaints_20240722.csv,17006,baedaf4238c9e72be13311a1c3dcc2a796976057eafa3a515a8a151000ab7d50,63
complaints/year=2024/month=07/day=23/complaints_20240723.csv,21844,038b9288495152dda21bab7d658a7da243ba2d107556a4e24a9560ac8b617125,81
complaints/year=2024/month=07/day=24/complaints_20240724.csv,15449,c24265bf00fbba268200b400f60b006dafd92fea6ed24e69d1cb2492b8f1fce0,58
complaints/year=2024/month=07/day=25/complaints_20240725.csv,20504,c4ebbd5893a8f0f8ece4d33818bd31f1b564200e449377ae0d7cc407792a3b74,78
complaints/year=2024/month=07/day=26/complaints_20240726.csv,15772,942aea29dd0b45857da77bd2c82f510cf7e82590955fc4ab50ced0e4332b16da,59
complaints/year=2024/month=07/day=27/complaints_20240727.csv,9889,20e23ab9bbed370fa5e30550edb170f84010293c7eda8f2c6f3ad4f3974b8ff0,37
complaints/year=2024/month=07/day=28/complaints_20240728.csv,11228,1ee8956cdcfebbbda20c54bd2ef463bdd114e802eadbc36e162517141e19f3c2,42
complaints/year=2024/month=07/day=29/complaints_20240729.csv,19296,fd9f3913f4bf1534a700ab1493942bc6fa4f5fcedf1540ecc6c778ed0f050293,73
complaints/year=2024/month=07/day=30/complaints_20240730.csv,21270,3142821f5ceb10e5a1676cfc22d6093f09d71cf799519a1182b98120c04bc66e,79
complaints/year=2024/month=07/day=31/complaints_20240731.csv,18182,ae4c877d8ea6f090dd1d599f8624bd38a1f442cef1288cff23edc012be59ef74,67
complaints/year=2024/month=08/day=01/complaints_20240801.csv,20846,633d99462779dcee1b2f77fd331c500842c83064b3f2f8bfbd181b4a2b9c22ef,81
complaints/year=2024/month=08/day=02/complaints_20240802.csv,18135,eb58884ee96ed5b2910040b9f56b642d0a78513e9f4709242e0dd887ed3fe146,68
complaints/year=2024/month=08/day=03/complaints_20240803.csv,10343,e8b02bdf935e374249e5b9894eaa10b287bca6d38c632ccd181eb3c4f0b52640,38
complaints/year=2024/month=08/day=04/complaints_20240804.csv,10734,b681e0a0daadc988b9d96f88c2aea00695d04cfc9a974bc915e42b5f9da04c3b,40
complaints/year=2024/month=08/day=05/complaints_20240805.csv,19544,ddb50f55453863755cca9ef417d9547bd1790239e0bdda3f49559cd024b33c1d,72
complaints/year=2024/month=08/day=06/complaints_20240806.csv,16251,52c35473ffe1695723b9441f2ea3e6f5f5ad551cdb0acdcd324a19df93cab623,59
complaints/year=2024/month=08/day=07/complaints_20240807.csv,19006,cc26bd9f728b4a1bc60a87e1f0067a6cdba94ffc7c53dc963191de8eced376c0,71
complaints/year=2024/month=08/day=08/complaints_20240808.csv,21496,80591e2f6725a6a2a04853c6c44b6d8aafa214c893adb453f5c79b4f8a663f7f,82
complaints/year=2024/month=08/day=09/complaints_20240809.csv,19830,52a9850e7f559bda1b44a89dadb4c50e6e24fd084048737469279912b392b4d5,76
complaints/year=2024/month=08/day=10/complaints_20240810.csv,8223,2543a4c0fb5480065f7766033db0aa862eec4e621cdeb84b6b21ce6989cd042a,31
complaints/year=2024/month=08/day=11/complaints_20240811.csv,11595,097555d33f6aa2f15c6685bbc11af8d155380ebe87c7068f0a1e3310073c3ef0,42
complaints/year=2024/month=08/day=12/complaints_20240812.csv,19673,1a892633f30bc96014153fad37d7f92bf14df2eb4b5e3958abe56956b954f346,70
complaints/year=2024/month=08/day=13/complaints_20240813.csv,16878,685a653470ddc1787443a4a9bca3170a5d3ab6b568b710e2d42c027929135d5a,60
complaints/year=2024/month=08/day=14/complaints_20240814.csv,22289,31e068b31f03b31ec31a5b72ab2ee886dc6a8b92f42b5af3137bf1444f2534ec,81
complaints/year=2024/month=08/day=15/complaints_20240815.csv,16557,42389f093861d16ecddb758983643295e2aaf70f77cc69f7f72bd981f195e3e8,60
complaints/year=2024/month=08/day=16/complaints_20240816.csv,15046,f88633a1b873dce3c7363a558b2466c5d07efb231ddd5bc6c0667c78610286af,59
complaints/year=2024/month=08/day=17/complaints_20240817.csv,10807,d6ea80382f9da090eeaf0c3d38ec42d5f1b5d5f64828784ad803f550f9ad941a,40
complaints/year=2024/month=08/day=18/complaints_20240818.csv,11280,53f03eedd969a6fa84836eb854ff2cc618351cc38896ca181508a407b485ff68,42
complaints/year=2024/month=08/day=19/complaints_20240819.csv,21947,71b6cb6e78feb1c39f4d099e1741ce8f69e63a13d65ce85c15688869f20d7aa1,82
complaints/year=2024/month=08/day=20/complaints_20240820.csv,18065,4dcbc647d8b829a986c2b34754dea48a1eecb13a1d48d25b6445219e97df90da,68
complaints/year=2024/month=08/day=21/complaints_20240821.csv,14967,21b38dee97f8b9418ea02200402c754cd6fff605646cb2961a6d82e01f1ff1b6,57
complaints/year=2024/month=08/day=22/complaints_20240822.csv,20885,9f9b30c43783ba854954d4bcb491c94f03a3fac91be113f1072d3b79a636dc55,78
complaints/year=2024/month=08/day=23/complaints_20240823.csv,18566,660bf8ef2451dae7256cef9fae51876993aca618e6f82bf44e87a57de86299a7,68
complaints/year=2024/month=08/day=24/complaints_20240824.csv,10208,1c5340012d61a4b69f0cacc2764e2e90cdc349075fd7082f64ca599392b81e7b,35
complaints/year=2024/month=08/day=25/complaints_20240825.csv,9664,bd2297810907d320982851469d6821f918d301d1ade2529ba3f9b0eb8dc3c724,35
complaints/year=2024/month=08/day=26/complaints_20240826.csv,16781,f219c61b2f70c27ad84cf5cdf1e7e326bafe3b2073840c52e8096c95fb907865,62
complaints/year=2024/month=08/day=27/complaints_20240827.csv,18062,0447b93837b8e47ffe38d2e6e68456c1946e27bc28e715bb09005dd6c9c77d45,66
complaints/year=2024/month=08/day=28/complaints_20240828.csv,22851,37cdbd62fe11bdb8c7b8ff77e185384a920f4b857081b5a76d5978b91cb4a029,84
complaints/year=2024/month=08/day=29/complaints_20240829.csv,20568,894e920cc9b81f049a986dc41766845df668a2738821a775b50dc637502fce38,76
complaints/year=2024/month=08/day=30/complaints_20240830.csv,15864,0b2c14b186b96594eff6885dabf8618e67e580dd7d067733d9679ec821c63922,61
complaints/year=2024/month=08/day=31/complaints_20240831.csv,8505,0b9fee240ad37bcb9581efae3777b8e16b433760b9f045ca8effb967f0a9660f,32
complaints/year=2024/month=09/day=01/complaints_20240901.csv,9269,373b5a2d4df00f5f989d46e3e73ac91188135b1d91c4a531c3da760bb9c29935,33
complaints/year=2024/month=09/day=02/complaints_20240902.csv,17631,8b7d2775425fc5b849602cb988e5b3e0af343658b88b56332fa2cbb17918edf5,67
complaints/year=2024/month=09/day=03/complaints_20240903.csv,18207,4b278039904f6f0437c2ca6880067835a9765af66322f50fddec9f4079bd83f3,71
complaints/year=2024/month=09/day=04/complaints_20240904.csv,19154,b856cc8c84bf27b3d32bf0d1ea65d9027f8088802429928ad843e1dab9047999,72
complaints/year=2024/month=09/day=05/complaints_20240905.csv,20572,cf0c45de35f1abc3ed6838e39259298bc4ff26e212d4dd696fb97b6a1fb553cf,77
complaints/year=2024/month=09/day=06/complaints_20240906.csv,16908,240ad372b1716ef5c22edc3af593b87873b8fa74f590e6c83b3009e3dfb880cd,67
complaints/year=2024/month=09/day=07/complaints_20240907.csv,9117,765f749320a1f03b75e3271f73d675dba838aa1b72c647a9a57294d5bb255804,32
complaints/year=2024/month=09/day=08/complaints_20240908.csv,8583,21d8676dc95afe4dbfd03ee7576e7a5c967d1441b97e65a4e99e3a10c82f30f5,33
complaints/year=2024/month=09/day=09/complaints_20240909.csv,23043,5f74391d950a6380c7f82b2ea035f9e8e1a2a55a825f2b53de9fae7ec5910381,85
complaints/year=2024/month=09/day=10/complaints_20240910.csv,22061,207062c1f9c07623b5ec323c57df74fb7c9a8a1e723ccf2b0e7238d35b8632f3,82
complaints/year=2024/month=09/day=11/complaints_20240911.csv,21921,fadc2e793244fbfaf0cbabd7f63db6e2084b9c156d2302f5af6040e5a9896d8a,81
complaints/year=2024/month=09/day=12/complaints_20240912.csv,17086,5218e90e9a25654341b2a7fd8a2583c2bb88ff69064f73ab95f6aa1cc7b370fb,62
complaints/year=2024/month=09/day=13/complaints_20240913.csv,17347,88383793600ee301b26bb084506092b99b4d391870be540bbd18bd610f6c553e,68
complaints/year=2024/month=09/day=14/complaints_20240914.csv,11466,c753fefff2efa5ec1cf2e890d319b982cde50d76b6bcb4ead0b72ab7be2b6c80,41
complaints/year=2024/month=09/day=15/complaints_20240915.csv,10157,7ad38bffff6080e526385b7d7b9517776d53c89b984fd14f71a9c3176477488e,37
complaints/year=2024/month=09/day=16/complaints_20240916.csv,15161,1ab8aa0dc6c488104cfb8e1195f0817985ae6f8562ca2b21f43643a4a1b24849,59
complaints/year=2024/month=09/day=17/complaints_20240917.csv,19005,cae0aeb0bf5d9b5b6af7ccbacb569f2aefac76768ad1c9070521a65f81a5c374,70
complaints/year=2024/month=09/day=18/complaints_20240918.csv,23329,7160d2ae052704565ce6cd6b4e0badb65b827974b415bd446089abb38a71ab7a,86
complaints/year=2024/month=09/day=19/complaints_20240919.csv,16310,2162cf96201a27564033820f1273b5d180cd15828f980ef7017c19ce17a17e62,63
complaints/year=2024/month=09/day=20/complaints_20240920.csv,21319,321489a8d8a451dbcbc0a54b29b06c477ff6687e16b2bfa190d366cb3f9437f9,80
complaints/year=2024/month=09/day=21/complaints_20240921.csv,10657,37c1ffb183b9d9acc1338afb48403b96bee67eaee73b3c336905eeee899625d6,37
complaints/year=2024/month=09/day=22/complaints_20240922.csv,11012,13e5256fdeb6d19667e19bf765d49ca1e5f12e816c7393939fb9bcc2e7b6a83c,40
complaints/year=2024/month=09/day=23/complaints_20240923.csv,22309,af950088f5eb85caa89ea6352996a0999a905c3c911abd88b536da271b36749a,81
complaints/year=2024/month=09/day=24/complaints_20240924.csv,16794,220708167de60ff73d34b81650c91c3032635aae3c4169acfd1f702220596d48,62
complaints/year=2024/month=09/day=25/complaints_20240925.csv,19036,5d1283ead4ee2d16e8fb25b446964d43e6fe28548bee96c250f1f76b1f0cc81c,71
complaints/year=2024/month=09/day=26/complaints_20240926.csv,20744,c866c08f1acd25ecaf7772a54122237587b1d2ff4ec7d68ecd187fc422740cb3,79
complaints/year=2024/month=09/day=27/complaints_20240927.csv,22170,e5fd98627dc9b0e4ee9e788fcb26a92ec20a9e46aa5bfaca91406880c72b901e,85
complaints/year=2024/month=09/day=28/complaints_20240928.csv,9153,c5709c0c353457a32870209323cea40d2b8e6cc326f3e8cf2cda2bd06bcbcc82,31
complaints/year=2024/month=09/day=29/complaints_20240929.csv,8347,8bfa92574de6ce57a52e25eb24731894ccef6fa06f1e7080061ce14ebda1566c,31
complaints/year=2024/month=09/day=30/complaints_20240930.csv,16317,5b7f92563bc9cfcd3999fed59423e6df7dfebec05d7a9d86fb44ac6e5b0a7437,62
complaints/year=2024/month=10/day=01/complaints_20241001.csv,17976,fc219145acff5535cd052111b4e8f55068b7786c8ba5bd4a165cf24aee593adc,68
complaints/year=2024/month=10/day=02/complaints_20241002.csv,22143,a60185fcbd641ebaa136f297815c2e294b50704cc5f5ffcb607242f7dd807519,85
complaints/year=2024/month=10/day=03/complaints_20241003.csv,20049,cb5214eedca1d51087267201ef01dd5794459a5402fc0dd6f43601381d1aa255,75
complaints/year=2024/month=10/day=04/complaints_20241004.csv,17332,038be959777685994c8c5e9c6164a47281eca15b02de175d796e923e7d5005c6,68
complaints/year=2024/month=10/day=05/complaints_20241005.csv,10929,20e46e48ad4ef384ab2b0bb3a4a8318d1074bfc3db2bb3deb13aad82301f86d3,40
complaints/year=2024/month=10/day=06/complaints_20241006.csv,8206,50cd02d7cb9b32cba2238f8c88ca98d1e8ca06ec316b97b8a94a92f9e48daa9e,30
complaints/year=2024/month=10/day=07/complaints_20241007.csv,16586,3c14b59d0e868395bab744f9277a12b1492c0f0fa75d05436a897227fa2acc51,60
complaints/year=2024/month=10/day=08/complaints_20241008.csv,18223,340f7dd7044b01a455c3d9d44733d7ecb19cf0e08be013e7692f42ad1cd7a8bf,67
complaints/year=2024/month=10/day=09/complaints_20241009.csv,18083,4784d78a241b80b2c31f42c1a99418dfe19b14cdc79ecd7c1507c9f56770f58f,68
complaints/year=2024/month=10/day=10/complaints_20241010.csv,21734,44fe2584a5a4240fae2bad3a9ba527286a23df2f0db3ed6c897b82becd9a85f6,78
complaints/year=2024/month=10/day=11/complaints_20241011.csv,19564,d68fa2a0b9108b84513715cd3c4d6e3116c3fd3caa8acd1c0e1c36005a08cbed,73
complaints/year=2024/month=10/day=12/complaints_20241012.csv,9502,0259c5f27429932e0bac80cd6018ae7de8f3e62d6fea33de7d71afd1e040f132,36
complaints/year=2024/month=10/day=13/complaints_20241013.csv,9283,b1223e3a508226316b364e36e6e4cba90d7b409b54a3af15e9e46e8923dfb80e,33
complaints/year=2024/month=10/day=14/complaints_20241014.csv,16936,966820be14cfcfda06005cedf9d20276e637b99dc0ade4bcba412aa5e4264a9b,62
complaints/year=2024/month=10/day=15/complaints_20241015.csv,16093,38f238fc1dd94cfd65bbaf35d574d468dc49779f5c5b7091fbaa7b50cfa0df6a,62
complaints/year=2024/month=10/day=16/complaints_20241016.csv,19659,51d4bcf0b312229f437017b465e6a30ccc923e876c0b577cde42302e286f590f,75
complaints/year=2024/month=10/day=17/complaints_20241017.csv,18633,c9e7ce9fdeb4c3c28c512227d0fc7a5338dd6a25b641221477d83a972bd03093,73
complaints/year=2024/month=10/day=18/complaints_20241018.csv,21413,e957105659cde13c6ef4b8569c67ff45acb01674ff0969cfdd3951ffcbb84bae,81
complaints/year=2024/month=10/day=19/complaints_20241019.csv,9464,4cecf69fbced78251c7bbcc52c7d9186eaaa5d6853a2273cafaf21ee43a2f966,35
complaints/year=2024/month=10/day=20/complaints_20241020.csv,9952,ce15b361d92482bc913b1f3aa421e6b7b11d97c35ea5ee354b8c7ffbb3a9a7fb,36
complaints/year=2024/month=10/day=21/complaints_20241021.csv,16797,7425f9d4c92dfb906a3215f9746f45cce9eaeb3b8831bb358f705598f7e65018,60
complaints/year=2024/month=10/day=22/complaints_20241022.csv,15532,4ecc781f8fe629bbead7285b218ea7883a150cc3983eace65cae7c1796b2da8a,58
complaints/year=2024/month=10/day=23/complaints_20241023.csv,16930,1570b9c2073a6cf81c6f788df6da18bf59052b71d4d44e8f7b616f614819ce01,62
complaints/year=2024/month=10/day=24/complaints_20241024.csv,16191,4d4bc7489fdd86c1210bb76f7a29b271dfc11f86e1374261db417b1cb52de5f3,60
complaints/year=2024/month=10/day=25/complaints_20241025.csv,22427,e94b412549b445bf9088fb1a0c555d4276f0de93fa23d71097c6ead7fc50e18b,85
complaints/year=2024/month=10/day=26/complaints_20241026.csv,11255,c564f78400e8dc25bbae91075d5472415a562e69dc80c23078a8cb2d05ed16e1,42
complaints/year=2024/month=10/day=27/complaints_20241027.csv,9520,1a3f16b162593a1b568220d762ee9a5579212e16b3a93b32bba5170cbad377bc,35
complaints/year=2024/month=10/day=28/complaints_20241028.csv,21308,fdc986d84bbc7a3a9f23692fedddf56f82402d2e9332280cc55ab5aa08cf33c6,79
complaints/year=2024/month=10/day=29/complaints_20241029.csv,16665,7bef2719229602f29e97f9ea624435c573209f906a4c529f154d7f81c3d3b5d8,62
complaints/year=2024/month=10/day=30/complaints_20241030.csv,18137,4b991a299d313e5b9adb26ee092c300e3322857c65f8bb222e2c80b807a2a59c,69
complaints/year=2024/month=10/day=31/complaints_20241031.csv,16202,76d86b179ce1965e5b1959a0bbfb4c34ae6d11a94078734a9b6e8a9e4a9793b6,60
complaints/year=2024/month=11/day=01/complaints_20241101.csv,21610,cde3ac11c1d7a4c891094fe5a8ed248fc75f9653435057896c60db34478138f5,80
complaints/year=2024/month=11/day=02/complaints_20241102.csv,10505,fc205e39ffce63c5a56444fc76b88480921bf3d2f6f5f37744cb71fedfefaf8e,37
complaints/year=2024/month=11/day=03/complaints_20241103.csv,8000,2ba2d10f741a05fa36bc6e34f327325ea5b0a5ac63933efe20436b568e9ef142,29
complaints/year=2024/month=11/day=04/complaints_20241104.csv,16549,e6cf0e482c9c4a1f4a479323716d4e39c05f295cf5aadb78890184db72840601,62
complaints/year=2024/month=11/day=05/complaints_20241105.csv,20340,e6f8bd4cf91985e4009539904278b5b808ed28ad8ef0bfa71d1174400ab54b54,77
complaints/year=2024/month=11/day=06/complaints_20241106.csv,17376,7acf8df7d2648769abffb2fc9c0d983f4b744d3257ed4668e94bcfbf27400aba,65
complaints/year=2024/month=11/day=07/complaints_20241107.csv,20097,a7322eeb79244f3454dcb8af472b8b3405767a47df02064684eb58c3dbc06a62,74
complaints/year=2024/month=11/day=08/complaints_20241108.csv,18046,c9f18a1ed852f2366de0d4c8fcb0b919a1e850e29862cee35b933fd419a83ea6,69
complaints/year=2024/month=11/day=09/complaints_20241109.csv,9517,f862eeddf3d2a190c9b3f4e00f89df18af0e6fa56bc2f0dcf23afda89c5f0448,35
complaints/year=2024/month=11/day=10/complaints_20241110.csv,9415,94160befc12d070f12024600165b6251cb8ead4682146efeb85699a362c3779a,33
complaints/year=2024/month=11/day=11/complaints_20241111.csv,21340,9113b9c4b147613ace0800fa694f5443edf740682b74b0d222d699e1407f0edc,80
complaints/year=2024/month=11/day=12/complaints_20241112.csv,21103,42c148a54fce3a163b457037091ec9210733d897a52e084173b42f763f88bb5e,80
complaints/year=2024/month=11/day=13/complaints_20241113.csv,17456,bd5a154eb50fcc032a7f92c875dd19f49d5d88b6abdceaf7541bd22d1409d7ad,65
complaints/year=2024/month=11/day=14/complaints_20241114.csv,16621,065fa927008b00478e0c5b3cd6bf5ec7decad1384db79efacecca8716cf243ac,60
complaints/year=2024/month=11/day=15/complaints_20241115.csv,21779,1cd5a0b4be715fc45157b6bd41930c156f059382fd7ea9986855705e8d541547,84
complaints/year=2024/month=11/day=16/complaints_20241116.csv,8486,5a73a308dec2c6e61d529a5cbcf9e83fd84fab2161cc76115823fd7ce015147f,32
complaints/year=2024/month=11/day=17/complaints_20241117.csv,11215,de94e4ac5fcbfd2d222e8d87e823a67dd26c66ee4f8ee5f26225868838c21cc7,41
complaints/year=2024/month=11/day=18/complaints_20241118.csv,20956,275faf02cd81879aa6d93e642b11fd1a83f81a946091b32ee8ae47544762b163,77
complaints/year=2024/month=11/day=19/complaints_20241119.csv,19378,812a3352b68a768d5270501758b248f290493047f501ea11bbe4aa1142360728,72
complaints/year=2024/month=11/day=20/complaints_20241120.csv,23105,6fe8e240b90ab92eccf845ff33390f95a36344f8fd705fa6c056099c9d4967c8,83
complaints/year=2024/month=11/day=21/complaints_20241121.csv,18500,27140499b339b61539d33f330bfea362509ce2c19fb3175f051cf192c4dadf0e,68
complaints/year=2024/month=11/day=22/complaints_20241122.csv,22639,0c5e93255fd25f101d29b351c13c358462441e9ebde8af0690781718af549dd4,86
complaints/year=2024/month=11/day=23/complaints_20241123.csv,9821,ce059d793582c56235d95f0b09ddd52390a0aabbde8fb01a778033ec46336c26,37
complaints/year=2024/month=11/day=24/complaints_20241124.csv,10810,d5d0d3ee2a5c5f69cfecfec2ffde713f6b9dd2c2fd348c86c6f624510100715b,42
complaints/year=2024/month=11/day=25/complaints_20241125.csv,20739,505f7b0a601a041d00e541804e05ad31f690b8acb44bbd03539cab1d7d110fed,77
complaints/year=2024/month=11/day=26/complaints_20241126.csv,20327,345568319e4ddb413ec0180d6041abd7c8ec0c4907f27bf52a2d48ab3c81c983,74
complaints/year=2024/month=11/day=27/complaints_20241127.csv,18636,6a978abd9c616c6cd8cdbb3c2e58bea405b5cc24e776eb9b6735bad2972d4586,69
complaints/year=2024/month=11/day=28/complaints_20241128.csv,16897,822b39fa5869b981de60097fc3d67f8ec05892c34ee654acf9dda21efb7096ba,65
complaints/year=2024/month=11/day=29/complaints_20241129.csv,20110,9936ebf22511242ab225338928fe1e5ede25eee41fb5889c19bca7b96b5b69cb,80
complaints/year=2024/month=11/day=30/complaints_20241130.csv,10811,414a6511fa58ec3f2cd8c51335e34ae49ecf28e9334f5e964c9994668c63f980,39
complaints/year=2024/month=12/day=01/complaints_20241201.csv,10815,68421c1d0b86c2bef5de8e6a426f83b4b5f1ebc27c2c80310d9d27de027a90df,40
complaints/year=2024/month=12/day=02/complaints_20241202.csv,20966,e97cf38c9053b37eeb748593a110f022976c8f14de43b0943e8e7903c95bda93,77
complaints/year=2024/month=12/day=03/complaints_20241203.csv,16478,149f9d8c2df294d12e0da2fddd00243ff45488dfbec049301fba824bb6f9a41f,65
complaints/year=2024/month=12/day=04/complaints_20241204.csv,16714,53f0c2a1a6372943994edf01a3a777c25ab245a1c59b84e929da906eb1c35c3a,62
complaints/year=2024/month=12/day=05/complaints_20241205.csv,20044,32b6d75b93580341f192b98366ce7c0e877e4142c4d235465b15aba96be8ab14,78
complaints/year=2024/month=12/day=06/complaints_20241206.csv,16739,9603f34e7ccabb98649fa99f89fb1faa62319a70b0527c01086039b9ce98ffb0,62
complaints/year=2024/month=12/day=07/complaints_20241207.csv,9643,6a7c6b614818efa78628a2dce4971166bb3488b80ca84bd2313ea67fdb2bd20f,35
complaints/year=2024/month=12/day=08/complaints_20241208.csv,10476,0ac73bd00b643cf322ce5b1907e3cde2ebda7aea7f13014ddf79ed213caf6426,38
complaints/year=2024/month=12/day=09/complaints_20241209.csv,15296,a64286488fb13c4726d1e6f2aeed8a99e7af575fcad99a7f5d38d6aac728b3dc,61
complaints/year=2024/month=12/day=10/complaints_20241210.csv,20928,258389c73a1623bdf56fb4cbb0dae42baf9d341c450d9cc84bcf6e0c5f0deb66,75
complaints/year=2024/month=12/day=11/complaints_20241211.csv,15366,4cf892faa1d9ec340e2f1e5f1487bfd5dc3cd33d046229400132dfc84905bc94,58
complaints/year=2024/month=12/day=12/complaints_20241212.csv,18111,a28d5f65feecbb29b5840e487c3245cf1c04452c4a9843298d54e902d2f4b56f,68
complaints/year=2024/month=12/day=13/complaints_20241213.csv,20383,33f138bcb0fbda5c3cff64a299df512772c14ec3c06ae15d4cfeaa775c8a8c44,77
complaints/year=2024/month=12/day=14/complaints_20241214.csv,10623,d6e9197705865b1307a10b50de4f87d8ef24f373f5190bcbcad727ae75c26a46,41
complaints/year=2024/month=12/day=15/complaints_20241215.csv,9276,cff9b5a70d0f82ee271dac0076fe90c12ae51c135b1e5328c65980e1b40bbfdb,35
complaints/year=2024/month=12/day=16/complaints_20241216.csv,17272,13284f939b4e3399d8973d8704a311f66655d7a2a2fedfeb604b0d7105138e05,66
complaints/year=2024/month=12/day=17/complaints_20241217.csv,15448,cf1971d622c8818688af5679f3df64a8b628cea4e3d3e4744cdf818e8ee4879c,59
complaints/year=2024/month=12/day=18/complaints_20241218.csv,22706,c270092bd8ee16b7d0a05eca977ac2e06858caeb6103f2df97903ca629f42de7,80
complaints/year=2024/month=12/day=19/complaints_20241219.csv,18533,6df1e6d06321304bab9ebb37d18bd9e24669a3ac9da2fe7cda4ef12fe76831d2,71
complaints/year=2024/month=12/day=20/complaints_20241220.csv,15391,4acbdbf9d05641ed661b80d07dcd30f1b4a62cb4693cc3aada3f9077b844aaed,57
complaints/year=2024/month=12/day=21/complaints_20241221.csv,7784,13ad4a76f2ae3a124b5fee4697af21e965fb6a083eefad8cbfcf9b84ea08d25c,29
complaints/year=2024/month=12/day=22/complaints_20241222.csv,8574,26a9ec8a553e822e5b08e2dbb3e51f87be3446970c95b7016423312bf89f08b9,32
complaints/year=2024/month=12/day=23/complaints_20241223.csv,20858,aa0dbdb4af5f8d8a1eabb5889cf0bf61d9b5aa3d9d78e56a20f0212a0a54c1f7,75
complaints/year=2024/month=12/day=24/complaints_20241224.csv,21693,07fd7c03b09fae06afec0cf17c4e6378ee8dd4d55b303ba047d83bc40bbe1d24,84
complaints/year=2024/month=12/day=25/complaints_20241225.csv,20371,5fcade34d0def7167b927debabbe0e895103c1914e23b5ef635176ac1f75168c,76
complaints/year=2024/month=12/day=26/complaints_20241226.csv,22789,dfe6493c20088923a011993278e7b9289ad1e9fbf63ab06d0b88f9ecfd403a60,83
complaints/year=2024/month=12/day=27/complaints_20241227.csv,18162,9c6b460a11f6db2721d5f629c1ac09bb0c09150a7cd83d5ca5a4d86bf6d950f1,67
complaints/year=2024/month=12/day=28/complaints_20241228.csv,7409,7f4fa06c1a3027fc1b29ca8d3611f3560f472344433f5aa3018cbdc9dcb0178f,29
complaints/year=2024/month=12/day=29/complaints_20241229.csv,11231,8a3ccbb7ab6c7fbea9fffe3a3dc0e0f7e0e14ac17b6a33b6f93cef87e7436a30,42
complaints/year=2024/month=12/day=30/complaints_20241230.csv,21369,e14316c723e880b6f55380fe13a43a85238ac8af64bc680725e98d2ddee43df2,80
complaints/year=2024/month=12/day=31/complaints_20241231.csv,22602,902be2183ea4b8dc5a35e12e785d13a2efae8d2fddd55299ec8de9e419814108,83
complaints/year=2025/month=01/day=01/complaints_20250101.csv,20178,3de0ef12a3bd83fec1610b386e816699a68aa842017b0b2a22a72b7d43bbbd1d,77
complaints/year=2025/month=01/day=02/complaints_20250102.csv,22471,661b642fdb6ba32084e3c31833a4d42a32f65d3312e975061993f8f45ea93f3d,80
complaints/year=2025/month=01/day=03/complaints_20250103.csv,23460,00fad87656ba369007989a64ee547aa33ab2656e1ae1d3ea8deccc2baee57ae0,85
complaints/year=2025/month=01/day=04/complaints_20250104.csv,8745,78eedbbbf1e8416f0ed61e29874678766a41668562382e28883a87c296469e19,31
complaints/year=2025/month=01/day=05/complaints_20250105.csv,8629,1e663450d7c2085f3b5e454fc3e5be63679ce2f549e3792099569effed4e6f3a,31
complaints/year=2025/month=01/day=06/complaints_20250106.csv,15955,61421a7dc9e1e6535cc9a11dc7a3c128d9d8a547b4c6102086441c75a776da2d,63
complaints/year=2025/month=01/day=07/complaints_20250107.csv,20648,6d43c30b50c26a1aafa94c0fc54a4c1c9b4725f7184f869ebe2326c7bad99a66,75
complaints/year=2025/month=01/day=08/complaints_20250108.csv,22602,4f894cb58c6dc74985b32a4dba25444a04bf3e821616a39c9e6f40935f6a7b0e,85
complaints/year=2025/month=01/day=09/complaints_20250109.csv,18220,f87bfcffd2c30a23e43e742b7d6d22181324b43599d154f33c78fdf1ea49db2c,67
complaints/year=2025/month=01/day=10/complaints_20250110.csv,21704,21b700f1ffd01b849cb4a60b5f5fb719b51e587329217d7d068efe8dbff66466,82
complaints/year=2025/month=01/day=11/complaints_20250111.csv,10777,896aec883299500edd41046319554ef38a490df9bad16331cab15abed7decef8,39
complaints/year=2025/month=01/day=12/complaints_20250112.csv,10948,541f2428e0ca48f618e5ff732c073d27303fe1a489f500ce2b00b606297f65e0,42
complaints/year=2025/month=01/day=13/complaints_20250113.csv,17662,2e00f5a6f665f3777d413a2b914f8192dce3a9a5d24999b83ae7dcacb746db9f,67
complaints/year=2025/month=01/day=14/complaints_20250114.csv,16826,0896570c25b3b8cb53496308799f258a9337ee0d528c877bde344c977fa3bad4,65
complaints/year=2025/month=01/day=15/complaints_20250115.csv,18269,28b56369dc6daa582f6dbdc4771b3b53f519f8ee2e8fb477999129774242cf88,72
complaints/year=2025/month=01/day=16/complaints_20250116.csv,16815,934974c7b6bfc789dad08203947b6f4db0b06ede4d7165efa08bfa99a6cbf1de,66
complaints/year=2025/month=01/day=17/complaints_20250117.csv,18996,1eb5a231405ae19199b0c7ad2e9d26ff8b8262fbd77b92928e99e249d455564d,73
complaints/year=2025/month=01/day=18/complaints_20250118.csv,11133,c7a46f87fd1cd541366ae25860971ef41f957e4fdd6acdad18ac64e4004c8e32,40
complaints/year=2025/month=01/day=19/complaints_20250119.csv,8724,7ac18c682946bc5acc3051e93b05d5e7ba8b6e06cc47acd834d27c906f837f6b,31
complaints/year=2025/month=01/day=20/complaints_20250120.csv,17592,4aaadb5980f54c983e263d5fdaa60881d314b25eeed07456af12b16d887f9de6,67
complaints/year=2025/month=01/day=21/complaints_20250121.csv,17728,8654b7959ebe9b35b82947a28e4dda28375908404b17d059b9b1df3f54dd5aa6,67
complaints/year=2025/month=01/day=22/complaints_20250122.csv,19084,9f6777f57dafb7c8fbd6355131574fa7d53bc20453792aa6f64d4efe9590c877,76
complaints/year=2025/month=01/day=23/complaints_20250123.csv,20130,9c970855bdb75f0cc4db6cd7861c9bad54a1aaa186fef5c2a462180ab4e02f72,76
complaints/year=2025/month=01/day=24/complaints_20250124.csv,19692,8acc4a524dc9fe0dabdc24062476d8ed92bc4ef9501d6fa0c93a1df37ec763b4,76
complaints/year=2025/month=01/day=25/complaints_20250125.csv,10176,0c9d65d2a9b09cf714c89be38ca2f4fefb2a4043c46bba0267891c7400569647,36
complaints/year=2025/month=01/day=26/complaints_20250126.csv,11396,79a170395a7cd050c165971e4ed23e4fbd451e7b92193dd729bdf76f4dbc1f22,42
complaints/year=2025/month=01/day=27/complaints_20250127.csv,18124,773074f4ea5d236e4e782c64ac8f66bdc35e04a8469a1111d4c1fbd6dfc334be,69
complaints/year=2025/month=01/day=28/complaints_20250128.csv,21282,a0f09ff898c2748b3956f9477ccf46aed9378ebc8c55ee743691053d1b069e99,80
complaints/year=2025/month=01/day=29/complaints_20250129.csv,21924,a893129e94410d92e8eb3a5a0128ca5f24bf6fb63233aa6e47c16f58f0325414,85
complaints/year=2025/month=01/day=30/complaints_20250130.csv,22299,23027ae5fcae594795710a0ede7b31f4eaae44f7a84e6a3dc847ad6e7de81d31,81
complaints/year=2025/month=01/day=31/complaints_20250131.csv,19060,38c057fdf3f14f6b5e4101ae622910591dd69d13bb9736ecfbfc53999cafa8ed,72
complaints/year=2025/month=02/day=01/complaints_20250201.csv,9943,87f49d138f6f1aedfe4ff8138d0a02c9eb07f9b7dfd18244c7d7575579971427,38
complaints/year=2025/month=02/day=02/complaints_20250202.csv,7769,e8ff8f9e317d9dd34aa17e2b65abc50e1fda1ab36269eed50cf160edaf65be06,30
complaints/year=2025/month=02/day=03/complaints_20250203.csv,21027,bc48dfa0dec6351c3142623d93fad9957863e002e180d72fca503e1faf5e7edc,80
complaints/year=2025/month=02/day=04/complaints_20250204.csv,17406,43e0472a2f2e7180c3163b737b200b33f1b243ae6d2e318aa36603cb16216500,67
complaints/year=2025/month=02/day=05/complaints_20250205.csv,22077,8885d8ca81f99e131453715fad96371e83a71cfc3df7ebff9741b8ed003309eb,80
complaints/year=2025/month=02/day=06/complaints_20250206.csv,18022,46e8860e4e3627aa03265af90d0fb5b5c9371289f3d7fea45130ad4c1da9803e,66
complaints/year=2025/month=02/day=07/complaints_20250207.csv,16673,a49cfab0828bb38d3030f079181ff14e46d7118af634e5d88bf49c3e8ac83400,62
complaints/year=2025/month=02/day=08/complaints_20250208.csv,9433,7dd7b11f0aa67cfd28abdcc83da14b1ccc68080d169285adeeca0198ec229ae3,34
complaints/year=2025/month=02/day=09/complaints_20250209.csv,11024,ac4d2695f7fc4ff49cfed38cf95a08af8a2977a4eee1d96327208e6e3354f6ad,43
complaints/year=2025/month=02/day=10/complaints_20250210.csv,23169,be8b1607dbd1645eb30a52ac18ad64e938af88804c96c6380174633473edc050,84
complaints/year=2025/month=02/day=11/complaints_20250211.csv,21859,086f9d6e328f5ac92db65462f8c87fc0a5d724c8f38f08022e2a82a474561e8b,84
complaints/year=2025/month=02/day=12/complaints_20250212.csv,19032,356dca9a980e436fb885ccb90fa27b2905fae272dc6c0f85ff7119b198003db7,71
complaints/year=2025/month=02/day=13/complaints_20250213.csv,20895,7cec24a34a68293117f9d5b3b221873a263d98672d734e483e53ba21b2b678b6,77
complaints/year=2025/month=02/day=14/complaints_20250214.csv,19250,a4b5bfcd41814d4d6735991e603930b17177ccf1835d9f4a66a92ab0ee142852,69
complaints/year=2025/month=02/day=15/complaints_20250215.csv,10519,b629ea98424a1deb4671fff04ac9130e1aa576a29c1dbf37563ec57c4bc093a5,38
complaints/year=2025/month=02/day=16/complaints_20250216.csv,10556,be84b1eac39ab84157836aa57d5853e473a18f9855f03b82fa54085d845cfc9a,39
complaints/year=2025/month=02/day=17/complaints_20250217.csv,19582,b68f48f56833c00e0698158d4b987bd048a3725d8f586e33e08347e4a95d8fda,74
complaints/year=2025/month=02/day=18/complaints_20250218.csv,17200,165c6e0671126aa62a45fb16169f0715a4dd477fea955d7258542b8d9ea563ff,66
complaints/year=2025/month=02/day=19/complaints_20250219.csv,19462,7a002a7e6849ded195032c2559bcd05baf649015f2ba3c79eb44fcbb9e87d01d,72
complaints/year=2025/month=02/day=20/complaints_20250220.csv,21448,c22e54b222276cca9d6a0b1298ed59f0a61caab38307d759f7c8c2616003034c,82
complaints/year=2025/month=02/day=21/complaints_20250221.csv,16844,3e0bfff93347ffaae53d2e2234c183dd6e31b43aac3c079d4f5cda357f69351c,64
complaints/year=2025/month=02/day=22/complaints_20250222.csv,8291,1e78b850972dc923cbc59e5f32eccd300a2f608cd8bc66d4d7cff76af96207a4,30
complaints/year=2025/month=02/day=23/complaints_20250223.csv,10702,cbac280f53c8670ee5386d0cca5a1542d8d08e04c374abfd95bbbe4364a3867d,40
complaints/year=2025/month=02/day=24/complaints_20250224.csv,20331,f45f70c6d7cccc73d6e7ca0b3c3db88c72c0ebd7ff4fa2fe3d9facefc46645c7,72
complaints/year=2025/month=02/day=25/complaints_20250225.csv,22264,5f9d0df3315d88f85c87cfe15d6c99f3ab10ef796ab19102af4042fd8c51cf57,85
complaints/year=2025/month=02/day=26/complaints_20250226.csv,17848,548de79f7ad36a41801e8931769481161ee3f62d84a3711be33eead22c41b976,66
complaints/year=2025/month=02/day=27/complaints_20250227.csv,17249,716b64b5a7e67e04cd35b708a16bb162024dd067dc397e224efce542c38be132,66
complaints/year=2025/month=02/day=28/complaints_20250228.csv,17874,b8a16f7dc4855c18a33d040fe807df4c2fecec8a0c385ee1296280ba8c5a673b,66
complaints/year=2025/month=03/day=01/complaints_20250301.csv,10714,fc01efec4079ccfff14df8f2f27513eb997b04b4a3df75c602e69c54ff19b154,39
complaints/year=2025/month=03/day=02/complaints_20250302.csv,9228,e3454b18334316d01cb3232112e7bb7976aa9c4f4c411b3153b5779c1c1f6d82,32
complaints/year=2025/month=03/day=03/complaints_20250303.csv,19181,faeedf6d182176770a7f2c31b30a14380b2e3631546d72bf2c687cbdaaf6bac0,72
complaints/year=2025/month=03/day=04/complaints_20250304.csv,19508,6a8cd4ca7b92210697a42f2e1aa624d8f0dd63e3155b6d73f45d0b716ad84994,73
complaints/year=2025/month=03/day=05/complaints_20250305.csv,19981,aae0ccd7366272f8ddd8d24af392766d91b29965965cedd0b056db79045c9350,76
complaints/year=2025/month=03/day=06/complaints_20250306.csv,15654,e54fc7a63ae8a476fc2d73a8f1084eaffff428e1fd74add76bdc91d91d48d4da,59
complaints/year=2025/month=03/day=07/complaints_20250307.csv,22429,8e30ca6da4889ae3bb9abb2c6c4718f8e01669f4f430d0aaf9dfa2280dfcc222,85
complaints/year=2025/month=03/day=08/complaints_20250308.csv,7180,7d548ba2b708029a9b78246e2cfcdf7eb1c979fa5927a110c710059cd371b3df,28
complaints/year=2025/month=03/day=09/complaints_20250309.csv,11608,7e5257db264ff0d4320e7b501dfec7a44431d1ba376ed865fb38ce744b9bdae6,42
complaints/year=2025/month=03/day=10/complaints_20250310.csv,15612,e2db1b68a11cc74f95a3bffed82da87b6d9510e8f921465da7bd27865f10731b,59
complaints/year=2025/month=03/day=11/complaints_20250311.csv,15376,ebeaad5f2c6f23aa119b2c0577aab51f3e9c4372a738aab3f6785c0b9c27b974,60
complaints/year=2025/month=03/day=12/complaints_20250312.csv,17530,f96e42db6afc0defe15aca975c293e644056c1ca7595cec9e8f714963140d10f,65
complaints/year=2025/month=03/day=13/complaints_20250313.csv,17562,2be32794869ed9e7df809e4d7358b31c3e25b49de92b213b84ad348e395ce06c,64
complaints/year=2025/month=03/day=14/complaints_20250314.csv,21204,4d2381899674da6e8655d1118299b59bfec0d412bee03f130b617c582402db6c,81
complaints/year=2025/month=03/day=15/complaints_20250315.csv,11162,a3d2f759fb5e57377ebc36eba22de25a764da4a8b6bf9ccc626005b725534bc2,41
complaints/year=2025/month=03/day=16/complaints_20250316.csv,8888,3b2f49c8ada9946a136921f415eff9989c788dd2589e05b37d4e030e60ebcb84,33
complaints/year=2025/month=03/day=17/complaints_20250317.csv,19016,dd6456317eb0661751e830a9cfb6be3a900facb1f22f4178ed612c7dd0a0f340,72
complaints/year=2025/month=03/day=18/complaints_20250318.csv,18286,70232e893ff305092584611ad4bca61d39dc340d90b1769fcf9c4bcd52c474e4,67
complaints/year=2025/month=03/day=19/complaints_20250319.csv,17925,a504eb241bb4b4a0d802a49a7c1bae1f826085452c3cd2b9285bc0b64e0ae2ec,67
complaints/year=2025/month=03/day=20/complaints_20250320.csv,16391,5700de8b7c01ba1f24ba7a84e0bfcc04c81a45197b6ef271a6c9270ab86e8e44,61
complaints/year=2025/month=03/day=21/complaints_20250321.csv,18507,1f4113e29e8f44e1778d91ec6481f49d3ef401ea5fa45b20eb68fd0a778c786e,73
complaints/year=2025/month=03/day=22/complaints_20250322.csv,9945,43b6ab0b32d75050c1a3fd3a7873354f10fb84defa2051a6d1a1ca5405d3babc,36
complaints/year=2025/month=03/day=23/complaints_20250323.csv,8979,9cfae48922937abba982a71586f3bbca4e3a3b3deecf6c1b1823c0582e560040,33
complaints/year=2025/month=03/day=24/complaints_20250324.csv,15967,f7fad74c684c3381be63e7f023d4575d1c81b1d7090b2d8f27368668a0396dd9,60
complaints/year=2025/month=03/day=25/complaints_20250325.csv,17805,8a97e1c5111d89ae8eac0721c171c074eae1bf599517971d5ac062f16288ae76,68
complaints/year=2025/month=03/day=26/complaints_20250326.csv,18728,9b2ae7d66bf8b55b90481374d679154e9963b715a2d2fbaa3ed2c783470987df,67
complaints/year=2025/month=03/day=27/complaints_20250327.csv,16772,02b9b1b4e43a6bb1c5340611b069637575e2d9cf9760b278640b049a8006701f,66
complaints/year=2025/month=03/day=28/complaints_20250328.csv,15861,b169330794bee5f73497acc64b13f48394d4852566074e953108a18562dbff63,57
complaints/year=2025/month=03/day=29/complaints_20250329.csv,8797,677817c5ac4b2f90d2c457d85fbc7cf400e2102fd67d2f658fa529bcc5442cfc,34
complaints/year=2025/month=03/day=30/complaints_20250330.csv,9864,d6ada78e7b9b59c9b1f18d4aa8ca04d345060dfb2cf633ac2862307d2ae7365c,34
complaints/year=2025/month=03/day=31/complaints_20250331.csv,16116,f271e62e9b535b6a6bc8d610dd2d20c1a09d732ef86e01e03fa40e67a85e4d55,60
complaints/year=2025/month=04/day=01/complaints_20250401.csv,21458,4917ef8cf7b24d4bb13d6c33e73458ed0570c2812754f6da169c090a859aaef9,80
complaints/year=2025/month=04/day=02/complaints_20250402.csv,18850,3642ad2865b06d8c5f2f0d1e8dfc77ecfc78d8ab7b18ae7b3793892816390d41,72
complaints/year=2025/month=04/day=03/complaints_20250403.csv,17590,993a17dd6a99c6c83fb4e1dfa5891ed5be113ef47548639fea4a3939d28fb8f3,65
complaints/year=2025/month=04/day=04/complaints_20250404.csv,18074,35e144de0fc10f6f4707fba8354f241aac41138934318704a3e6e09e975f75cf,69
complaints/year=2025/month=04/day=05/complaints_20250405.csv,8989,5ff38f51a6e9ed548f3e881eae9e70c83cd2ee4f8156f28acf2607ae5fcf6bbc,33
complaints/year=2025/month=04/day=06/complaints_20250406.csv,8567,fb619e47fdb21fb36cd09e2182f9a7e9a67016229799240d9783dc13add7a529,32
complaints/year=2025/month=04/day=07/complaints_20250407.csv,21314,5c1d75197f8fc5aa7702d442e3b6fdf9f57944e44f7a59bf7557a59e228e373e,78
complaints/year=2025/month=04/day=08/complaints_20250408.csv,16152,396f341558e5d5ffe412fc28c9b4ffc5dccaed6db85328f504eddbbec2e60393,58
complaints/year=2025/month=04/day=09/complaints_20250409.csv,16400,6c113dcb6c06c08da5df75b4ea3c2b99952c5b6d10aceaf318884c905ff5198a,59
complaints/year=2025/month=04/day=10/complaints_20250410.csv,20255,b6952341c9ccb7bf63e84e35cfb5d0d2c4a762c5b8d11d04c1f5c7ecc499a6d4,73
complaints/year=2025/month=04/day=11/complaints_20250411.csv,18471,df59b70fce3a386fc5c74f50683e8849468708bcc2a11cfff006c417a0fc3f7b,68
complaints/year=2025/month=04/day=12/complaints_20250412.csv,9693,8e31f59c84721461937ae93764573c8a192f33e0c949d954eda1787e8ff00b45,37
complaints/year=2025/month=04/day=13/complaints_20250413.csv,9792,2519ba45ae772c4f669f96b96a9df512f5695532c255e80224dff8814dc48ff9,34
complaints/year=2025/month=04/day=14/complaints_20250414.csv,20870,6881bb55d7ea16819cbf5149ee5d5c5fb6a9404ebd0c6bb63528a10301a76c6f,77
complaints/year=2025/month=04/day=15/complaints_20250415.csv,19232,2eb5c97706ec9251d0e7a3f72386fa761d805e87278ecdd1496263ee4925e7ac,75
complaints/year=2025/month=04/day=16/complaints_20250416.csv,16628,16919b6ba5851eb03f67103d33f144e8c8cc2b7b009cc1df9f7cf798a04aca1d,61
complaints/year=2025/month=04/day=17/complaints_20250417.csv,18078,46319b071e72741cbb713e9ebd77094a11f664e8e3cc062a06431a5731addb2d,67
complaints/year=2025/month=04/day=18/complaints_20250418.csv,21232,1629234e2060e21891140374ad50fa0e8949ef556ba7d67223597dd6fe417115,80
complaints/year=2025/month=04/day=19/complaints_20250419.csv,11456,b9dff6c6165f44a76c94a3391a521cda4a75c30354f276c5699c149f3cdcf625,42
complaints/year=2025/month=04/day=20/complaints_20250420.csv,10533,3ba84813c526ceb86a00fb8e0135cf8811757d1a35e42424103a33000803bbce,38
complaints/year=2025/month=04/day=21/complaints_20250421.csv,18157,7fe6b9a801adf3a548f8d8253bbcd140ecd91d274a1eb8545e198d84fdacccb7,68
complaints/year=2025/month=04/day=22/complaints_20250422.csv,18470,e04a4f75f566537fb6499a2ef7ca35d51c7cbedc8a8d1db7e8728344d24a56f6,69
complaints/year=2025/month=04/day=23/complaints_20250423.csv,14393,cf639911d19e54943090d629354cba1c524fe3288481f39c1e206ef26b2adcb1,58
complaints/year=2025/month=04/day=24/complaints_20250424.csv,15869,f50293cb3e117e3ea6abef06fe46059ead9085be49b520c9c8ab6c2ae3936066,59
complaints/year=2025/month=04/day=25/complaints_20250425.csv,16691,5bc915b91bbd3b768bc5780b911355671785a963bb29a7411b481da700973690,65
complaints/year=2025/month=04/day=26/complaints_20250426.csv,8656,382dc5da274146035045855967eac893e99ed60591c4d8c74ae1d8b9c5837769,32
complaints/year=2025/month=04/day=27/complaints_20250427.csv,10560,d8a8854077263a9b61857c7b4d04683b27e5d66cacd90417edcc32289a0563f7,39
complaints/year=2025/month=04/day=28/complaints_20250428.csv,18453,118d779b73a2bf7c396c6648d41a7ca0c49e53ca310a3c20bb22b6158a368f68,65
complaints/year=2025/month=04/day=29/complaints_20250429.csv,18986,b1f37e4390784d0d1e608123074ff12084ae440c0bd09fe4f237d8f4d55853a5,70
complaints/year=2025/month=04/day=30/complaints_20250430.csv,19055,deb61fd24c4e7f563c445d22461dee628925803fc8afbe0a8cc9de40e7e2ea07,74
complaints/year=2025/month=05/day=01/complaints_20250501.csv,18173,f9e432ef86c2847ec6e76cfea76b3ba9d57aff548a3f41371fc6016f1e372a7b,67
complaints/year=2025/month=05/day=02/complaints_20250502.csv,17744,131f006f39e248ced4f48072fd6e0670c9a45eb5c22c2d64818577e7e8483347,68
complaints/year=2025/month=05/day=03/complaints_20250503.csv,8559,74a9c223ae9ebd74def4d14a54eca3cd339ba6514db7a902fe6020cb6de0b4b2,32
complaints/year=2025/month=05/day=04/complaints_20250504.csv,8509,924bfba836d074c291ac457c463f78d0c6383c5adcdd6ad9e34a209a6b9ce2a8,31
complaints/year=2025/month=05/day=05/complaints_20250505.csv,20127,ce19a507e6b3d118a334395990fdef91a5ccbd261447a07aa72615b54e975058,76
complaints/year=2025/month=05/day=06/complaints_20250506.csv,14623,72fee621040180512659866dcba8e36f209554c9efc0f4d48f1f718c1e04ea6a,57
complaints/year=2025/month=05/day=07/complaints_20250507.csv,19761,ee4184f09db962b4a952a07a0302be5a767d25e89e71e97c47304809db5f84c5,73
complaints/year=2025/month=05/day=08/complaints_20250508.csv,16535,f29401986c467e41bf826c2859d2db256e62610f6b3faacac59d863db7fd2639,62
complaints/year=2025/month=05/day=09/complaints_20250509.csv,19324,8ac454d5f4810957e6f3a9a5e1f26d03c2d79f0c7b88346bf4af6619531aff1c,68
complaints/year=2025/month=05/day=10/complaints_20250510.csv,9131,00a0ab8fea4c8ea3dab3eaa90c8bc655825b31abcb66edd7e927d4c1d9211352,32
complaints/year=2025/month=05/day=11/complaints_20250511.csv,11766,38a33ee4b8afe870c9735943fd42ded27051e9c1b6ccdfebd542dfda0addd036,41
complaints/year=2025/month=05/day=12/complaints_20250512.csv,17985,f78b01f2c7d6a28d8c36d290a621d6b6e604b7250ceee9a2763ce5b53968471e,68
complaints/year=2025/month=05/day=13/complaints_20250513.csv,15314,bc60d1199ded49a1aa7eb9c7f4ed1169a5bac86bd18fee65923ec46cae5d5db6,58
complaints/year=2025/month=05/day=14/complaints_20250514.csv,19639,4f3bf943badc02a3805aba58c3ae53c3e6d8d56fd9a55d2e4db9fb5d5c8e5990,74
complaints/year=2025/month=05/day=15/complaints_20250515.csv,21611,7b2d3eed0526340de92237725be47a7f0654cb3526090ccff30efb6d029a89e3,82
complaints/year=2025/month=05/day=16/complaints_20250516.csv,21148,d77b92b0b4f6dd013b1fa941f7c4d4334159a59f8840c7d707e816ae67d8814c,81
complaints/year=2025/month=05/day=17/complaints_20250517.csv,7660,3de9b1ab19a13561000bb93578331f8d8ef89974476537fa28008d6e039f74bd,29
complaints/year=2025/month=05/day=18/complaints_20250518.csv,11573,3cd057df07e3694d1abc34d2ef6bf9d60d84983ac5db1ec34c69d331a6d1f7ee,42
complaints/year=2025/month=05/day=19/complaints_20250519.csv,15271,05300480a35e5c311d564067ec20d984d48fac448adfe623de33df603ce925ba,58
complaints/year=2025/month=05/day=20/complaints_20250520.csv,21425,5fee44fd35b299fa4d45340491908a4caee2b4d19a7031e5b415664aaafa942a,76
complaints/year=2025/month=05/day=21/complaints_20250521.csv,17667,b7d07a1d520e77b526bdb6a049dcec72aacb756dc2eda430958fd68903b33e18,65
complaints/year=2025/month=05/day=22/complaints_20250522.csv,20941,95cb51c2cb6c9fa843339a2fbb19b123abaafc0b283a147aeb557502d59c81b3,80
complaints/year=2025/month=05/day=23/complaints_20250523.csv,20914,c3f8945d46ddecfcd91f8a348463568196b59734dcbabdba7ee0175db95e8daa,78
complaints/year=2025/month=05/day=24/complaints_20250524.csv,10877,3b972b23ab6ef38ab7432e9a196fa4ba75a377919a4a71d50290b5aec9e52387,42
complaints/year=2025/month=05/day=25/complaints_20250525.csv,7771,8c47ae3d72e2a314ad7c18b88339e87cb55317ce6a74483a527dfe482e69a28d,29
complaints/year=2025/month=05/day=26/complaints_20250526.csv,16952,cc122ba3044e6ba7bb16edaccea44918eac3f5ceabe27a2c9fdfc827803f009f,61
complaints/year=2025/month=05/day=27/complaints_20250527.csv,23055,252c3d6bfb141d5003e90218388a698f2e1bd4e49bce3931c921244d78bafb17,86
complaints/year=2025/month=05/day=28/complaints_20250528.csv,22254,c247cf1d06d99a56d6cd450cf03423e499abb597ba4f53e94861606a2cd3d644,83
complaints/year=2025/month=05/day=29/complaints_20250529.csv,20221,ebbf68063de35b42a8dcda324d0413fc15ff2a356dc6e03952568e8c45f4fde9,75
complaints/year=2025/month=05/day=30/complaints_20250530.csv,17169,e659ba64753b1c576cbc64809efa4b519e555d661ed08071c167257104fe1517,64
complaints/year=2025/month=05/day=31/complaints_20250531.csv,10232,02e6994b4a8240e4c1316be1ddb318ba81c77dca7b2dcf1707599ab3e4fc3d40,38
complaints/year=2025/month=06/day=01/complaints_20250601.csv,9435,cbcee00d639ccf47db57c636f4d3e6c2f5e0ec235d4c8a233a9e84a4c97c0904,35
complaints/year=2025/month=06/day=02/complaints_20250602.csv,17221,73a47ae60290761a3c0e201cd5226977d5c1de23bb09d8dc461b222b96465ada,64
complaints/year=2025/month=06/day=03/complaints_20250603.csv,18799,e6c69d0741da2ce48aa2ad8d71e932bdbebe2cc41682776e881e509933b24318,71
complaints/year=2025/month=06/day=04/complaints_20250604.csv,19623,a89604ca52127823c1cad4575dd3a9545d89a270d416aea9ac8e663ccae90b3e,70
complaints/year=2025/month=06/day=05/complaints_20250605.csv,20729,42e4ec9f9b7d6b739410fb527be09f0afde606039fa503fb6f401c40396abf0f,77
complaints/year=2025/month=06/day=06/complaints_20250606.csv,15902,0e19e88f60c007750cf877a4fd20359a41b35906ad17d4b261743e663e161eb2,59
complaints/year=2025/month=06/day=07/complaints_20250607.csv,10658,17841e38e1a4f7fef00c99ec560f4970b6e4970e1d1b3fea001a39295a4a60db,41
complaints/year=2025/month=06/day=08/complaints_20250608.csv,10297,cbcde0b31f7308f6b0529272996de78d80f6ad020736a09ef29f44d2150e2e4a,41
complaints/year=2025/month=06/day=09/complaints_20250609.csv,21551,4d0f014f5abc08b56c3f8beda0aa71cf3b79736efe7455684c8043863b9d14a4,79
complaints/year=2025/month=06/day=10/complaints_20250610.csv,20541,a906cb69ec5b2917b54e8dc19f4f2d3879035c97480d2ee6413adce2823fdbb6,79
complaints/year=2025/month=06/day=11/complaints_20250611.csv,17373,ebbd620cff2f2e8d029bc35dd9baaa32817e8840682011368730194dd8430ffb,63
complaints/year=2025/month=06/day=12/complaints_20250612.csv,19069,b9b0c27dd0fe29ed83809125b4facec259f1d98886b8da6d6a966be23d13cdd0,71
complaints/year=2025/month=06/day=13/complaints_20250613.csv,17132,37d0d603555abab19db276a6f400e78d96859302b2f3788e77745174fc275ff2,67
complaints/year=2025/month=06/day=14/complaints_20250614.csv,9075,c735611efb0416220742b0d53a5cded4a58c6c080ba95ca63db3379fa288a6cc,34
complaints/year=2025/month=06/day=15/complaints_20250615.csv,10892,03b6ad78e5b18f8818d58399c641e3bd61f77ea966496b80dda5cb2f20580c26,39
complaints/year=2025/month=06/day=16/complaints_20250616.csv,17699,3d3d37521c14ff192cbac451672863e60534641af046a7bbc7e8e8a3e091d6ed,66
complaints/year=2025/month=06/day=17/complaints_20250617.csv,20491,3e6d157afe8136fa59f90866957aae76782db90c5ba3025e0123b01570304272,79
complaints/year=2025/month=06/day=18/complaints_20250618.csv,20251,cfe869130578ae999c762aa7f37b777fedc09ccddea1f968b9b025c064ae916c,75
complaints/year=2025/month=06/day=19/complaints_20250619.csv,15031,8948697a6a267f524ec9a1379ba3d2700b1f3f0354116940a91c366f4bee4883,58
complaints/year=2025/month=06/day=20/complaints_20250620.csv,19739,013336b441ce9c44dff526edea5743647fa70672328d666d241280759bacffc5,73
complaints/year=2025/month=06/day=21/complaints_20250621.csv,8942,c51f959c4286427076eb7952aa4e28330fd01fa4294e04ce02db57e357450c18,32
complaints/year=2025/month=06/day=22/complaints_20250622.csv,10851,874b9c4d20c5aec98142bba08c5c4957bcaee9fc73f2c511036d01170a0fa3d9,42
complaints/year=2025/month=06/day=23/complaints_20250623.csv,17972,25aeb3af7f433325596b0238771edea271f67e79b880198d3f0a5c533e193b00,67
complaints/year=2025/month=06/day=24/complaints_20250624.csv,17357,19ec5eb0ccdcbc2f829f920e54d2e43b34ed5e5df53284fc5296998227d31c40,64
complaints/year=2025/month=06/day=25/complaints_20250625.csv,15612,2b0749bbd516049f18a19a7dfce704dd48ceed3fdc0f9cca9b2d8ff5223a341b,57
complaints/year=2025/month=06/day=26/complaints_20250626.csv,21481,eb2f64c2b1b97f7a5cb497c785d08aeb2cdd81adfd8a356e0b71910fa32fa2f5,83
complaints/year=2025/month=06/day=27/complaints_20250627.csv,22598,3958e9431352738c9e9b99e3242e293d7b082db9a4443816935f7c83cc624d45,86
complaints/year=2025/month=06/day=28/complaints_20250628.csv,9750,29bece0d2f98e3be758496e42c5dcd6aca34e671bd76d738149e77889161c7a8,38
complaints/year=2025/month=06/day=29/complaints_20250629.csv,8428,86714b79e4cfed408082a80b5cc8677a538a57eda1d3d950b84c5dd4c973cd09,31
complaints/year=2025/month=06/day=30/complaints_20250630.csv,21685,ae1f1dc8c81d963ef957d6d11882ea0b81ae6c52e9941588d5e5dc63760f6093,84
complaints/year=2025/month=07/day=01/complaints_20250701.csv,21033,0b92814eeb6262e5d8acbad7bda3b6e09cf3c5bed239a809580c6449a6359e46,81
complaints/year=2025/month=07/day=02/complaints_20250702.csv,17560,5ffbc8951435975378162a240af91e00e39fc416bb34eb4c885bdcc71bb0f3ec,67
complaints/year=2025/month=07/day=03/complaints_20250703.csv,18777,67b3e41f292a6278de56a8e05cf8aaee00071e88d31766b6ca009c49998b7178,69
complaints/year=2025/month=07/day=04/complaints_20250704.csv,21787,0230e16b5f2b5b9866671b9c24494e34f207ffe0cd43e5098c344f97af000735,81
complaints/year=2025/month=07/day=05/complaints_20250705.csv,9577,31be61f5332f359fd7cb4048028803bf8a27b72ed61d8fe5b09e33d4f391569b,37
complaints/year=2025/month=07/day=06/complaints_20250706.csv,8447,0d72a581c8dbc035f2d9310c25d03dfd51e18cdca2a857777f3f0f6889681401,31
complaints/year=2025/month=07/day=07/complaints_20250707.csv,14941,fc863955f7f6675b14ca95e81afd470f16287350a2814f95e262d3147f239c3d,58
complaints/year=2025/month=07/day=08/complaints_20250708.csv,17022,a5e5ebc56fe764bcb34d13ee8ce8f7016f16cb49c35fe0c23f51657efd378fb4,64
complaints/year=2025/month=07/day=09/complaints_20250709.csv,21903,731dc35eaedc914c39f473a3c7bd43977ffb97f38e8f2add205cf3896b29a491,84
complaints/year=2025/month=07/day=10/complaints_20250710.csv,20643,9191748d7866136fd2aad64b2407faa438b932081931a90f43ec90f3f9bf82bd,78
complaints/year=2025/month=07/day=11/complaints_20250711.csv,21859,c11a941f525cd29010218b27cf05f3f672c643b68a73b12b8464cb57e8816d8b,79
complaints/year=2025/month=07/day=12/complaints_20250712.csv,8596,4eb69146937755f87853b609a8981ac3dee5680672bcb2466ae8124f6c83595b,33
complaints/year=2025/month=07/day=13/complaints_20250713.csv,9114,54aea9e5843f7f1a03e3e49bad7987cb8a5c6a2f54f42336522e91f0b271fc45,32
complaints/year=2025/month=07/day=14/complaints_20250714.csv,19519,67facc6ea700fa9810b3ebd82bf1917fb1bcb5dfa36ff887cb89b0a986a9f5e5,75
complaints/year=2025/month=07/day=15/complaints_20250715.csv,22380,193072d1ad8e805e20f5b84d35745be779707cec5442b55c43d7394c833a26d4,86
complaints/year=2025/month=07/day=16/complaints_20250716.csv,23253,a46a8fc1fec06684f25c3f31392cd9b8886854b99ce667d23e882746d35cd093,85
complaints/year=2025/month=07/day=17/complaints_20250717.csv,21490,25315a4ba062be75e20eb1c53b021c72a2dba61db561ebddd22dd32726cc66ea,82
complaints/year=2025/month=07/day=18/complaints_20250718.csv,22093,5271928246715860161fc63fbd209d0793254604ee9374231453359e53be0952,82
complaints/year=2025/month=07/day=19/complaints_20250719.csv,8546,a7eab99418114e56b3f4553d8356908bf47cc5d94ce8b081fe45f04d81b73f28,32
complaints/year=2025/month=07/day=20/complaints_20250720.csv,10037,9ac10438df4d29a336756a0d6207be8c1f0cc68383dd07e5805163677f383c2a,38
complaints/year=2025/month=07/day=21/complaints_20250721.csv,16560,5cbbb0e3d05e42eb155008304967aa3cb7e28eb1fc2717429e1fd32eef97107a,64
complaints/year=2025/month=07/day=22/complaints_20250722.csv,19675,201469b023aabd35461ded572debda9617fa902cc48c7944e3d6e903aa7ee57b,74
complaints/year=2025/month=07/day=23/complaints_20250723.csv,16626,7623ce52c11be3e9af9f739df9cfd499174f647799b471bf2bbd662541c91b8a,62
complaints/year=2025/month=07/day=24/complaints_20250724.csv,18328,fb16bf8344a9a2f9f259bb8070769a47d881f743bb785532cb0bbecd32791c16,69
complaints/year=2025/month=07/day=25/complaints_20250725.csv,20997,3f91b171f42766b9a63ea5bc0ef78be71deccf9fc3b19087ce2a8db06616a36b,78
complaints/year=2025/month=07/day=26/complaints_20250726.csv,7881,22960cb59a61d8ac4ad7177d91f531a9251236786657b001dc1e3f2fc19b721d,30
complaints/year=2025/month=07/day=27/complaints_20250727.csv,10213,50108a683b18a64842ca6a8fcbc8e2708224f8c89fecef0c15fb71db681d7785,36
complaints/year=2025/month=07/day=28/complaints_20250728.csv,19878,471ca0cc15a41d58ed9c9433ae51d4fd9dc0188cae9e5971660d3ac30973fb0f,75
complaints/year=2025/month=07/day=29/complaints_20250729.csv,20539,7ac4c0729dcba209e17dfb327042d6bd993af206f79b1c4b317866237eeb0b4c,75
complaints/year=2025/month=07/day=30/complaints_20250730.csv,16313,ddf57f01397e9622ed6c47c11d094ffac42a9e7562a0d8d2a54b57ccee7270d1,61
complaints/year=2025/month=07/day=31/complaints_20250731.csv,19750,7e35df30c6276b4beca7be90afcc41f168d423750d7e5a0bc4e91a9b4c126961,73
complaints/year=2025/month=08/day=01/complaints_20250801.csv,18259,7f5cfb2272e078aa0b66e92ef5607a9a25cef03bbc2a97a0585b4eb3af60e454,70
complaints/year=2025/month=08/day=02/complaints_20250802.csv,9210,ef45b519634952b3a8de7c3b801742ee277049d0fb35b4107c6f3de10fa8d90d,35
complaints/year=2025/month=08/day=03/complaints_20250803.csv,11871,f98417d13db4cf7157318b69feef834851a3eda50a1e052a307c7cfedec76827,42
complaints/year=2025/month=08/day=04/complaints_20250804.csv,17429,a57585e50bf3ab74c5b59f5e1274d9b730e32c32f227ef5b3fb3c663be503346,65
complaints/year=2025/month=08/day=05/complaints_20250805.csv,17255,770276eefac18ed4bee7dabba37071699af10a314d05d8f863f0a543e9bf154b,67
complaints/year=2025/month=08/day=06/complaints_20250806.csv,18357,8a32a8f0e71fda73b757e48a1dc3e99f121d8873e534860f5e05d602e589215a,68
complaints/year=2025/month=08/day=07/complaints_20250807.csv,19507,fd72fc77452773e3e7ee3e0c56e42a4f5de86170a146625a46eb9fab4ed6135f,74
complaints/year=2025/month=08/day=08/complaints_20250808.csv,21959,cbcecffa23023d47beb1d1bb3dd99a04b2488325dbd3a76cbc8221ae99bf6d8a,82
complaints/year=2025/month=08/day=09/complaints_20250809.csv,10198,6faa87a02495a8452ff67423618c9ff9f924b378b4f53cf4b3029277c61e7e75,36
complaints/year=2025/month=08/day=10/complaints_20250810.csv,11848,4cc70eaaf206cdfbb0173ee3228a573aa57176fd087cea84b301e6d09ae2a90e,42
complaints/year=2025/month=08/day=11/complaints_20250811.csv,20319,f83589d4f3c405d8dbace9f4583d0a201c42220611d594cd8722b483af7cd2f4,76
complaints/year=2025/month=08/day=12/complaints_20250812.csv,19076,b646be068e8d3aa8d0b0cf3638616b02edb10bd27c38f5c27cd9ca5aaecfa777,70
complaints/year=2025/month=08/day=13/complaints_20250813.csv,17271,c14ea3e238b6beeac3520d3df6fbd83493c53318139a46401e28a2472bf0bf8f,65
complaints/year=2025/month=08/day=14/complaints_20250814.csv,18977,6c9016ae495aab53553718d7b7eaa3c062be75d45dc9a5c54c05f266cae4c06f,71
complaints/year=2025/month=08/day=15/complaints_20250815.csv,20035,80797f06894501c5f769db311be68e464a71d29a35472b0a08a5c6a4fad82dd4,77
complaints/year=2025/month=08/day=16/complaints_20250816.csv,11071,8b1663ac072faef60b63c515497c8eb759f7e5a3179c7f1f9c2784340834c27a,39
complaints/year=2025/month=08/day=17/complaints_20250817.csv,8855,5ea4409562b692b5df1ec481749ab041ee8208ca720093bf570e3358207d28b9,32
complaints/year=2025/month=08/day=18/complaints_20250818.csv,17146,e92da99a915558300a1d2c63efe6b23b1a97483f61c0c81e0c93d6fcb02ada86,62
complaints/year=2025/month=08/day=19/complaints_20250819.csv,19476,ac212d7fa9cc8acc211eff1337472e098be42185c2837c1115d4ebe5ac5bedea,72
complaints/year=2025/month=08/day=20/complaints_20250820.csv,22745,b2904ed71a3ba60408ee4431b614a5affd81d35e5e589524e421fbec465fe42f,86
complaints/year=2025/month=08/day=21/complaints_20250821.csv,16366,303efbafef5c97ec95789db7a4518b15e0a78e17a43d172a952dd18e8ebd29b4,61
complaints/year=2025/month=08/day=22/complaints_20250822.csv,17545,a6208b5c28ec5ddc6ead0d970a1eee60937f866bc8011f8aea368b923d59b19e,70
complaints/year=2025/month=08/day=23/complaints_20250823.csv,8776,657c676bb43865c57c8f0a29c8d042af6062ef73e71a74d37ac6f33dff66f12f,34
complaints/year=2025/month=08/day=24/complaints_20250824.csv,10762,c37eccbbad9f71dc48739bf0b79897d187dcd8514363698e0a1e31d1d10a05ae,39
complaints/year=2025/month=08/day=25/complaints_20250825.csv,17972,c292923536d350c02bf625727fb7c9a42fbd5bc297fdf51590c8142f14b121bc,69
complaints/year=2025/month=08/day=26/complaints_20250826.csv,20544,ad14f843d7b6b3674f588edcae8a061a9879105b19c2e5fce68b5d36e64b3685,74
complaints/year=2025/month=08/day=27/complaints_20250827.csv,21358,b2e2e2277fc6e25f60113f4c5561f15d64430fdac6e40696dd9507391fda107e,80
complaints/year=2025/month=08/day=28/complaints_20250828.csv,19203,6c38030ac3757cb40c66650efe283154c009899e05d1a6c4290da8fa54f926fe,73
complaints/year=2025/month=08/day=29/complaints_20250829.csv,21802,6e731f5afe1a55a1da49fbe51afa4b018bff9c2a2b87801eb58493df588f52c4,81
complaints/year=2025/month=08/day=30/complaints_20250830.csv,10452,f44ef08468cc895f3cc3ae16e8cb089ee3189a4d210b13444e191d4c624c2837,38
complaints/year=2025/month=08/day=31/complaints_20250831.csv,11354,c385a0929ab2a29a70c90da55dd9d1eeaac7614fab77934cb2a33a2870a58cb5,40
complaints/year=2025/month=09/day=01/complaints_20250901.csv,20125,2670f5478827242d9fa7609182e92aedc1b521f69b445bb02e6ca52e78a40f4a,71
complaints/year=2025/month=09/day=02/complaints_20250902.csv,16042,b74e0a1b6a73fdf826ad664e43a8eb3e9753edd992a67c6ed0b7bc3e86dcc5cc,59
complaints/year=2025/month=09/day=03/complaints_20250903.csv,17753,8c411264f1d34529d5324ec4972110dea4337ec530725c7aa7abb5adad883fef,68
complaints/year=2025/month=09/day=04/complaints_20250904.csv,17954,4cfa23dec0894ed86dcad27853f8d75250ba13c33a909d65f16a56c3a8290079,68
complaints/year=2025/month=09/day=05/complaints_20250905.csv,18332,0f42dc7a1dd9a88a58cda4cb20a8dccbf47265169d8f7cf316124bb52e43ca53,69
complaints/year=2025/month=09/day=06/complaints_20250906.csv,8662,7a3c2a9beef8704faf8e66e4c49ead94bf9e04979f77e3558c9a3fcd6c370119,32
complaints/year=2025/month=09/day=07/complaints_20250907.csv,11117,d5e1bc0eb4cbe97c8988452300f5be42111822bf747fd4e6b4963c94b7342a29,41
complaints/year=2025/month=09/day=08/complaints_20250908.csv,17549,d7ad06cd5dd742521c7844dfab5a64ea895cff52a909f49b45899973ab1516ed,66
complaints/year=2025/month=09/day=09/complaints_20250909.csv,17346,fa4c386b6bcbfcb850bce6e66689903358f32953e54f9b30e70efb1fe46f057d,66
complaints/year=2025/month=09/day=10/complaints_20250910.csv,22097,3fbb31298c55c7d811f489059a705bad451d002343bab26c9a00d3d8341f5b92,80
complaints/year=2025/month=09/day=11/complaints_20250911.csv,21213,0072b25ea823eb8c2e87a3aa7cc9b63c17e39fae819dba7457d2ba4a1d0df6b2,76
complaints/year=2025/month=09/day=12/complaints_20250912.csv,16309,58d964edb1a18fa05927e6a4c78c13ad0091959d3c29044294cecbbf05d518e5,61
complaints/year=2025/month=09/day=13/complaints_20250913.csv,9800,a1e90a1a810544dc9eebe9c07f4ba543194134ce8617080d8bad09fdc990d39b,36
complaints/year=2025/month=09/day=14/complaints_20250914.csv,8567,95462fff9df36192db70f2e26ef09a69e882a031dc3e52dbe9701418b32dd93e,33
complaints/year=2025/month=09/day=15/complaints_20250915.csv,17140,d6b93bac6dd409a4a42226544069760c9e4b9ce605c733568d29760089c80179,65
complaints/year=2025/month=09/day=16/complaints_20250916.csv,16381,ee0f10a1f137115befeb4cb4206ec987d1fd0318780dfc695b979197afeefae4,61
complaints/year=2025/month=09/day=17/complaints_20250917.csv,18648,99dfb29afccad86554180c8c1130a048fee8984bffd595c471ab7755f3325804,69
complaints/year=2025/month=09/day=18/complaints_20250918.csv,15764,d49d5e15fc4552c688561f82c0269bb0406fbf7bf47923dec4bfe2918c39cc2d,61
complaints/year=2025/month=09/day=19/complaints_20250919.csv,19591,2f8b84271e231be3dafe766e3fd47e2fe84593bc734b38686cef2db6111f566c,73
complaints/year=2025/month=09/day=20/complaints_20250920.csv,10027,273472fad3fcd23406dd0b8194136631ee98b7433784c69c9769ce432c9c5a7f,36
complaints/year=2025/month=09/day=21/complaints_20250921.csv,8230,cebfc76fed0c0d2ea710745f9905a08ef69a53cd89e96bdbd7e1f4da61f2fadf,30
complaints/year=2025/month=09/day=22/complaints_20250922.csv,16350,b73ba2ad7379a318cb38cc860e4e663c2b5e7190656e2fbb47fb62f6c4db0773,62
complaints/year=2025/month=09/day=23/complaints_20250923.csv,17704,f59d0ffc22a04066293f16b4f7c2b704533df6cb463fe4f8c048eae981005c80,64
complaints/year=2025/month=09/day=24/complaints_20250924.csv,18870,a0482802f82e657d8c38746bed289d002d803ef5c79df57b00f6610a0febd618,71
complaints/year=2025/month=09/day=25/complaints_20250925.csv,16408,6c141ff06068966865b6fdd4134ad7ae039c4a5bb209dc33266cd4e5d02a58ad,61
complaints/year=2025/month=09/day=26/complaints_20250926.csv,21662,898907cf91bebd7b4afb89011979bcc68ab13ecb2212373c7e0e31cad5d36ee5,76
complaints/year=2025/month=09/day=27/complaints_20250927.csv,10724,8e5b812a3c53888080248372d844a7b00a9f3e8aaf4f016d2afec7d48128416a,40
complaints/year=2025/month=09/day=28/complaints_20250928.csv,10959,b9a4f614e1cdc392a8fff8d0be6a051846a7782bb9923e2f834c1dd6bb2275ec,42
complaints/year=2025/month=09/day=29/complaints_20250929.csv,19646,65f4d24de41b75f3579f88292733ee9641527743445b4d6d8eadc03e1cc705df,73
complaints/year=2025/month=09/day=30/complaints_20250930.csv,21574,29e73a2ce2a75c0fadf074ad875fdde24005a0f789ffdf02d05103c2d1d697cc,80
complaints/year=2025/month=10/day=01/complaints_20251001.csv,14968,9e3104a2a8b822de5f0a31c5e0ffe9987556071690f87d23d4a53a4f0e457ea8,59
complaints/year=2025/month=10/day=02/complaints_20251002.csv,20034,d3a6693fc618c4b4cf3d516ceb334ab0c49d6e0459922d4633179765d46ff134,75
complaints/year=2025/month=10/day=03/complaints_20251003.csv,20850,d3432ea06a10688bf547120e38a8499067225886c1d75988bb70c312a166d5e5,79
complaints/year=2025/month=10/day=04/complaints_20251004.csv,8804,6aa86d87bb646818d6ef115aa9ff71dc6648c57e4d388229113492a8ccd93164,33
complaints/year=2025/month=10/day=05/complaints_20251005.csv,8739,12b3b546e8e1cfd3bc6f8a5b1b76850b7837ab183cd03566ebe2319143104568,31
complaints/year=2025/month=10/day=06/complaints_20251006.csv,22678,044d5cedc76516bc6e819b959b8dcdb0e85e302c2d494663ee0777e9cf96a628,85
complaints/year=2025/month=10/day=07/complaints_20251007.csv,21637,67a02494e40e163822bf3b6283864343c6b2a2294bd19051443224991bf3ddf0,82
complaints/year=2025/month=10/day=08/complaints_20251008.csv,22681,feb844f42e54289aa83fe8d7ff1689f4d1353bbce1dfff07e6cce6b49c0e9d71,81
complaints/year=2025/month=10/day=09/complaints_20251009.csv,17399,a2827aecc01e6ddc90a1059aaca48a6ea7cccd9108e68fb0ed81541a37c31518,65
complaints/year=2025/month=10/day=10/complaints_20251010.csv,20756,0f264f3cd4d4507a005107d028c1ae59aaef03f8acd13d5feb900dcfba8a239a,77
complaints/year=2025/month=10/day=11/complaints_20251011.csv,11759,b658113b9e9167543f6c05c0a844bb7ac7d8d254384679de77ad931b7eec1d6b,41
complaints/year=2025/month=10/day=12/complaints_20251012.csv,7749,0d4e652031d72770adf2d65dd1ceed37877c5adcb022c4e2e731ca19c8dabd5b,28
complaints/year=2025/month=10/day=13/complaints_20251013.csv,15089,96ce9223fb271a502b4b07403fc2f670544efad72640f5533d72528aab989289,58
complaints/year=2025/month=10/day=14/complaints_20251014.csv,18545,dacb44f6d9402139221445ebd38f60106132e0121636b471ef468b6e7fcf0066,70
complaints/year=2025/month=10/day=15/complaints_20251015.csv,21937,c237e34ff540603e0a67f9e3272cc80b066fb1dd1e511407fe88e4d09a22ffbc,81
complaints/year=2025/month=10/day=16/complaints_20251016.csv,21759,f750c50239f2d4865c178a56764424686a656f54f771b5c2858ffb996e046e3d,81
complaints/year=2025/month=10/day=17/complaints_20251017.csv,17100,605ba7ab0dd88dc359ba34d0eeb89c5a7d1afaade0d5f07effecb93fecb8de82,65
complaints/year=2025/month=10/day=18/complaints_20251018.csv,8240,5efda4b5caac187548d66cf845c383cc49a3b4fd634402a4c59c2025aeb45cb6,30
complaints/year=2025/month=10/day=19/complaints_20251019.csv,9310,28c17f05167c6e768a0a53b52f468bd9cc6d14f969c2bd0156d150be22e53c90,36
complaints/year=2025/month=10/day=20/complaints_20251020.csv,22597,ec09f215db5fb28901c8f54740b12830ba79a6c67320c609214dca559cccf68b,82
complaints/year=2025/month=10/day=21/complaints_20251021.csv,21082,73c622b396a2308de075023f34ab04890c5f0cf1f66b09dc5dd934163d798080,80
complaints/year=2025/month=10/day=22/complaints_20251022.csv,21586,2f55b5fde3d4f09634a8ae7b77555d1d3526da1308d4c013a6e6277316f9fef8,82
complaints/year=2025/month=10/day=23/complaints_20251023.csv,16072,35e06d773e2a29abb408b41521ec01162a0c061e75363074df796e494f5452dd,61
complaints/year=2025/month=10/day=24/complaints_20251024.csv,18136,85e45b3f1661109cefef594917353c289495742ba0dc28fa14a6cfdf61ded280,67
complaints/year=2025/month=10/day=25/complaints_20251025.csv,9538,f6e550cb64ab818f736a22d6e8676f93995358cb058ea38037040ccfed851974,36
complaints/year=2025/month=10/day=26/complaints_20251026.csv,11003,2744276eec75c625534da9d2b83361297b5245495962756f21fbafd31fcab537,39
complaints/year=2025/month=10/day=27/complaints_20251027.csv,19188,e5eaf2fd6ef930beaeb4d0efc4fc061a5a7f9cec36ad60508409793e6d12bab7,71
complaints/year=2025/month=10/day=28/complaints_20251028.csv,16282,5d5541b08f32cd34a5016de7b83eed06d5ad67a0fac6d947368df28518c46231,62
complaints/year=2025/month=10/day=29/complaints_20251029.csv,21262,896a059fb7c2610fc5ff09c683b6da32d28c4b0afa13dc1a4f1eeaf18f5a7639,79
complaints/year=2025/month=10/day=30/complaints_20251030.csv,21248,f8a6325b5e4fe6e0e4b7bddae69b144ff25444455ec352e264191979b9e0e53f,77
complaints/year=2025/month=10/day=31/complaints_20251031.csv,21606,152b5400426df480ea6a3ba407b3b82cf86b1394bc24ce5fcd1242142b39164f,79
complaints/year=2025/month=11/day=01/complaints_20251101.csv,9958,735f436a7cd61d556db2cb881fa3c3a501a037b0b65b14facf3224a270b1fbf7,37
complaints/year=2025/month=11/day=02/complaints_20251102.csv,8556,1ae4b2e3fd086758a0e4a07576b36f02f9e9948bc405db22c757e3ac938f84de,31
complaints/year=2025/month=11/day=03/complaints_20251103.csv,19890,a0a79c2fd3d2030c6350d1ddb25c956099643f59e56d4e0209b41f643d83f24b,74
complaints/year=2025/month=11/day=04/complaints_20251104.csv,20369,39479b8cdac969dbbb4962a1b58b6aa3ccdf28089254e848ed3ecc7d23da409f,78
complaints/year=2025/month=11/day=05/complaints_20251105.csv,20099,e9c2c9e16d703750b1b2c609087a8e63689959e2eccb2dbc1d605acc560c8e6e,77
complaints/year=2025/month=11/day=06/complaints_20251106.csv,19371,0ac547bcaf59532f65eff9327752a914d721d618f5d2d69df40fd6859bff21e1,72
complaints/year=2025/month=11/day=07/complaints_20251107.csv,20772,035b5b464edbebb0c083d668cb772c2290d43cbb463d0a8a3c768b27859b83b4,79
complaints/year=2025/month=11/day=08/complaints_20251108.csv,9250,6505648ec73eb5d959eed0d6c337f80ebeb1d4c1c614883f50fedc60d2ed2784,36
complaints/year=2025/month=11/day=09/complaints_20251109.csv,9368,563f3ae6b2a822a32f7a97db10c8bc76b10f74511ef058ddab905b327925fc36,36
complaints/year=2025/month=11/day=10/complaints_20251110.csv,17972,73cc5db65d7eba5084436fc9b162a8ac8f744b940b0214ef83e9afbdcfaaee72,69
complaints/year=2025/month=11/day=11/complaints_20251111.csv,20164,9d039afdee1c00c5d237ac79f5ab062c09da990e77ac6e2e6ebec1b99b86f11c,75
complaints/year=2025/month=11/day=12/complaints_20251112.csv,17927,7a5b581774fb64900bd05fb96fc329d21ae0c541ddcd21cb9b012846def6f982,67
complaints/year=2025/month=11/day=13/complaints_20251113.csv,17126,fe35fec81fd6fd19c313f3eed8ced70cb0ab7309f3b748c4e9763d821ae21cad,62
complaints/year=2025/month=11/day=14/complaints_20251114.csv,22935,2229f3c656ec844b228cabee38fb5771adb28ed30165ef5dbfc7dc2ff36458aa,85
complaints/year=2025/month=11/day=15/complaints_20251115.csv,8308,9d0de15c6d553e8052ebe94f3be9cb3c464678549e90e674cd02eb5398ddd362,32
complaints/year=2025/month=11/day=16/complaints_20251116.csv,10895,9735d2f7e5d18f1321f3ac7dd69c49dfaaf98928f3ff406f2a75a7db7de89620,42
complaints/year=2025/month=11/day=17/complaints_20251117.csv,20955,b9e517674797aa0e8350639a5b55e53b28b484368b86a43de1532d8bdaee110d,80
complaints/year=2025/month=11/day=18/complaints_20251118.csv,21800,61a006457fa6593c58f9232361abe49a7f230920eb346139a21df3398ffb5786,83
complaints/year=2025/month=11/day=19/complaints_20251119.csv,18211,6c4df8ca96c869b4d251b88f163326e72096459b607fa173c7ef8e58f52db547,68
complaints/year=2025/month=11/day=20/complaints_20251120.csv,17673,618fbd472d4655aac26fc90f381257c99868d81b2d650ee68372bc31458cbdb5,63
complaints/year=2025/month=11/day=21/complaints_20251121.csv,16777,2e257ee8cdc4b7c0bdedac2deb09e433afc7c6459e8bf0814c8053c8c57b9421,63
complaints/year=2025/month=11/day=22/complaints_20251122.csv,9324,86661ad2d3ed44f22a4a17249c5059e0c1c84bdc6dc4161422bad7b866d5d9cb,33
complaints/year=2025/month=11/day=23/complaints_20251123.csv,7445,fbb7bebac9fb89efd39edaaa9d0301fb65264e9cf61b5ef67891a2c7aa588be4,29
complaints/year=2025/month=11/day=24/complaints_20251124.csv,15951,ebafc13db80506b9485ed49c9515bc8903037f3145a05b5ec2ea841740ff00a8,59
complaints/year=2025/month=11/day=25/complaints_20251125.csv,22170,94c7e90b034df61a1aac009c2d615780f6ed2cf4c6ea60aa2a25217eda1cddab,82
complaints/year=2025/month=11/day=26/complaints_20251126.csv,19497,595629582ceeecd800805b152844d26e81d4b9e6aac7161a9fd8cf90cc3c1a59,74
complaints/year=2025/month=11/day=27/complaints_20251127.csv,16353,3aa5a9bdc916127d67b9e1f0cb6e2279540424382bb1da54d03e1b9954de12a9,62
complaints/year=2025/month=11/day=28/complaints_20251128.csv,18979,69367f0746d4eb8f64ef3068a1221bd7fe76043f2ad4160de0557cdc73cfb208,68
complaints/year=2025/month=11/day=29/complaints_20251129.csv,10899,5ca8f5355cc7cae7e2d3ca4c36ef163e34126b9cedd8ffb82c929aeaccb0cf5a,39
complaints/year=2025/month=11/day=30/complaints_20251130.csv,7832,338080faa4602c5a876feb9c03da9ef24b0a5aeb8ba3e76b2556bf672570b72e,29
complaints/year=2025/month=12/day=01/complaints_20251201.csv,19396,7c9dc31596d67c52805304a936c0905e07cb95b33afbd4d1ff9808b8a39ae84c,73
complaints/year=2025/month=12/day=02/complaints_20251202.csv,20610,8b32ee0e75036076ce1e2d247cbf198efe3744dc04d631c12ba7a32e9e379b33,77
complaints/year=2025/month=12/day=03/complaints_20251203.csv,18734,56a1e90bf2274d62a2088379a16d3b588db8522c4dd44316794bb62e68674acb,70
complaints/year=2025/month=12/day=04/complaints_20251204.csv,16159,5d387da768341878fea3461bfede85ccb7877f52f2a35d5847df9ffa7a20f72a,57
complaints/year=2025/month=12/day=05/complaints_20251205.csv,20728,6359ecbe4c98213b524abff98d0fbcc98bcd95eb1943cbabe611a1849b69ed69,76
complaints/year=2025/month=12/day=06/complaints_20251206.csv,10995,8da7ae4a68bf67178ffb4089fbc912e2136919292762640b154b38431740195d,39
complaints/year=2025/month=12/day=07/complaints_20251207.csv,10496,2533b799c9a5ea8d189ea5d83f0ed1150bde06f57e276b005a339a6637224aaf,36
complaints/year=2025/month=12/day=08/complaints_20251208.csv,17464,47ab72216c1dcc69b215b3918dffc1431f9f0554f780ceb8b600b400d4a62ca7,65
complaints/year=2025/month=12/day=09/complaints_20251209.csv,16083,ccdcbad72041962c1462dbb519d883e9050f4959119b28828a07b3a34c23a1d7,59
complaints/year=2025/month=12/day=10/complaints_20251210.csv,18355,b52af65c3534ae041040ffe81d4fdaa5a18eb2bbb99818b52955e7f8e82b36e3,68
complaints/year=2025/month=12/day=11/complaints_20251211.csv,19384,8ea36e07a3156010a9954e9d35fd89047f730451df5156341d2d6f1457ed7f3c,71
complaints/year=2025/month=12/day=12/complaints_20251212.csv,19478,a11c2ed0de5e790bf9edf57f4dfe681c7d6517a3a8c296fea9b28f96ae77eba9,75
complaints/year=2025/month=12/day=13/complaints_20251213.csv,9027,28e57f7db0714058a155610bf2a26c840b84146cf23cb678b19921f409fa2310,36
complaints/year=2025/month=12/day=14/complaints_20251214.csv,12027,255a3fe5fe45f50179f6680791b1c6acc9f64af1a30b0ca4f8bf8f6a8c3864ce,42
complaints/year=2025/month=12/day=15/complaints_20251215.csv,16462,46b4f14b76209d94c7adfbaf260ee56bdf1449fd8b7fff1626c2b2bc2eb7ea83,63
complaints/year=2025/month=12/day=16/complaints_20251216.csv,22846,5a01bed90bbd170d324bd988cf7939ec76f32dbfbf8805c2677f8597432a13e8,82
complaints/year=2025/month=12/day=17/complaints_20251217.csv,19242,0e6212179b08ea55a56c6e1e1b3b9b12bf1f1904837bd1820e5fc6f39c36eb5e,76
complaints/year=2025/month=12/day=18/complaints_20251218.csv,21707,45634f3796f720773feeb0149664586f63f38954b53d986a449cab7db8fd8371,83
complaints/year=2025/month=12/day=19/complaints_20251219.csv,18780,0a366477302beee70217c2979f3fd1327833f0dbc32132f39ecfc86d253726ff,71
complaints/year=2025/month=12/day=20/complaints_20251220.csv,10488,168745e3a1f0beae54f2f031d492ccd21333a9b1cac497ae4790ef71bafc527e,37
complaints/year=2025/month=12/day=21/complaints_20251221.csv,9461,ff6929b60c548d406164cc19a317af233b653c28905f8b148ee92b94333d3836,36
complaints/year=2025/month=12/day=22/complaints_20251222.csv,22528,dd88b992bc78ab5ce8e35ded77dc070c0c35c369d26bf6222848607dd88d3e08,83
complaints/year=2025/month=12/day=23/complaints_20251223.csv,19848,d98120a85dc850c3f25890dd16b5f35152209e1016ed2fe9864f64f4afef6685,75
complaints/year=2025/month=12/day=24/complaints_20251224.csv,17102,c7d5694bde1c593882fdb6f2f44e4e5eecd86c5944913bacc60fe26124943698,60
complaints/year=2025/month=12/day=25/complaints_20251225.csv,20698,ee6fc8acceb8a5b4aa6d4a74415dd22e4908a7bae377b96a9b47cba0bf96d2a1,75
complaints/year=2025/month=12/day=26/complaints_20251226.csv,15540,e295a6cb2c8c4482e0579046c1d63a0a1ba1b4b13c13bd1daa0974dc49e59970,60
complaints/year=2025/month=12/day=27/complaints_20251227.csv,7491,34342598ae8573f47930b6bab84ad6695835d51a03afa91e88342a346eebc192,29
complaints/year=2025/month=12/day=28/complaints_20251228.csv,11059,c12ead2c9452473c86f4338c713f5049fe36d388b819fd216d47d0f2cf3e9641,42
complaints/year=2025/month=12/day=29/complaints_20251229.csv,16528,6765c3fc5bebaa092f8b75c3156cdec0236ff0dc0120f072b461d7c2b94b8832,61
complaints/year=2025/month=12/day=30/complaints_20251230.csv,22414,67862ed99c84af82ceae88b8fcd04b3b6ac5661cb20b628f6e126f7dcfb7b5f1,85
complaints/year=2025/month=12/day=31/complaints_20251231.csv,22853,7211663585f2291092622d5374cf663bc2b6e682cba712f031a54477878d4c8a,82
complaints/year=2026/month=01/day=01/complaints_20260101.csv,15723,0182a1266c49d7aecdcdb6838eb9ddab3bd9b79654c6c7dadea009fcf82d4b79,59
complaints/year=2026/month=01/day=02/complaints_20260102.csv,21185,dbdf108b76eeae69965dc385b426d56f1481d5a3cd0764df94545e9946fe25c7,81
complaints/year=2026/month=01/day=03/complaints_20260103.csv,9384,915585043e0d00ebedc9beaabac99ce655ce31d1f5e7d3f68f660dd686a40cf2,35
complaints/year=2026/month=01/day=04/complaints_20260104.csv,9656,e1d437431322b4037b9a2f5485e2c7a0987fbe14ff7e1f11b2e670f4b8ec6295,35
complaints/year=2026/month=01/day=05/complaints_20260105.csv,20679,6f82ecc769a2efb9ab1f457ccb45f66586ffad628fd554c0f71d21fa07258385,78
complaints/year=2026/month=01/day=06/complaints_20260106.csv,19577,78cb72442c7088b8297bd695c0e8be5de32f7590d30ded47906623f8ddc0ec9e,74
complaints/year=2026/month=01/day=07/complaints_20260107.csv,20735,ca11a5d295ee638cc4846f623beb689a5eed62e553eaede98c222dd2564ee84e,77
complaints/year=2026/month=01/day=08/complaints_20260108.csv,21582,2e0063095878e1bf5ca8e1177f1792c895cc3bd34615662317ca7466a9c54bce,80
complaints/year=2026/month=01/day=09/complaints_20260109.csv,16448,2b85282f6bcb0b48f478567c498ddcbd558f76eb9a30815e1d6a0c000763cb15,63
complaints/year=2026/month=01/day=10/complaints_20260110.csv,10286,069bf2db020149117afe82e6d1f99a3f4e45be990ed72f02d24842b3bb461072,39
complaints/year=2026/month=01/day=11/complaints_20260111.csv,10205,0f1dd31dd38178fb234e5b24f6489872c7d0ad95be45bc44627eacccf971e426,37
complaints/year=2026/month=01/day=12/complaints_20260112.csv,15254,0e6e1b5e62125081f226857fbfd4b373d73f6d32fae14ad1307a96a79de97a97,58
complaints/year=2026/month=01/day=13/complaints_20260113.csv,18699,ad43900de198b500e18c7861afa8d9a432dfc1e72bc0dfaa66ab971192b63d92,71
complaints/year=2026/month=01/day=14/complaints_20260114.csv,15852,2ccf9a5bb10c572e60c932443cf1ac4b7de0d66d15256cdaa561c76e9604e210,60
complaints/year=2026/month=01/day=15/complaints_20260115.csv,21465,335c8a8354decec0ff99ccde7274a7f6162b49c425e3149284a534d18ed796c8,83
complaints/year=2026/month=01/day=16/complaints_20260116.csv,20720,daa446a682af52846097a5fe7a9a94ea997bd8aefd6e6fb327f73239fed2b7d4,77
complaints/year=2026/month=01/day=17/complaints_20260117.csv,8937,269983402b10dba918d17292f82dbb6b65b46331cb060c2aacd815e91b471191,32
complaints/year=2026/month=01/day=18/complaints_20260118.csv,12058,3798e38d2dd3c36c5b400668dbc6332ea26ee8eca97d3dc7f64b4497076735c0,42
complaints/year=2026/month=01/day=19/complaints_20260119.csv,16949,b060fd8c3c3902ffcbc252618734437a07ada899c0711c001dc468108593a177,64
complaints/year=2026/month=01/day=20/complaints_20260120.csv,22726,1e7dbe7b8c4e0f53b6b3e7b0ad56ab2d5e9a565e0864a5939e1fc6776bad3ed5,86
complaints/year=2026/month=01/day=21/complaints_20260121.csv,22523,cd8ea5546a137724c5bcf03bf8c1bb5ebb32ec68ea8d45355d136f9d506fe774,84
complaints/year=2026/month=01/day=22/complaints_20260122.csv,15971,dd41f137e62a1e1d9fdba77dba1806eefea74c75d91f519864db0a6c7e98d82f,60
complaints/year=2026/month=01/day=23/complaints_20260123.csv,18515,2bc5c0293d860ed186c783d0685b249e86eb06b7a00398bad7536e6fc1a6b301,68
complaints/year=2026/month=01/day=24/complaints_20260124.csv,10764,bb0a3d1a1744e92390e451a6a17dfbfd0efeb711936a283473b704da4eac1e58,39
complaints/year=2026/month=01/day=25/complaints_20260125.csv,9149,89316170364c7fbd2b3fdc35af01e32736b2a500f1293bb408137f6a7a896cea,32
complaints/year=2026/month=01/day=26/complaints_20260126.csv,23447,3e0d309166c0e19dd61a5126a26c4a0664e36a9c674a0fea52c15cb0a33c9171,84
complaints/year=2026/month=01/day=27/complaints_20260127.csv,21499,f65f0ebf9418d93427e79ff0355a8e50b6157d001e448828ee7d9f5a48a28156,81
complaints/year=2026/month=01/day=28/complaints_20260128.csv,20558,f3e8d73ed491afe9d74957cca075c27fa023479f5e6c14844bb97e6ee7eccf71,75
complaints/year=2026/month=01/day=29/complaints_20260129.csv,16661,ed0ffeb152d8fd781e571362e16157d0ffbfe45042fe4e3d46c3a2ae35b69ab7,64
complaints/year=2026/month=01/day=30/complaints_20260130.csv,18096,e77b891772697fb87ed5bca81d31373db426a01f13fa07b65bfa9577420de18b,64
complaints/year=2026/month=01/day=31/complaints_20260131.csv,11371,55b4dfa0bb26dc83ed4040f8f047d7657827831479d1df459c413e395ae54c06,42
complaints/year=2026/month=02/day=01/complaints_20260201.csv,9607,753a7d6e6651c199cb8034d17c2a85c15f59e81dc20693af3fde682a4430f370,35
complaints/year=2026/month=02/day=02/complaints_20260202.csv,20113,ab3cccb8a6853b0c0084460cf0602974225e861bb39e309a93604db0437a3c8a,77
complaints/year=2026/month=02/day=03/complaints_20260203.csv,17637,c404a79d1debe5a8cef88a3267e11ba056cdec500ba477e2f75d282100747996,67
complaints/year=2026/month=02/day=04/complaints_20260204.csv,21758,23f99138b18c61fa088b185eaef15709e9dfa678e69120f6b567d6cfa6723492,84
complaints/year=2026/month=02/day=05/complaints_20260205.csv,17750,0317b4be1c71b00c47ce6d2a496e8326d268ef879cc8822c0d842f84e6f605df,65
complaints/year=2026/month=02/day=06/complaints_20260206.csv,16354,1b84ec7a6ad251a85b8c258bd2cc70fe47ad085e476cd27a3847e8ad7034c4f2,62
complaints/year=2026/month=02/day=07/complaints_20260207.csv,10775,c1f289cba57d2e55b5a83690f0fa937f574de48f09d3db04c107c021438f9fe3,41
complaints/year=2026/month=02/day=08/complaints_20260208.csv,9575,f268994e2d9fcd8d11ea38a4c108225c5fad1638a28075cb890a5c9ede766752,33
complaints/year=2026/month=02/day=09/complaints_20260209.csv,17640,caf9b1bd0eda3e2440d6c924cc0529df578693cd42617bb17e90ee716e40b102,65
complaints/year=2026/month=02/day=10/complaints_20260210.csv,19042,6dea392a63461f47f1fd2e7c2dacc4f3d1d5562bc65c7f56272c7466e4a0fe98,70
complaints/year=2026/month=02/day=11/complaints_20260211.csv,19165,24a18f61a41e7ab9d8b551e4dab10cdcae0b7980d34c18b10ed552e4562342cb,70
complaints/year=2026/month=02/day=12/complaints_20260212.csv,22853,d473e74736b1c229c3215cb86cf7f7c42e8e515c9325f8b9345a6a26321d92e3,84
complaints/year=2026/month=02/day=13/complaints_20260213.csv,22022,0ea0654dec8d6b4c08fc1cd72b8eecd9e3d1e4bbda7ea3b3b6b58518348d5b1a,83
complaints/year=2026/month=02/day=14/complaints_20260214.csv,8897,9c4ae62823149bb43798b6b1f42c569818014618d839fe28dedbdfe22e382290,34
complaints/year=2026/month=02/day=15/complaints_20260215.csv,10985,e5e2642fcd6b7a2ba1eb9cfdca34d232775c2c4a51a8cbb78a4184615daec4c8,39
complaints/year=2026/month=02/day=16/complaints_20260216.csv,17669,e6bcc5c5996f8f37ae4d1df363f349d5ea76009cf288d5570c8099b8215c787d,66
complaints/year=2026/month=02/day=17/complaints_20260217.csv,15779,d298346fc7fa08090dd726a55f5bb9c4afafadfcef7789fbf2e3caa4494c06aa,61
complaints/year=2026/month=02/day=18/complaints_20260218.csv,15299,1d46faa00a2612cfd564a3be49a58c4fabc10495e43fa67a184ad3fed872d27d,58
complaints/year=2026/month=02/day=19/complaints_20260219.csv,19709,a3538eea19554698ba53f31a578095b3ab9831e5b27a7031c146c95c61888592,71
complaints/year=2026/month=02/day=20/complaints_20260220.csv,23455,abc1434e2c94912e579556cc9e4ae4fb9f79c0c368bd4887bef2a7d34d1145c6,85
complaints/year=2026/month=02/day=21/complaints_20260221.csv,7527,31c92e9007dbe224c9c6f988021b60149d860f0f7ab5af62326a6a5a9463e3a7,29
complaints/year=2026/month=02/day=22/complaints_20260222.csv,9077,8e409156be64adcd4f7937720289199ab18054e6eb81a5112962c6cba2033b85,33
complaints/year=2026/month=02/day=23/complaints_20260223.csv,17595,b8ea9adb7f72a7537ef55b56cbf91a9fc19ebde825dd0d1c51833ea8541c068d,64
complaints/year=2026/month=02/day=24/complaints_20260224.csv,17280,c640b31993edfa11932721bb4fde746c578e2ee2205f8d9d34ea2d38c5211759,64
complaints/year=2026/month=02/day=25/complaints_20260225.csv,22364,f5ec6bff9ca06c331ee2ae67b4996e93d16f02ad48d51e54ba811c77f0de5405,85
complaints/year=2026/month=02/day=26/complaints_20260226.csv,21487,a341c760a62fc6d041ff41e05344a7548d61005cff9e577ddc00bef6b2ef04a3,78
complaints/year=2026/month=02/day=27/complaints_20260227.csv,19605,fa753f92629a0e96caee2c4de4abcdd99d6b0327b94b5d8f9eeff3bf910bdb5a,71
complaints/year=2026/month=02/day=28/complaints_20260228.csv,8587,9952e923340f4b50479087363daad25096234b8ae20fc28c25e7d41d11c0538c,32
complaints/year=2026/month=03/day=01/complaints_20260301.csv,7937,182f9eb51742fd48ddee6a94af64dc90486ebab1c65fe739c887472495c5bb80,29
complaints/year=2026/month=03/day=02/complaints_20260302.csv,19667,e693b93029d111a9479aed0ee80e9288991d0e1698a372b4f667edcc9c3ccd28,72
complaints/year=2026/month=03/day=03/complaints_20260303.csv,20304,771c74c6242238fe1c7b18f7f134745afb73cf91a1daf4fbef2211e7703f1e26,78
complaints/year=2026/month=03/day=04/complaints_20260304.csv,21345,b0e9df97895f34e38a0000bb98df93c9c5303cb4545d037d6fc072b1dd7b13f3,81
complaints/year=2026/month=03/day=05/complaints_20260305.csv,17427,5d9aacbd229a0cdac885911dbd3e5e9bc4164a1e685cd865005327e322561c99,64
complaints/year=2026/month=03/day=06/complaints_20260306.csv,18346,e520c6f13ba688b01374be3873932330044699b48b30a30e6fe7ab0181d725b2,66
complaints/year=2026/month=03/day=07/complaints_20260307.csv,11486,dc194ba06065d2a93f3829d8249a8abd6887df36a15b5a45055dabacd19b153a,42
complaints/year=2026/month=03/day=08/complaints_20260308.csv,11661,776870b7590daaa3d9cec2ee31fe4240daef5a836098a0d136e8467ef365bd21,41
complaints/year=2026/month=03/day=09/complaints_20260309.csv,21061,705d0badc0218be1153d19e9398cc3a6ef4fb0f31a82018e64c4772f40c4bfb7,81
complaints/year=2026/month=03/day=10/complaints_20260310.csv,20681,5bb1c39890fc4fc6e78a95520f2bdca8d2b5e05b94cf778dbd64d774a62d068d,76
complaints/year=2026/month=03/day=11/complaints_20260311.csv,20357,a503d1e3c4fe6946d9265c710320aaf88f5ecc14e5a053c374e07dc4721c65a7,74
complaints/year=2026/month=03/day=12/complaints_20260312.csv,16728,c543a83e4ece14944caff4702776d736414ca38cc7f0db95f4ea228d685fd249,62
complaints/year=2026/month=03/day=13/complaints_20260313.csv,20054,ff01f0bcfd66dcfddf5f5aec15010c8149abef2119a2c741434d4fe06975847d,74
complaints/year=2026/month=03/day=14/complaints_20260314.csv,11058,17f5615dbfa24e1537b73ef14ac89d31cb10e6e92e70f47bc34a3972d73ae3a2,38
complaints/year=2026/month=03/day=15/complaints_20260315.csv,11006,d4942da83a204191b2aa0dc617b3495bd78125f525d935746ef91060d03aa49f,42
complaints/year=2026/month=03/day=16/complaints_20260316.csv,19422,621ba9f361577793b150fa920b0bc48f7c13fe1355e476a24c9e81b3c6f0ca62,74
complaints/year=2026/month=03/day=17/complaints_20260317.csv,20245,1c177fde4bd04ad3b70a620a9a1f3dc485408aa2895fb7e0e338445f4f97db8e,72
complaints/year=2026/month=03/day=18/complaints_20260318.csv,16344,521a6d554ec3eda0a203dd68bebeeb97f2d53f7c0f759e02d25194e13eaa56fe,60
complaints/year=2026/month=03/day=19/complaints_20260319.csv,22466,84e3aa7c0cbf9af64826d768ff9413e94ddbb8a30d68506f8ece94c0b8381426,84
complaints/year=2026/month=03/day=20/complaints_20260320.csv,22119,4632cf06a306d8a531cd6841abf9c4d22b45ddc56ddc9c6e0c71291c37ecef4b,85
complaints/year=2026/month=03/day=21/complaints_20260321.csv,8048,b724f64508c7d0af9d64d5e2a5479bd9e38f3353dc9553d28fca3a3d57b79df9,31
complaints/year=2026/month=03/day=22/complaints_20260322.csv,11095,408ebf755c3a78aa14184fefc155967006fd69dce63afabdf287f57ff6db48f8,41
complaints/year=2026/month=03/day=23/complaints_20260323.csv,19415,7dbd7ff2b91c65a7dea8b29d8e4ca6f99d858c3882984baa43ea6da4ae4beefe,72
complaints/year=2026/month=03/day=24/complaints_20260324.csv,21777,abbce1b3c21146e342e851778a335126dd38d3dd5c3fc4e3a8e40922a4228c56,78
complaints/year=2026/month=03/day=25/complaints_20260325.csv,18283,51a3ea4dbe140b18c78f76ee1dc68f80903791298d4a53eeef39fe04fd923b56,68
complaints/year=2026/month=03/day=26/complaints_20260326.csv,22838,16ab42ba53702c338bdd1f9042db60de748830c26fd7461efdea14366f3f56ee,85
complaints/year=2026/month=03/day=27/complaints_20260327.csv,23155,2c154ef54829c9e21c13244885c533c0d68fef3cdd0385d270c6af0abb84cac5,81
complaints/year=2026/month=03/day=28/complaints_20260328.csv,8454,5363e8cbf3ddabb31124ac47cd08fde62e9c93279e7b3db5a90123f059985d0a,30
complaints/year=2026/month=03/day=29/complaints_20260329.csv,10526,d733710a0916d946b890d504a2dc89aafd4f5af0e350aeb6a7e2143860b4312f,40
complaints/year=2026/month=03/day=30/complaints_20260330.csv,22344,68b04013a92391f06c063216278ed8e3a64b9fa80323f081048b9a0682c0268b,85
complaints/year=2026/month=03/day=31/complaints_20260331.csv,18918,169918952d813201f21f5a1e76da7d6b2618c1d5b99434dabd80c13f63810fc6,69
complaints/year=2026/month=04/day=01/complaints_20260401.csv,18641,03856160e04b91f425ba50c146156e6f003a12baa96dac57538576eccc10df6e,72
complaints/year=2026/month=04/day=02/complaints_20260402.csv,17034,4523a3cfb4e6f359028ae170bc689ce94899d00060799ee59d7aa78478723256,63
complaints/year=2026/month=04/day=03/complaints_20260403.csv,20332,226efef5986c23e70bfd39d3c9148e5c2b0400940331fa848d4d1a8e08eb7dcf,78
complaints/year=2026/month=04/day=04/complaints_20260404.csv,10035,31fa9149810a084a8cbecc894ce5b37c57f0cc68c6cdb2d7b7306dddb590173a,37
complaints/year=2026/month=04/day=05/complaints_20260405.csv,11683,e055d9db15e48cc0233b8445b07f4cd11b3fc90fdf8973b5cd5d5f3bc6e34ca9,40
complaints/year=2026/month=04/day=06/complaints_20260406.csv,19099,2ca03df87be8c304c279408cd2136b10eb08643ee726a737e13fcdbe4474dce8,73
complaints/year=2026/month=04/day=07/complaints_20260407.csv,22281,dcc0a7a32d4c0e58d5df06af308242894438f6b78eb59a96e55fe407badedc4a,83
complaints/year=2026/month=04/day=08/complaints_20260408.csv,19367,e9c5fb813f931acdc877b1425675a94b54665b0725c15dff952a9447d5af3a64,71
complaints/year=2026/month=04/day=09/complaints_20260409.csv,15460,572ad6616f61c48a894aa96fc68e6393797ae10460e0c5e561f21f252ee1b910,58
complaints/year=2026/month=04/day=10/complaints_20260410.csv,18822,bb9ebdc85885b19d3b052247bb88b987101ed9ea47032f06158e5870003d1653,70
complaints/year=2026/month=04/day=11/complaints_20260411.csv,10141,b841d1084209d51b2e5c50288df77086d891ddde9da5c403e79a6a917fb71882,38
complaints/year=2026/month=04/day=12/complaints_20260412.csv,10136,404bf51fdf42e389eaa8301f22288daf1e9ac5775a5e703e8eb1aba8849d7c0a,39
complaints/year=2026/month=04/day=13/complaints_20260413.csv,19357,75c71c9b150420bb9370a78b7223aef9643c8eea977fd6a0a0e25eec363e04f8,72
complaints/year=2026/month=04/day=14/complaints_20260414.csv,18027,daf49395c7cbeaae48fd970902a82b9fb1d9089c1d8593bb0b51f3e5203f09bc,69
complaints/year=2026/month=04/day=15/complaints_20260415.csv,16305,0180c9eb21a5fad33aeb7e973c95b2c57a223c8ec4f59c98ac2d29cd0958fb4f,59
complaints/year=2026/month=04/day=16/complaints_20260416.csv,21295,e62aefa79548436f0bf88c80e8693e2a202a5aae608ce52d857590321ae2dfb2,82
complaints/year=2026/month=04/day=17/complaints_20260417.csv,19539,f2a9af7ed82ad72225b48b5e6de4bbfd51f6f785d4503f2f126ed8798ccec610,73
complaints/year=2026/month=04/day=18/complaints_20260418.csv,10563,78867f9b4b47c64a7c47489c73585c3ac31ec83088f69fc94a44b37439c8e6fe,40
complaints/year=2026/month=04/day=19/complaints_20260419.csv,11234,76e6525fde4c5e04edb9a247d3809cbe298194b9f2649e5e6e622c847df41fce,42
complaints/year=2026/month=04/day=20/complaints_20260420.csv,19791,d8795af3fa156f2589763a55e6e8e4ab89b4ba391c5e812431c9c5824b40140d,74
complaints/year=2026/month=04/day=21/complaints_20260421.csv,15818,b3355d548867e37c6d3cff0367852f255c453d131d4ccbe1c088b75715424fb2,62
complaints/year=2026/month=04/day=22/complaints_20260422.csv,20972,2d02ade00f2ef3f51c300fc7198aeda02e62898c1785102f7ea133d843b01eb6,78
complaints/year=2026/month=04/day=23/complaints_20260423.csv,16024,a5d7edab4f69f831a965b9d2577b5c33e00f1e9b1b7fab886283875ec76cf0bd,60
complaints/year=2026/month=04/day=24/complaints_20260424.csv,19824,8f375416ce49eebfff3806b5634dc58779a08252201921dc019b453d11592084,72
complaints/year=2026/month=04/day=25/complaints_20260425.csv,9470,e06cbefc7d965a747eb3b6c0a476000c1b1eb388c6d87d5b94f5baf28b98ba35,33
complaints/year=2026/month=04/day=26/complaints_20260426.csv,11042,af8e7633c67f1dafa45b25fae97e5201fda6d76fb311104f4c23aaf0e8254c02,41
complaints/year=2026/month=04/day=27/complaints_20260427.csv,18937,c8981e48c52e327b0e86b8ae420b758291dafcc8c7cfa467c826388e1ce0d3c5,71
complaints/year=2026/month=04/day=28/complaints_20260428.csv,16079,fe7b2558545b8377d41e61b29f90bde6269605140b4c1f1b215bb060bc36dd30,64
complaints/year=2026/month=04/day=29/complaints_20260429.csv,23365,dabc802e7bfc890da2907ec80b33e650b2f7f0843927e836592382fdd903d3b0,86
complaints/year=2026/month=04/day=30/complaints_20260430.csv,16013,ecbeebcba932e29d12b5a46b1cc11205c57e85069bbcb2639e724640b26dae6d,58
complaints/year=2026/month=05/day=01/complaints_20260501.csv,16079,c92f7aba1f08dde1f43ed169769ebfd4ef43d7e31c674373cf934dc694381bf6,60
complaints/year=2026/month=05/day=02/complaints_20260502.csv,9833,d56f8e88f9c4c92048b8ca0fd4d2f150e1bf072cde7dbbfca8759825deb8e686,38
complaints/year=2026/month=05/day=03/complaints_20260503.csv,8794,86df02d48d70e3363586913b712a92c2169b4151252eb87f547f93a0598ddd0d,31
complaints/year=2026/month=05/day=04/complaints_20260504.csv,21004,e028c98c40577c080ddb2a8527f5ba971fa0bb48ce94a1d57b8210c20018db62,81
complaints/year=2026/month=05/day=05/complaints_20260505.csv,17657,806d97e9c7946942cc569a4db863553a46a252ac420a32437461e479009ecdd4,65
complaints/year=2026/month=05/day=06/complaints_20260506.csv,19293,afe7d159e6898a06a52b043df3b5ca9fa2f857030f97a6d02d79301b261343f3,71
complaints/year=2026/month=05/day=07/complaints_20260507.csv,20497,f727af645d0cbbda0b1a7113b1bb7535020a1b27966ccef5db436f09bd97f3b5,78
complaints/year=2026/month=05/day=08/complaints_20260508.csv,20203,c7f0de87f0f2cba78c4fef929d2a63a8ad196c4d6ed32f266e82dd9d66897f2e,75
complaints/year=2026/month=05/day=09/complaints_20260509.csv,9629,42ea3f860cc042776b58615dc2b600aef422e7b603070429bff469a2687da96c,36
complaints/year=2026/month=05/day=10/complaints_20260510.csv,10991,52ff086ce1dd91a88284c8acfcfd8d2611370fa765c4a503c9618fd177ebf2e1,37
complaints/year=2026/month=05/day=11/complaints_20260511.csv,14719,1a003fe2365b9af2c5d82607f0c26d1a899d2ecd99a2ad5e9005b9af62072c5c,57
complaints/year=2026/month=05/day=12/complaints_20260512.csv,22903,b81fb76bcc64526fbf85801e1a71afba0aa214ca8644ccc85aff689d68c7f12b,84
complaints/year=2026/month=05/day=13/complaints_20260513.csv,16371,6d28018b16c1277d3d0814ca5417357a1ac5ab1fd54c877bf31acad2e178f7bd,60
complaints/year=2026/month=05/day=14/complaints_20260514.csv,16909,83738b7bdafcde4c3500214f857e0ab084d87fd3bb6f47d5b452fcc7966aa97c,63
complaints/year=2026/month=05/day=15/complaints_20260515.csv,15930,8c80ad42028211eaa198954a4d6dccc8fab21f10fe910c88d1825a8df0314dce,59
complaints/year=2026/month=05/day=16/complaints_20260516.csv,11238,65c2f857e51df66af6b5d45b6b94ff38d60b19dc4c8ee9f3f6a10f568ec34953,40
complaints/year=2026/month=05/day=17/complaints_20260517.csv,8004,d7eb88f9ea6a3e9277f7610859baf22440395c99624cab296bd12c6b365d9e7e,30
complaints/year=2026/month=05/day=18/complaints_20260518.csv,20723,0d3861d33bee394d6a0fa2b99f30d8460f5da2aec97d04e3103e0e4d61a5003a,77
complaints/year=2026/month=05/day=19/complaints_20260519.csv,22208,6bee0e7e49cfe8db778f4848f4502451c388a86ffb745c69718eef4ed331e207,81
complaints/year=2026/month=05/day=20/complaints_20260520.csv,18620,41a3c4402e037236f398f33aa6af415bc1583c6afbd318b781e75b1bc632d0e4,68
complaints/year=2026/month=05/day=21/complaints_20260521.csv,20258,c43500d5e80021a03e640d29291855fc24986235ab64dbf1e3830db963fb79b5,77
complaints/year=2026/month=05/day=22/complaints_20260522.csv,16567,e57758c34d0aa42abe6e3e6c75783307551796a33235fcba81cd29c25add1297,62
complaints/year=2026/month=05/day=23/complaints_20260523.csv,9595,ed4c1d97703535a83e8321ebee3d9b4c1d45d2774f40ff895ea131eb745dc898,35
complaints/year=2026/month=05/day=24/complaints_20260524.csv,7587,baf71b1b289fe27fa49866a6e6e83a792f7a93e493d8ab20937c088fa38ae39f,30
complaints/year=2026/month=05/day=25/complaints_20260525.csv,17400,31cf7bdcadfbfd5bc17178d34acec687108d5e5a23a9b4e045cd959091b33585,66
complaints/year=2026/month=05/day=26/complaints_20260526.csv,19304,0930d3f44d783b6892a2e5aa868556450b742ecf7bad7e7e0010dedb12a5929d,71
complaints/year=2026/month=05/day=27/complaints_20260527.csv,17072,be098e8339c97d614e208de91eb0f805407c3dcdf344d336b91434c5fb0c4028,64
complaints/year=2026/month=05/day=28/complaints_20260528.csv,21421,f7a5d8b06dfcd62d3288ffde8f2cc8168e1b204a118bac0ecbd2828f3d65c539,78
complaints/year=2026/month=05/day=29/complaints_20260529.csv,18654,d0bea744dda60a22f3d9de7573ac7ecbe67c0340bc437ef05b36c5954c1b687f,71
complaints/year=2026/month=05/day=30/complaints_20260530.csv,9974,c849fc53d1024dabb64323ab58193dfcf25e15188307cba112ea3a4eb13ca0eb,36
complaints/year=2026/month=05/day=31/complaints_20260531.csv,11377,0f94b19fd19bdcb9c4b23ff8eb132a008f4da14c4d9dbb90878ecae41c83b69d,41
complaints/year=2026/month=06/day=01/complaints_20260601.csv,17327,ba2459c79041e5c39ecd7cc5946dc34ee2a4c8df2da1d541ac37665e99d87f31,62
complaints/year=2026/month=06/day=02/complaints_20260602.csv,17002,51a45ae9cf48ac2f6866892e3cc5f07221627e7b2408584b7cce15bd65f490d7,64
complaints/year=2026/month=06/day=03/complaints_20260603.csv,21213,e174e908ef05088a26cf2bb89738809fb3919117827ff59918a7bc1cb15910f6,79
complaints/year=2026/month=06/day=04/complaints_20260604.csv,22729,9924e8220d869111189219072862c184e3957d2cd11a43606b0906964cab431e,85
complaints/year=2026/month=06/day=05/complaints_20260605.csv,16179,f41c5fb99274b007d4b45485227ab86a6c3ec135004753f3273d8489714bd8d8,63
complaints/year=2026/month=06/day=06/complaints_20260606.csv,11001,fc822ccf1c8b4af8d467258439650c388b5629708c1963db452e5cca3ad29a98,38
complaints/year=2026/month=06/day=07/complaints_20260607.csv,8680,6cbff51568c7168ee87b372c7e4aa67c1f520a3e2ec849cbc9f04d5ca93f0874,31
complaints/year=2026/month=06/day=08/complaints_20260608.csv,15321,4db106ec5a0c958f75845e014fa7544677f773f223906ddbafa665dc822db19b,60
complaints/year=2026/month=06/day=09/complaints_20260609.csv,17190,acea55b09e6dc6f7b865aaa148feed921012446e916f367305eb3dc3423d24c5,63
complaints/year=2026/month=06/day=10/complaints_20260610.csv,15227,0055cf9e6578a98fbd06e70d14fc70b398ad7cb2fdefcf178df72d47b4c23829,58
complaints/year=2026/month=06/day=11/complaints_20260611.csv,22423,31f823c6a92d4d5ce7a22133784cd01ee4e6dd2ad6425748d481a82059c60f28,85
complaints/year=2026/month=06/day=12/complaints_20260612.csv,22290,475177324ef68d63d5b403cef11e196c3ac0c95d9a991727655a131203759eee,82
complaints/year=2026/month=06/day=13/complaints_20260613.csv,8668,e5c229d2c437b9b7b4312cc63e7ff975d6625203322576f3538e0d5cc77f0eb8,31
complaints/year=2026/month=06/day=14/complaints_20260614.csv,7904,4bbb7b2b17e1127d04816b876eb3cd34b5dcfa7e13650c045a7a740ab2d6be10,29
complaints/year=2026/month=06/day=15/complaints_20260615.csv,15593,679a7f1bdb7c41bf9c3fecd71c983b1ac80a9fb70c50ac055cfb6dfd57f39cf9,60
complaints/year=2026/month=06/day=16/complaints_20260616.csv,18953,0f461bfaa39ff696b9be7214563938b5f19da4b78b73bcdeb0ddba91e3c67f9c,73
complaints/year=2026/month=06/day=17/complaints_20260617.csv,22297,884abc85c80a24c79db55a16364a3b0ebf95e591b1ddfa4f623e5b24d0011106,84
