arquivo,bytes,sha256,registros
digital_events/year=2023/month=06/day=17/digital_events_20230617.csv,4552078,b679ecb1a7551ee33dd512b3463d452a8295f376953c44c3864e9a5bc70a720c,18949
digital_events/year=2023/month=06/day=18/digital_events_20230618.csv,1479051,2204cc2dd4055e55e2968f7bb5ac8c42a7e4da7f118c231c8d5b2871328d2178,6160
digital_events/year=2023/month=06/day=19/digital_events_20230619.csv,2573112,4d7569e3cf6f4fc5abd4778b5207a99b563075067c7f3c7249346d3b2c7a8f1d,10675
digital_events/year=2023/month=06/day=20/digital_events_20230620.csv,3104812,a63cb71dbd3f86a2850866dae447f1fcdf810c63bc2e0228cf273cd8562a6d05,12890
digital_events/year=2023/month=06/day=21/digital_events_20230621.csv,4227147,b252c217df2eb0f4a5a88ad89d994efd410733670c4b2a19c8ac003f1da514a1,17572
digital_events/year=2023/month=06/day=22/digital_events_20230622.csv,4326081,0c1cd2ec29e007576e1734764934ecdd01093ccddecd2855e3da28154e048b53,18001
digital_events/year=2023/month=06/day=23/digital_events_20230623.csv,3167099,cc48ad83dac14ef7a197b25a73f06cc0b3e45bf85c388b83701319378c993b85,13135
digital_events/year=2023/month=06/day=24/digital_events_20230624.csv,2250709,9230dd2e6732330123a7496d653ba07d6ee7ddacc8fdf6fa745edc090578398b,9350
digital_events/year=2023/month=06/day=25/digital_events_20230625.csv,2549924,113ace6f8d1ecc266e6c48b79f4240a8750f8f6b754bde1a1cffd361fa45b574,10590
digital_events/year=2023/month=06/day=26/digital_events_20230626.csv,2973961,3bcb07f641af70c478fe09f887b5b2e657cf37baf45ffecb29a48ace8033608e,12387
digital_events/year=2023/month=06/day=27/digital_events_20230627.csv,2795060,797bb9441bedefc3dbdb7d285904b56497542c6d09aa1408f2a3e0c4ce329234,11625
digital_events/year=2023/month=06/day=28/digital_events_20230628.csv,4307355,88807d6929ba342d3ab77b604d1341f9ceb7698d27fe806e73c2a440c54c9b5a,17897
digital_events/year=2023/month=06/day=29/digital_events_20230629.csv,3101628,a55858ce509cc83d76d03f5071a77df772e60fd188e79cf52f4f04b4affbc3cc,12903
digital_events/year=2023/month=06/day=30/digital_events_20230630.csv,5025627,7a9d2ff1d735e89a5ac0d81feb1def2f40e0817401b3f41df1afd33fb175205d,20901
digital_events/year=2023/month=07/day=01/digital_events_20230701.csv,4545049,c09c0760656d8581c3a91da4753862288fe025da78d1437a6eae9436205ac063,18929
digital_events/year=2023/month=07/day=02/digital_events_20230702.csv,1380933,454f2b207d3e18a4ffea5dcb0438e34101485cbb98edd1a2b497ae8cdfd73f16,5713
digital_events/year=2023/month=07/day=03/digital_events_20230703.csv,2324064,86a13b24baa41b3fa38ed31101643fa6f28c749f631b26b6d68d3eea38b34999,9659
digital_events/year=2023/month=07/day=04/digital_events_20230704.csv,2797811,890ab43441b71201b5b7b57b7193789e7f8116e82eb2389d28c645c4b1a74c1a,11625
digital_events/year=2023/month=07/day=05/digital_events_20230705.csv,2756565,7869f5233d49fb8d1709322424b2c505f75e3b5602aca3e009500ab35c09373d,11456
digital_events/year=2023/month=07/day=06/digital_events_20230706.csv,4402446,dc06e4d24f92dded00415cc5bef2b7f499ab3739e32ccd2e97362c24eb230e17,18318
digital_events/year=2023/month=07/day=07/digital_events_20230707.csv,3314931,c01e2897f5564e5d9bfb91b550fbfdb3f16118bdeb45f54cc44e88fff6e9585e,13772
digital_events/year=2023/month=07/day=08/digital_events_20230708.csv,1577685,1e79efe5da2cc0274857c2743b1d234772db114e1dda8e511958d44b327cc892,6559
digital_events/year=2023/month=07/day=09/digital_events_20230709.csv,5179616,279b0660c221d693eadf9345435cecb2943aad63bb8e774cf224fb566248daea,21556
digital_events/year=2023/month=07/day=10/digital_events_20230710.csv,5453035,e3722f4e1caf15150b70481e38359b301f81f81fb35c30b1926e2ba6ecb7f139,22712
digital_events/year=2023/month=07/day=11/digital_events_20230711.csv,7329032,991259cd93fd38cc81b0ab876b2b2a4821fe220bbd39bc9c35e59d4fada0f89e,30449
digital_events/year=2023/month=07/day=12/digital_events_20230712.csv,3829094,c8c5d7576fd09d3d5f46e815eb5964e4091871afae83fdfacf4335126fa666c4,15890
digital_events/year=2023/month=07/day=13/digital_events_20230713.csv,6624754,e7dabc55772db62cc1b4af13431fcadfa70428fcf253f225b8a935c8b906040e,27535
digital_events/year=2023/month=07/day=14/digital_events_20230714.csv,6223648,6ddb1e5fa5eb3cdddb90dcd1057fd9579b2d14929304ad2f86999be06b16460d,25897
digital_events/year=2023/month=07/day=15/digital_events_20230715.csv,4643308,46f743b5c59ade5aaab0f15c1e302e683fb600aa3eeaa7476008dd0268baf550,19320
digital_events/year=2023/month=07/day=16/digital_events_20230716.csv,5182375,7f23d1120e81b3672f059674d67315e65ccb61fd44dcaacf35b0e0cb635be9c0,21557
digital_events/year=2023/month=07/day=17/digital_events_20230717.csv,4999730,134b1f51e0f6ca11b9b4a228db57b29b625d2f1af58cf57df1a2806a09cd7870,20817
digital_events/year=2023/month=07/day=18/digital_events_20230718.csv,7066859,adceff709356fc99dfcff80ac5a6a0a3f2cf68ac232373ccb8f8a8829a6f72b7,29360
digital_events/year=2023/month=07/day=19/digital_events_20230719.csv,3983767,12e3078b18216409b58663ceb0f3e7da0f279497d5dde140d53fb730d42d5373,16578
digital_events/year=2023/month=07/day=20/digital_events_20230720.csv,2717769,ec0e27fdf9f8a6ca562e64667695ecff214722ad75a12763d52ece0d44371c96,11305
digital_events/year=2023/month=07/day=21/digital_events_20230721.csv,3100396,40a0b4b34245c181cef80fd11e0e88a94e87c82bcf2ebd76c243dd3d9c24e77c,12903
digital_events/year=2023/month=07/day=22/digital_events_20230722.csv,1782525,2cd66526f3b003685f69c6eb72edfd1e4fcda2bf5204284ec9e31208975f05de,7418
digital_events/year=2023/month=07/day=23/digital_events_20230723.csv,4248801,40b64a3a639888057c8bda4f8ec3ca5a62fef312a1fa9786d7ae5b72fcf24d2c,17664
digital_events/year=2023/month=07/day=24/digital_events_20230724.csv,6103213,1390a7904661cf92d3697154834d0b3ff1924866020d98cc03ca42eba18ab697,25353
digital_events/year=2023/month=07/day=25/digital_events_20230725.csv,2412677,536484c0cdc77e373baab51b4267a954abaccc375f3106fc15c428bafb61fdb0,10025
digital_events/year=2023/month=07/day=26/digital_events_20230726.csv,4408462,3c297a05b60975ad63a1fa777618e50640181b04c7a3b518a97c236f570d3ead,18343
digital_events/year=2023/month=07/day=27/digital_events_20230727.csv,3403672,a4af3133d362e95b2f06c9523118a7292696f9b8bfbedf4a72e27614b6cdd837,14200
digital_events/year=2023/month=07/day=28/digital_events_20230728.csv,3695821,57e81c65a2978964dfc8fcdb35576b07ca289b90878f146d673a4b66c1526b6e,15389
digital_events/year=2023/month=07/day=29/digital_events_20230729.csv,3057753,ca139296c62abdc3c5660eda297f1257a20e5c124c7f14b29a1855c7d7f7ae76,12705
digital_events/year=2023/month=07/day=30/digital_events_20230730.csv,1930507,1a570038fbad49646640a6b3553e948e456f444ca43ef2e27c50015c598a9cd5,8017
digital_events/year=2023/month=07/day=31/digital_events_20230731.csv,3579945,81d834937885064c3ebe2a63f2d15a800f6f2900e18b9608a6f9291882bf4d39,14894
digital_events/year=2023/month=08/day=01/digital_events_20230801.csv,7481897,dbe349f72db6ed55dc3b5775ff5151c6fabe6a7d863344f1ddfee61584a10c7b,31073
digital_events/year=2023/month=08/day=02/digital_events_20230802.csv,3398949,fecdc104b4315c949bd42d8048925c92f83f7ed6950958944be31dec5d29bc5c,14146
digital_events/year=2023/month=08/day=03/digital_events_20230803.csv,3467405,68e912ca5f9c0df396716fcc937162e6d5e99b22c630b7246b7d592b4c30abae,14431
digital_events/year=2023/month=08/day=04/digital_events_20230804.csv,2682010,34cfb0d75a2c008128d3da8ecf1aa453aa20e03df17511fc3cf69f0123d1919e,11148
digital_events/year=2023/month=08/day=05/digital_events_20230805.csv,1597513,f542c8989ab9638abcdea34f09f6247a4cf23fffdd3b4c5a0ed08792861b55b2,6662
digital_events/year=2023/month=08/day=06/digital_events_20230806.csv,1906870,c39a28b7555b4bb961410df5afa8ade907083f4d0e01e58045b0c56523f845fc,7916
digital_events/year=2023/month=08/day=07/digital_events_20230807.csv,3062267,5144e084f8442a5e24af7b89cc16df63654c5be44f1b5eac1efeb177ac8196cb,12752
digital_events/year=2023/month=08/day=08/digital_events_20230808.csv,2184445,654a56097c1deb694a58f310bef60cb1c988bd9d47c69b1bd8ab7af2f1ca8998,9080
digital_events/year=2023/month=08/day=09/digital_events_20230809.csv,2455642,2dae19b4734081de52181c7e532678d65a083c7035e9826f965dededee52e186,10207
digital_events/year=2023/month=08/day=10/digital_events_20230810.csv,3766396,b88acc818c8f2b268621d50cf0188db68d8f9ea39e31d72b85efde5a11d11a4d,15656
digital_events/year=2023/month=08/day=11/digital_events_20230811.csv,6930513,0de4f81376eba7683be11aad05ce2f6199e7a94b78dcdff52a7a5ca38f3bb88c,28817
digital_events/year=2023/month=08/day=12/digital_events_20230812.csv,5056159,3c77bb71841320820a6039c63b8420bc0c0f05818344760342eb4a57ac1c5b14,21006
digital_events/year=2023/month=08/day=13/digital_events_20230813.csv,1556811,26e87c5bcbf973077835552db9f0163471b23230443136f674dff9a5ceb3ccb9,6473
digital_events/year=2023/month=08/day=14/digital_events_20230814.csv,2112956,69a33a90e773496a815c854348f113710bbfc640aee92e7e273503eee87fea15,8804
digital_events/year=2023/month=08/day=15/digital_events_20230815.csv,5144567,2852bdbfdb6b65289a2114672cd08790c11a1a2902ed281bfbd9c50ab4c6e744,21373
digital_events/year=2023/month=08/day=16/digital_events_20230816.csv,2147208,5c016bac8953a0f09b4a30a49d87bf0a68645adfdae98a260485a58910d61799,8912
digital_events/year=2023/month=08/day=17/digital_events_20230817.csv,5485402,bddc1f5e07def28523204d359fad3d27ac58bb39739ed79af4c096157197bcfb,22824
digital_events/year=2023/month=08/day=18/digital_events_20230818.csv,5378743,7b99031bcad7b75fcaf9754f28792439b3fe0ae8a75081247bf84a589f434fc9,22369
digital_events/year=2023/month=08/day=19/digital_events_20230819.csv,2692443,14d3021337cae675ab08c903fdb09a8c3c46b637464e1afb4d24ce16b81e803e,11181
digital_events/year=2023/month=08/day=20/digital_events_20230820.csv,4573103,6aec2f3fbb7cce4b1d256a02c17e3022d19ac24f95dd39a4fa7269e492c98bf4,19024
digital_events/year=2023/month=08/day=21/digital_events_20230821.csv,2331996,07d2076ee28bcca695690e5471f1bfd09d1df9a7b542f827a0fa77ca4b21f749,9713
digital_events/year=2023/month=08/day=22/digital_events_20230822.csv,3837668,07d9b6ce0d088dc29bd9601837ac699148c5f93318175f77a14f0e993c049062,15965
digital_events/year=2023/month=08/day=23/digital_events_20230823.csv,1978812,1909dfac6662a444e2dc00d00144ae834fceea6b0aa0e064b46204b4217a740f,8195
digital_events/year=2023/month=08/day=24/digital_events_20230824.csv,3342320,97b112fa2ffa5229b6185289a346269abe0470bb2e0b9dd5a874e5fef3644e78,13923
digital_events/year=2023/month=08/day=25/digital_events_20230825.csv,3504254,2c4946348b175e9f7254c4f127b425d7f3680f45e99d30cd01fce5fbb3401580,14585
digital_events/year=2023/month=08/day=26/digital_events_20230826.csv,2201362,84d8d0bd7b3a2c98937a03e4819af7f1be87629da0ea0be1071c6a9360ffa92b,9144
digital_events/year=2023/month=08/day=27/digital_events_20230827.csv,1664102,43778542b5ea53c6f91576b1cb6751bafdca0118e57f001fb88323cb8d8279a5,6910
digital_events/year=2023/month=08/day=28/digital_events_20230828.csv,2596651,814d92654d8fdd01a3504a44a80671e9f9d56c085dcfa9ae6e74e4894a95cc63,10807
digital_events/year=2023/month=08/day=29/digital_events_20230829.csv,3319926,2d87c618d08c79caf740ecb215a587f53cf5ea1f41286c9f5dcd7ba17a490446,13820
digital_events/year=2023/month=08/day=30/digital_events_20230830.csv,5517444,bbb69fa8288ec022b3266e5c727441d37cbad3b944996bed357509e387f9a038,22914
digital_events/year=2023/month=08/day=31/digital_events_20230831.csv,2965937,92441c79c07c5782031ce783a1d6ec51494430d97b41297208b9d9f871baa6e8,12336
digital_events/year=2023/month=09/day=01/digital_events_20230901.csv,4869090,d9c2f440e39645239a95f8d0b4edcd32cbdae83929b21efa3f3c808625cae224,20225
digital_events/year=2023/month=09/day=02/digital_events_20230902.csv,3388322,b6c627e7e2b2a19575d7775719c1473ef0b89ae7d0a8caf74e7e154c1be355c7,14091
digital_events/year=2023/month=09/day=03/digital_events_20230903.csv,1809340,f4eeea6a03f5ff323c3f17c5a4b93d281914bd14744bf05de2572fb6ba509317,7512
digital_events/year=2023/month=09/day=04/digital_events_20230904.csv,3589764,937a5d4bca465da7f6e3a08a6f9a9dea63fd20ed6e6c6a5de6d1552dd36bebaf,14935
digital_events/year=2023/month=09/day=05/digital_events_20230905.csv,2532000,b884f7934f92581f3499f7116a16466aecee3b76cb7889a3f67bf0d1d86c38b3,10521
digital_events/year=2023/month=09/day=06/digital_events_20230906.csv,5637097,47b0d5a822dc49f5ebce362cee25d3514ce463f22f15e4e7c4b9ccfb5699afee,23430
digital_events/year=2023/month=09/day=07/digital_events_20230907.csv,3092470,c9c3df7dc9922ceb025f6274e6e7d8ea5846f1f8704c3d5f2c7772034f8141ea,12852
digital_events/year=2023/month=09/day=08/digital_events_20230908.csv,5342970,5255a9f01788c2fc66e2c2a3666a997fd39b8bd3006417b70e758e44fc6d7f84,22243
digital_events/year=2023/month=09/day=09/digital_events_20230909.csv,3960090,e18f6fdec7b011fde57f4a6e790a31898214373a32b1c79358280a9e73745041,16474
digital_events/year=2023/month=09/day=10/digital_events_20230910.csv,1636207,ebcbf5c8a74cceed222d7c5580625f1a841c7a41c7c9740b8af1dbc2838c3ee7,6790
digital_events/year=2023/month=09/day=11/digital_events_20230911.csv,2412727,c5e200dc840c85a2f625c5b84cf44481b91c49cb2edc52485c5341a784b8f72b,9995
digital_events/year=2023/month=09/day=12/digital_events_20230912.csv,4218734,5b763b885834504796868dafd49e5947e1aef8ca94014fe1575a238a089de936,17518
digital_events/year=2023/month=09/day=13/digital_events_20230913.csv,4124044,e83e21a080641e93d53e05322e667cc4a0cb001863f76687583a0a2e99129543,17158
digital_events/year=2023/month=09/day=14/digital_events_20230914.csv,3564614,e0087b3d6655abf63f448448ac93db2733463e29d93584ced9ac5b088a315552,14820
digital_events/year=2023/month=09/day=15/digital_events_20230915.csv,4066303,42417ac32ac7e2139ddd3dcc63fa4de9dce608b89fc270d316a883826515bfbe,16897
digital_events/year=2023/month=09/day=16/digital_events_20230916.csv,3510173,1879575cd6c383e8235880ac8af9f79528fcbdfff08be026f1064ce334510bc9,14602
digital_events/year=2023/month=09/day=17/digital_events_20230917.csv,1548333,fbf0ab4224943ea8b93fa26fd25dbb8a7b3d418a9094ec71b04378ff666c2f2f,6435
digital_events/year=2023/month=09/day=18/digital_events_20230918.csv,3044221,870bb46f16976a8fbde01a6fee9375533cc2581efa3c4db1ed572b49b4bc709d,12657
digital_events/year=2023/month=09/day=19/digital_events_20230919.csv,3590388,699753dea5875e332d1ed246bff9d551f1a146c032057a93ea42c8ae881fe0d6,14953
digital_events/year=2023/month=09/day=20/digital_events_20230920.csv,3301108,2b095f2bde7aeda26adfecb20e8f148a69a9ec62a3dd554603e22791decbff33,13733
digital_events/year=2023/month=09/day=21/digital_events_20230921.csv,4025246,10f2cef1e305fcb3ef4ed3b01b2f82e5d834313a71a574ce59449d7fd3872cb6,16772
digital_events/year=2023/month=09/day=22/digital_events_20230922.csv,6423295,4c46172186eef3e821d99d0b77ccc8b1be152f0dc0b6fd8d2fd4f349d0935c46,26626
digital_events/year=2023/month=09/day=23/digital_events_20230923.csv,4357101,fc5d0371294e59da3907936364195711212f57bfc5591e6ef34a4855463c845e,18105
digital_events/year=2023/month=09/day=24/digital_events_20230924.csv,3807252,aeeebf900d4ea43c0a91debddba6291e3b071e8cab088ced3c685912998b76ac,15821
digital_events/year=2023/month=09/day=25/digital_events_20230925.csv,2172428,8fcf0c791c0c567473ce24cb413a315c049ba88f0cd3a63133cfe951d1419766,9036
digital_events/year=2023/month=09/day=26/digital_events_20230926.csv,4383177,d82bb126d028a8bccf94889d1a915fb77ff8aae342b8ca2c3090ee69e7ad2494,18202
digital_events/year=2023/month=09/day=27/digital_events_20230927.csv,4320607,3d53ecb0a6a4f7bf532d090c6c0c56d3174c634c8e5c6b615a0740c82f4f8bce,17960
digital_events/year=2023/month=09/day=28/digital_events_20230928.csv,3292002,17a0b4da9959accc872671ea06eee9de4de93e3dc59fe37e97c4df7108215c96,13647
digital_events/year=2023/month=09/day=29/digital_events_20230929.csv,2270568,11e970bb6e998de5eb337b6b84ecee5630126e19c63a346dea06286a4cf757cc,9462
digital_events/year=2023/month=09/day=30/digital_events_20230930.csv,2081621,af27347f9087a5999a572e148c8f7f7c0e4a0a448368d8217cf120a62c612f30,8664
digital_events/year=2023/month=10/day=01/digital_events_20231001.csv,2152769,fee829126b315c40d860b82305678915888d113bd27ac7f041b298cef4ef0cb1,8946
digital_events/year=2023/month=10/day=02/digital_events_20231002.csv,6544699,06aaf97df42e91098c1b4b5eb346e6b0955ed858dc2294516be43cfe4dc1f934,27208
digital_events/year=2023/month=10/day=03/digital_events_20231003.csv,3261350,d0178ca1bdb85d5b8cc4f236e3dc9178872a577115bc82f429bd603ba65c2a56,13544
digital_events/year=2023/month=10/day=04/digital_events_20231004.csv,3326427,f0b67e99b20b7b755bf309a1459203e255aeecc983ac27f6167a74a24953fb35,13801
digital_events/year=2023/month=10/day=05/digital_events_20231005.csv,6463992,a77589289b6d514f97d93fd2e5ce265554197ffeda3204effd1027dd770a2486,26897
digital_events/year=2023/month=10/day=06/digital_events_20231006.csv,4515348,4a85d62eaf556abbc197f752a13e12ed0dfb89966ece67973a7090e0103256c8,18749
digital_events/year=2023/month=10/day=07/digital_events_20231007.csv,1736254,015885f667b33f456cc22daca1056c1654f5aff84e195f81edaa06862a8598f3,7205
digital_events/year=2023/month=10/day=08/digital_events_20231008.csv,3093019,b399c217c7a6353a0cd60f6d309b43d4dd39542bf0bb7db4ed46701d4f06f660,12858
digital_events/year=2023/month=10/day=09/digital_events_20231009.csv,2987792,3459c3dabfc23b9cd59801f0ae714e79e6e30dfc15a3e16bb2cdfe27efc71b64,12417
digital_events/year=2023/month=10/day=10/digital_events_20231010.csv,3287461,75b6197c3c33f40b6d83f2e0d099c51695f8cb17b716b20f846b017ce554c5ba,13643
digital_events/year=2023/month=10/day=11/digital_events_20231011.csv,2144062,870d0d6e7e048eeb0dc6ac4ace5d71382020e83191a326cbb6044e95bd91e740,8917
digital_events/year=2023/month=10/day=12/digital_events_20231012.csv,4457737,1cfb7030fd102f0cd6fe657d1984a95c51728b938d5bee67ff67d5fa172a0b27,18469
digital_events/year=2023/month=10/day=13/digital_events_20231013.csv,2270539,45ad3e32c54e6d1cdb6c9a3d8e2076ab67476307379397686bc70c3ea8524bb0,9458
digital_events/year=2023/month=10/day=14/digital_events_20231014.csv,2117289,912c96eb9fb9d9dba4fed94c3b6a31c99b9aca4fc69e799174fe2de42e7521d2,8777
digital_events/year=2023/month=10/day=15/digital_events_20231015.csv,1493500,27f59425efa34ebcdf8592d2c19cf5af2ed68f19934699740b11f8e47220717d,6208
digital_events/year=2023/month=10/day=16/digital_events_20231016.csv,3069207,fa54ccc69a5ed02701b491e6d126b85c3e50827491c91ae2c582b805b288bd50,12748
digital_events/year=2023/month=10/day=17/digital_events_20231017.csv,3063468,bdf684a243e45702ee3134e4437688a2425fea8bd27c92338a9b112ffff2000b,12739
digital_events/year=2023/month=10/day=18/digital_events_20231018.csv,5695456,648436ae85ea82956454ba6c4e73efc4e86141f94ba3d47243cb1c957442adbf,23705
digital_events/year=2023/month=10/day=19/digital_events_20231019.csv,6052606,42705fd0f90409293d6aee5ea6d2d42728fecc0e6938dc247c3ba5899e32e9a6,25146
digital_events/year=2023/month=10/day=20/digital_events_20231020.csv,3149385,8db9c7828e39ba87783e0c360542a6429a52fa51464e220dff223e5eb4c0e34c,13130
digital_events/year=2023/month=10/day=21/digital_events_20231021.csv,1917215,9eca52a92b46ac89b54ffb7a5ed74d46f8fdf5fd64d40871bbacebbf33a0ad71,7963
digital_events/year=2023/month=10/day=22/digital_events_20231022.csv,4468358,34a450b7ece7068d46bcfdaf078b8e54009a006389539c137ceb4ea5989784dd,18560
digital_events/year=2023/month=10/day=23/digital_events_20231023.csv,4567507,2cb9b86a21ac27d403384ade65a2ead0b2774a70ca17504f7c2244e0260edb26,19004
digital_events/year=2023/month=10/day=24/digital_events_20231024.csv,2581319,2cf004d0bfd5d553c39852823b8d324e8b0fce29e696d286ad260f6115b005e6,10714
digital_events/year=2023/month=10/day=25/digital_events_20231025.csv,3185832,00e34aa81d8cf2aec16bc1f96760dfa20e8c35f137738c337e7628b75254f6ff,13253
digital_events/year=2023/month=10/day=26/digital_events_20231026.csv,7389394,9e5f1b44e20e79f04d2db455e52829023e20e3e7e29b7e22620041a98d10b63a,30733
digital_events/year=2023/month=10/day=27/digital_events_20231027.csv,7290156,fa76dc373b7eaf91722ad5a3deda4b3c63e822599c30061f04fc336e1c3fd21c,30322
digital_events/year=2023/month=10/day=28/digital_events_20231028.csv,3858722,f27e61feb8ed28e85e57608b7d9577198e9132bad7e2c8084e0ce64ba8f2d115,16019
digital_events/year=2023/month=10/day=29/digital_events_20231029.csv,1549529,b2a8f38269a22f870f9b3344d2a32efd9fe5f984753eb783c86f930e5f79d17b,6435
digital_events/year=2023/month=10/day=30/digital_events_20231030.csv,2441404,c4f896dbd92589ddb2c653e3f5a3b9be0f20a88d71e23872e96defdf1e5b2644,10150
digital_events/year=2023/month=10/day=31/digital_events_20231031.csv,7365579,ba125f370bb07aecb93874d9cde9360c7f29535709ec14ce6ca6ddab44be4902,30588
digital_events/year=2023/month=11/day=01/digital_events_20231101.csv,5316616,62dbcc668672636f8eb7298405852df8f5ddb2d2d17e7b81374670efb16b65a2,22107
digital_events/year=2023/month=11/day=02/digital_events_20231102.csv,5352785,16183dbdfc6782169c535592f9363b01feb6d3f0aa6958c990caa21b7aac2a7b,22219
digital_events/year=2023/month=11/day=03/digital_events_20231103.csv,2788100,ca6f6b3fba1b6bdc143e68a6616b9205b6a3c1808532a6d133990f9890acb567,11589
digital_events/year=2023/month=11/day=04/digital_events_20231104.csv,2286850,364516b2b053e8903e1cfa3bad08d690abe40f543ec2d15feca584e8837cefa4,9497
digital_events/year=2023/month=11/day=05/digital_events_20231105.csv,1806615,b6578cefea2e12c034134cfa2b3fe4b58f3f96fe6f518025f5f402e9b467608e,7512
digital_events/year=2023/month=11/day=06/digital_events_20231106.csv,4613283,d05ffb734cbf18f7ccb751636ce575f0a825af1a3a87081c31ac8aaa2e6ea39b,19182
digital_events/year=2023/month=11/day=07/digital_events_20231107.csv,2869174,f582bdefa527c1753ff18d944d38cc74a862610d19ca33a90d1797f07a35c4ef,11966
digital_events/year=2023/month=11/day=08/digital_events_20231108.csv,2689647,17e3315a94179f8e7f4fe50c85d379fde93e20f6952acad5cf3f677e65723c9f,11185
digital_events/year=2023/month=11/day=09/digital_events_20231109.csv,2305618,f8471ffebe92a6eac64dd5acbe7c173f20acfd10547aa05afc85962651fbfaf0,9600
digital_events/year=2023/month=11/day=10/digital_events_20231110.csv,4034252,0d9745612b9bb2d319b6a34b8dcb5493548203f7bc6c2646018ae58892fef4c0,16780
digital_events/year=2023/month=11/day=11/digital_events_20231111.csv,1895084,fd67fcaf8462c363de1bd3f97df871019193ecfe186d7959ba356118fb8f6be3,7883
digital_events/year=2023/month=11/day=12/digital_events_20231112.csv,1859822,82f3811ed27d86d94dee661588aaa3a72fcbf8fc762ec6625ff255d0f813a9a6,7716
digital_events/year=2023/month=11/day=13/digital_events_20231113.csv,3399698,dcf3cb0bf76220bcb9d44ab17ef482af85880506c8872ee25bca2b3645e15d01,14155
digital_events/year=2023/month=11/day=14/digital_events_20231114.csv,3852246,2877367ec96403a8d6cc2a7d111352d9e1248d3bbe7620c3eec329936ecba418,16006
digital_events/year=2023/month=11/day=15/digital_events_20231115.csv,2944238,af68066dfb1f1f10de02d3afa389679b931fdfe2b464e083eb02309d6bf442fc,12229
digital_events/year=2023/month=11/day=16/digital_events_20231116.csv,2952340,2cac6d6a64c3a8979ffca0e35fe37f5110973a3dc771af0068e25371202cad22,12252
digital_events/year=2023/month=11/day=17/digital_events_20231117.csv,3081731,2eac88654ed5d43bd7dd1e10ef9c7b42ea1e1f87fde8a5885a1481e84e2bf26c,12787
digital_events/year=2023/month=11/day=18/digital_events_20231118.csv,1543718,7b9314e08ef3af5f1cbd0a3c577c669fc2f6ed0c0409cf1252555a133e494f55,6436
digital_events/year=2023/month=11/day=19/digital_events_20231119.csv,1890518,99ca693386567ed65593acc2f230e3088788be148433fb6e44c13dbb8e95b36a,7854
digital_events/year=2023/month=11/day=20/digital_events_20231120.csv,2390086,8578c9f343cd0232008b5c74eb7fcd133e749d13917612750ef969646bf02998,9940
digital_events/year=2023/month=11/day=21/digital_events_20231121.csv,5923579,ada841852f3658dbca6676592f20a53c4f6581c951e95375e42d121cf4debfec,24689
digital_events/year=2023/month=11/day=22/digital_events_20231122.csv,2788083,d79a383a786d619c3c0b671e88f496dc74b50921d510f8a161afb4bf5977abc2,11611
digital_events/year=2023/month=11/day=23/digital_events_20231123.csv,5107029,b488996300d475a1f39d5bb81766951a285098d37841b46f4b409f6aef32f16e,21230
digital_events/year=2023/month=11/day=24/digital_events_20231124.csv,2221576,4b0b3a6768b9a897e96ebca78d7f2e2a8f5cac8b42af296c898c8949626fdaee,9246
digital_events/year=2023/month=11/day=25/digital_events_20231125.csv,3007040,8be7d900c543a265b9057deedf409fd2307b68d3348aa445ed85b6d252b15659,12502
digital_events/year=2023/month=11/day=26/digital_events_20231126.csv,2491964,d32715f7e611cfc60c8a18e1723d4c26851d412ac3f4f870425a9a5ba85f63df,10337
digital_events/year=2023/month=11/day=27/digital_events_20231127.csv,5429551,f3fe8a3f61c5c2718f2da6769ff07c1e905ceba8ee19c09ca371654633b90528,22536
digital_events/year=2023/month=11/day=28/digital_events_20231128.csv,3276461,8683c7a8bd82ae2758c6b864973f33f7125ab9a88df2862476d424592a98534e,13603
digital_events/year=2023/month=11/day=29/digital_events_20231129.csv,4599365,50d130c72d2d564214460b71c08303b6e4ce5501de3bbf3d06f92cd3f261bad7,19093
digital_events/year=2023/month=11/day=30/digital_events_20231130.csv,6234345,dc32a425c16907182e69b354256e48508c79d5b99fcb4dd189ebe251b9d054ce,25918
digital_events/year=2023/month=12/day=01/digital_events_20231201.csv,2002090,af0378b7981da73661a3cabb0f754b7b9ae173b7b935ced9d8e8925b2f54e8cf,8323
digital_events/year=2023/month=12/day=02/digital_events_20231202.csv,3667486,ef17dedcc46b5878db82103a7d2bc4390bf9a32ad55a7649057baefcf919dfa1,15279
digital_events/year=2023/month=12/day=03/digital_events_20231203.csv,2587295,1ae130e71915eee4cc53b87e4a663a6953f3cdd922577239e06088f0593650b8,10761
digital_events/year=2023/month=12/day=04/digital_events_20231204.csv,4383586,b89c908d24a1ab8c6ff6986a3b7b804a78e070e83aa07e4f87bf2ca1371257a8,18209
digital_events/year=2023/month=12/day=05/digital_events_20231205.csv,2800719,97b095267d89fa783dc12b00da3aeecd09e67c9578db56054361f34ce3d32e56,11672
digital_events/year=2023/month=12/day=06/digital_events_20231206.csv,3013820,55cba81e21ac32f1b206cd02f3cc28da0e2dbbbe11fe9de4de62b9ab97b564b2,12514
digital_events/year=2023/month=12/day=07/digital_events_20231207.csv,3645439,934839a273e5adee9c83662d354a69f331f4599c2930b2c530d09686f0c5b6e3,15163
digital_events/year=2023/month=12/day=08/digital_events_20231208.csv,5679813,460b15758ffcc3c20a0383a8e95c049705931e7281367e887de8a3f5b194a623,23587
digital_events/year=2023/month=12/day=09/digital_events_20231209.csv,2614240,5443d3ce43fe58efc227ac1479036f875d4f5170d74c31785c3c000b86d0cc58,10871
digital_events/year=2023/month=12/day=10/digital_events_20231210.csv,2073209,3a26c9a453a56ff62dd8794130735d97830b5110c492960850e0d9011318e11c,8609
digital_events/year=2023/month=12/day=11/digital_events_20231211.csv,2425249,0c533715b0649097f4124d35676d457b18ea0e5bed60de192914c1ca1579f645,10105
digital_events/year=2023/month=12/day=12/digital_events_20231212.csv,2717036,45655d6c4c63867dc558406c1dba0e4de9aa8d46f980ca7056165edb63ac1bb2,11328
digital_events/year=2023/month=12/day=13/digital_events_20231213.csv,2879768,a28aa447c39e74d8c064a4eb8b658cfc36a9096942db89599539fa5e0f488da2,11962
digital_events/year=2023/month=12/day=14/digital_events_20231214.csv,2685316,5d87d82a434674bcc580217a06c263c0386d3170efd307db27b892ad3cb3505f,11123
digital_events/year=2023/month=12/day=15/digital_events_20231215.csv,5679603,cd118d950cf703e5755b172f20fbb8318a9f53903a1cb654d0f100a0bb671dd4,23593
digital_events/year=2023/month=12/day=16/digital_events_20231216.csv,3147879,5533a22b57e5c0dbb6024df79f284200dd3e6755a09661a159a41665ed1af79e,13062
digital_events/year=2023/month=12/day=17/digital_events_20231217.csv,1527112,c0b966ea648169acd4594e7dfb3aa57e36003d625834ee115a6ab67041dea2ee,6339
digital_events/year=2023/month=12/day=18/digital_events_20231218.csv,3295442,e10598a90a47f537dba83194867f8eae88f7ecdfea580143a1bae6407bcc2451,13696
digital_events/year=2023/month=12/day=19/digital_events_20231219.csv,2134684,ba1717ee882b70a483891ad31ab95f38b7ea7138f6fd32271ecebb0bb1107509,8863
digital_events/year=2023/month=12/day=20/digital_events_20231220.csv,4780185,4aefb92c6ee1968177cc8e814b9e4647e547444bc8a8449f45af96b2bcd1b8c0,19897
digital_events/year=2023/month=12/day=21/digital_events_20231221.csv,3433747,c68e7c7602c8a6985648bed83a89c4e4594f4a03b20a4b3d0eb38f023aa69eae,14283
digital_events/year=2023/month=12/day=22/digital_events_20231222.csv,6205746,fdb3a0b5676030cb4c208ac22bb619c259e436c02f65add0068d5c5ec192f1c8,25836
digital_events/year=2023/month=12/day=23/digital_events_20231223.csv,1469578,804102f418469a14708a8e2e4615553f0f8136db037936be6c264c04b671e72e,6127
digital_events/year=2023/month=12/day=24/digital_events_20231224.csv,1821890,cacdc135a680a29bc1a1747868e4f9a203715915eefa245c91da35589cbc7593,7573
digital_events/year=2023/month=12/day=25/digital_events_20231225.csv,4159949,1eee593e5e19cb5aa1f0454b4ad423d3b552cd580c952319ea89dd3eda3a0b35,17276
digital_events/year=2023/month=12/day=26/digital_events_20231226.csv,3157415,bb8c7ff4ab75892dd737b2cd57763fd945579bfc011af2162595dca1352f52e0,13160
digital_events/year=2023/month=12/day=27/digital_events_20231227.csv,5108852,118a52611bf2ec8d7681c0729cb158dbb3fb4a2c3f3fdaaafb68aca7ccbbd4c3,21223
digital_events/year=2023/month=12/day=28/digital_events_20231228.csv,6683273,baa77c929d25bf90e2b0aeebb9415e2b8f3fdd4e8fd742f94a10382baabd7b7d,27821
digital_events/year=2023/month=12/day=29/digital_events_20231229.csv,2422142,c83b09b5b0cfd50f78ed5e50e3966d1447b07f395905ec8a38e2822a21a9e31f,10090
digital_events/year=2023/month=12/day=30/digital_events_20231230.csv,2312830,b34092b499f67d30efba8e3246a1b871ea17c6e0374c637e757b684b7d5d0d21,9623
digital_events/year=2023/month=12/day=31/digital_events_20231231.csv,1743488,047e51baf9f57bb66d147007ab4edacc4dc0fb8007edaf24adae9320bea8e993,7236
digital_events/year=2024/month=01/day=01/digital_events_20240101.csv,4410301,e9703e69892a4deac51644491b42a503b5bff086d2003f346442110fe67281c0,18315
digital_events/year=2024/month=01/day=02/digital_events_20240102.csv,5635691,94a90cb837da8389c0f95abd6969a0d0d21336c414f562401c93114c48bd98a4,23411
digital_events/year=2024/month=01/day=03/digital_events_20240103.csv,4232871,712bc1f641d240918836991ebf2d60f41551678e5c0a435b8cedd8e8c92a0df3,17587
digital_events/year=2024/month=01/day=04/digital_events_20240104.csv,3666259,e5ae70c4ab5b9ee097fbfc5903b2d06d9a5e76c83240f6aff707020e287cf503,15273
digital_events/year=2024/month=01/day=05/digital_events_20240105.csv,2685394,d89fbcafed7a38caf3e2f59e0f1e2e711dd542f30f9bd5cda7a0bc5b5a7ca5e1,11173
digital_events/year=2024/month=01/day=06/digital_events_20240106.csv,2533513,0fb02f0524e7c48b25e6ebb3d44ac7d37ea9990edf4a0a49aa0726dfc3b4161d,10543
digital_events/year=2024/month=01/day=07/digital_events_20240107.csv,2288497,2722068fe9f3b493ea4643df04ae67890b07bb1d57f4d47d971cff5d43816e83,9517
digital_events/year=2024/month=01/day=08/digital_events_20240108.csv,4087435,60d9f3f78d12c86637a535097d05a379de7602d647667948c3027fff61964c24,16972
digital_events/year=2024/month=01/day=09/digital_events_20240109.csv,3095904,6eeacf354b0dad35c1583b8d2567dad8e8d9a366df14f0f093bf98aebdd1fdb8,12830
digital_events/year=2024/month=01/day=10/digital_events_20240110.csv,6335628,6a0edf3c61747ce183c70bfc922601efc934ca90f18110644086168d712f9a2c,26356
digital_events/year=2024/month=01/day=11/digital_events_20240111.csv,3590099,41ed4a9b878bba6d21e916d13e9ab6dec92ffd0547e84aed550b3f61133063ea,14929
digital_events/year=2024/month=01/day=12/digital_events_20240112.csv,3484867,850fdaa11ddcba351b61d9659b62bdec71d58991332d030ac79792ac6483676b,14464
digital_events/year=2024/month=01/day=13/digital_events_20240113.csv,2074826,09d47730808b0b6fca0b00d7c86ad85a069e0c7869bda15b73792447799f580e,8628
digital_events/year=2024/month=01/day=14/digital_events_20240114.csv,4532818,baf84d75c293eaf5516d280cc5fc72c41272e3364291ade5716a29a77969ec9d,18831
digital_events/year=2024/month=01/day=15/digital_events_20240115.csv,1909889,21af029f50cb87ebef8d1b86ad78f8003d77e8703c47e189b70831accb1236d7,7921
digital_events/year=2024/month=01/day=16/digital_events_20240116.csv,7350686,cf30554f4519ee477ab0886cc54fa0f2a490f6209c388bef521cb13419207821,30578
digital_events/year=2024/month=01/day=17/digital_events_20240117.csv,2524863,64aa311bfb21866b1d9d1d3513b4e69089ac1785d0fcd8598c05a0a08f714332,10528
digital_events/year=2024/month=01/day=18/digital_events_20240118.csv,5737273,53ba26ef11f43c28a8011aa9237e2c872951be665d0f82529bca5f4f641c1ed4,23842
digital_events/year=2024/month=01/day=19/digital_events_20240119.csv,4100439,d93712bad128df290425538034cde6421aba6d85cf027fe48bfc4e43a557cb1e,17026
digital_events/year=2024/month=01/day=20/digital_events_20240120.csv,3654560,334b5ca89c998ed02418a83ba497dd530f66497186e62a46c22e5bab356ee1eb,15190
digital_events/year=2024/month=01/day=21/digital_events_20240121.csv,1632586,a62694d5e4a3da1c49277c3ee1482c9890744dc97c32826ec202590603bca507,6777
digital_events/year=2024/month=01/day=22/digital_events_20240122.csv,3831152,0456cebee568b1f2775b81fa0098fb58b6601dbbe7a9e501b2965a243de6e5c3,15910
digital_events/year=2024/month=01/day=23/digital_events_20240123.csv,3239959,499f972858ea300a2de1bf1a8938d5b1dfe0da83ef71d7363034765894da0b2e,13463
digital_events/year=2024/month=01/day=24/digital_events_20240124.csv,5358903,ceff34d48d987ac74ca74e96fb0157908b1c9c656e33a0b44e350806ddd53af9,22301
digital_events/year=2024/month=01/day=25/digital_events_20240125.csv,3860295,4821a97d4ae0cc1403039e9db2b2140fc27aee26165166a2dae8325c82357bbb,16057
digital_events/year=2024/month=01/day=26/digital_events_20240126.csv,5536360,aebcd2c82b60d919c58ac037801dc46d5e5f1508f8af0a148a804ac0282dfccb,23041
digital_events/year=2024/month=01/day=27/digital_events_20240127.csv,4555982,d2578678a8d30cdc94a3d6e822ed31d4ce0460261ba6a4c357df543eca2a7b9a,18922
digital_events/year=2024/month=01/day=28/digital_events_20240128.csv,1657370,a9094693345ed21bce84fb85c711ce18c47ba5c3404954b00a29cbb9da6bc284,6886
digital_events/year=2024/month=01/day=29/digital_events_20240129.csv,6236782,2a22ddfb8cfc17b6559eb9f6832222a99eb3f60654935370bef95805a16b77aa,25942
digital_events/year=2024/month=01/day=30/digital_events_20240130.csv,3602777,785d02ad3724780839953fdbac20c892e6f3dd7f9d3593eff8fad048559c010b,14971
digital_events/year=2024/month=01/day=31/digital_events_20240131.csv,2150699,56e6b0ca3d04c4f3f63f6080fcb2c26e51ed5558c10732e03859f403e2e55783,8943
digital_events/year=2024/month=02/day=01/digital_events_20240201.csv,2165868,1f33689586ae109812ed3df45c184a135ffcad50f1c861f9f1b5274e413d196f,9000
digital_events/year=2024/month=02/day=02/digital_events_20240202.csv,2459817,c5bbd9e054f280d77647787f9107b6c0ab8c73369104a4477f1410de35a28806,10234
digital_events/year=2024/month=02/day=03/digital_events_20240203.csv,1522146,2bfea9fa66e42eb0b9ac10eb47a0374cafa1f7956b5216b02e728c6fd0f293b2,6325
digital_events/year=2024/month=02/day=04/digital_events_20240204.csv,2649961,6054c32eff50712c476339536c858e28805d1618e9546f6b2f6485b08a4aa5e3,11027
digital_events/year=2024/month=02/day=05/digital_events_20240205.csv,2704892,2a8984167bc554b917997df49a4acdc9f90a33d5b4ab345c29c83ee0fbb329fc,11244
digital_events/year=2024/month=02/day=06/digital_events_20240206.csv,7132685,a23f6701991014274182e70e66faaabe81522fbf6c35c8cc6ed597d16dad0cec,29664
digital_events/year=2024/month=02/day=07/digital_events_20240207.csv,3436179,f5b4251bf29387dd29be2259e4e195f16a55a5e9b220241019850cb1415e315f,14312
digital_events/year=2024/month=02/day=08/digital_events_20240208.csv,2886880,331efaa79589d3c6eca0193aab0af7bfc1907e35eff4058659bfdf82309f367a,12002
digital_events/year=2024/month=02/day=09/digital_events_20240209.csv,2198808,efefe2f105cfcbee63a5dcb5826033f26e3af8339e27ff7c7f9df7b686cfe693,9155
digital_events/year=2024/month=02/day=10/digital_events_20240210.csv,1935822,e201ce26f35fd02f59efe4b13c243c159d4b92aefd01bc2f060376e1ac6f0da5,8027
digital_events/year=2024/month=02/day=11/digital_events_20240211.csv,4292537,bf11d3b6e7e8e4d5a183c8debdc9fb37f03987cddd2c092401e1ab5743fca20f,17850
digital_events/year=2024/month=02/day=12/digital_events_20240212.csv,4883580,134c9e3ab4b9b2ec2d95db22df479b520ed28be7188f35f3568a330886c8436b,20298
digital_events/year=2024/month=02/day=13/digital_events_20240213.csv,2398012,321d435851df777ac72fb97055b5852ba91353221caa3b7fe6b150f4e4d1143a,9970
digital_events/year=2024/month=02/day=14/digital_events_20240214.csv,2536517,349213674a7b606f0fe5062927a6da6ba6d7ff52e3003ca40eb831b83fcb49ba,10553
digital_events/year=2024/month=02/day=15/digital_events_20240215.csv,3391756,967749f9d3c659fd62e7650a448acfdbe8f50f86260f68f8e8f2052c553d469e,14141
digital_events/year=2024/month=02/day=16/digital_events_20240216.csv,5156854,f56646436dd84b3ab29914f02ca0aef61c78bdcae3580638c3ab15661aa4a4ea,21455
digital_events/year=2024/month=02/day=17/digital_events_20240217.csv,3513518,fd1cc53a4aeaaaaacc9e7a3ed5156ac6c837d3ce1dbe55a6492ca8e082528577,14596
digital_events/year=2024/month=02/day=18/digital_events_20240218.csv,1920482,0cb6cf6a049f00b8c97202aaaa29d8798ed5288b92d85e38c610b341c0024bb7,7995
digital_events/year=2024/month=02/day=19/digital_events_20240219.csv,2301628,a704ec91c9c2ffad5425c2127f482c20e39937eadc3f3c36e3b2b8bb4bb7a783,9551
digital_events/year=2024/month=02/day=20/digital_events_20240220.csv,3770087,71e6db85089fefa4d4c226c3ca25cc62d1140240c54cd5bd5c0a83caaff5898e,15655
digital_events/year=2024/month=02/day=21/digital_events_20240221.csv,2691468,1d7c78aa037d10d0c512423ea116dcb158e45a85645807625368fe558621e883,11202
digital_events/year=2024/month=02/day=22/digital_events_20240222.csv,4019836,5ef35f5d025f4da82ddad64d37f9e778f204bb63baa6c020d3b6d6e7bfc3a894,16710
digital_events/year=2024/month=02/day=23/digital_events_20240223.csv,2138262,64a7a30757c01b08e58aced772c27b489cba9fe36f5442f1d3cf3d77f5291d48,8911
digital_events/year=2024/month=02/day=24/digital_events_20240224.csv,1661824,09542a6a069afc3c543528aa86ed27e032ebd4765fa64d1e58b4e076fbcd9249,6890
digital_events/year=2024/month=02/day=25/digital_events_20240225.csv,2192482,41dda9bd305164397d44f5fc61c969aebfb044d537eeb76afd9a2b67a7ff9136,9125
digital_events/year=2024/month=02/day=26/digital_events_20240226.csv,2155285,7d3cca733c4abcf923bef58086595d340c20165701ad06eec766107db7b996a4,8956
digital_events/year=2024/month=02/day=27/digital_events_20240227.csv,4451144,5109aad0c60c08568c38c9a9fc87346098db4e53804da3f77f051c368c349c89,18511
digital_events/year=2024/month=02/day=28/digital_events_20240228.csv,3812032,c4d39fd651cbdf927e6822e6eb2c2fa43d398058883dd9578d4d723acbbcb0f4,15900
digital_events/year=2024/month=02/day=29/digital_events_20240229.csv,3049903,c841f94ca7c81b9ccc88dbc97e903a23fdc215e7e1ec4b282f9bfca9da95bc00,12653
digital_events/year=2024/month=03/day=01/digital_events_20240301.csv,4642931,79a3c598f62307ee33273821fefc1013b909328fe672e1bc08632a9f2ae889d9,19313
digital_events/year=2024/month=03/day=02/digital_events_20240302.csv,3288457,963b48181d105417cf1d71a274dac91a2e20cf18f76ac0da3ecfcdf105f28268,13675
digital_events/year=2024/month=03/day=03/digital_events_20240303.csv,2807754,958f010d8d166c7caf37f0aa5ebb5ea42290b2f8d6964ee0b1d3a3695b8b83d0,11654
digital_events/year=2024/month=03/day=04/digital_events_20240304.csv,2942078,25baa636e338a25b1b4895d2eea44e21d31c712787f6079ef67cc540e2351791,12239
digital_events/year=2024/month=03/day=05/digital_events_20240305.csv,1942970,3351cd4947bbcc0cc5ae75ad94b100c774ae01bd6c7514442e098ef70c557b6d,8089
digital_events/year=2024/month=03/day=06/digital_events_20240306.csv,3971572,bce54d5716ba64c695d2dc9b802ee5dc1e1cd048f02ec3fd294a4d01a24bdf36,16505
digital_events/year=2024/month=03/day=07/digital_events_20240307.csv,4109555,f395e0ae6385e4d70fa0e896e50c2c51bba10d9afdf737162f137a5beb847ff9,17049
digital_events/year=2024/month=03/day=08/digital_events_20240308.csv,3757305,99cd7d5af0af967af6de2e171b02a6e3e34163af79d339e07596a613511309c5,15617
digital_events/year=2024/month=03/day=09/digital_events_20240309.csv,2461003,ac1f2d2e73654bd6ce20e1b9bccca52b3dc4a94f56245bb196a3ba0c05fbbcd5,10230
digital_events/year=2024/month=03/day=10/digital_events_20240310.csv,1523959,283ac4705a5a507cdc52f5ffd0288e1970a98be131e95394758c0b228b4d0d83,6324
digital_events/year=2024/month=03/day=11/digital_events_20240311.csv,2775177,91f2d62f3012c4b989a1f02f4553bae8f7f75183b72aec00b58904857425d8a9,11523
digital_events/year=2024/month=03/day=12/digital_events_20240312.csv,4084508,3e88c139d5996cc18022ef286575d699e1d6b02cd7e320e57b7d6de90f5ea69d,17009
digital_events/year=2024/month=03/day=13/digital_events_20240313.csv,3078846,9e6f4d6fbf41134637ab037f7c669fc328e58bbe4c3164998bcacd99e196fbd3,12839
digital_events/year=2024/month=03/day=14/digital_events_20240314.csv,4536053,a494c8a4d0db66c0770158cf5182190a85e8f127003d19af046c996e93898347,18867
digital_events/year=2024/month=03/day=15/digital_events_20240315.csv,2424619,a9e585b622ded94ee1393f3325649ad3760734071a0503ba04c797d6fd353534,10069
digital_events/year=2024/month=03/day=16/digital_events_20240316.csv,4505007,a1222e4c669dbf397438f79df4c957f6e73c1ad9a336938b2a12170603631ddc,18766
digital_events/year=2024/month=03/day=17/digital_events_20240317.csv,1682917,a9b48e85c8b845d53ce9fa4dc524134d8669cfe5dcfd3c8c04ee9cbb73f59dcf,6978
digital_events/year=2024/month=03/day=18/digital_events_20240318.csv,4229960,0caf5055c5909b11619c2e474ad943a087ef246b81238185cd3f11f0b4e3b168,17582
digital_events/year=2024/month=03/day=19/digital_events_20240319.csv,3827890,c4defaf8ec446c7110e0573cafd7c7afc874b05f36bb8a29373142852c9af39c,15942
digital_events/year=2024/month=03/day=20/digital_events_20240320.csv,2851112,c6355ac1bc781c091b6f917f19ac9911f3aa0c171356bc7c9722233c7e3ce033,11835
digital_events/year=2024/month=03/day=21/digital_events_20240321.csv,2302613,0566c88d6d7b45fee83eba5c57a9e10fdbc73ef48726a560aac6f4569b79bb97,9579
digital_events/year=2024/month=03/day=22/digital_events_20240322.csv,5332221,58d722fc6371b45f618470c1bcb7b2b14523c212f8d0a6157d72a86dea700df6,22192
digital_events/year=2024/month=03/day=23/digital_events_20240323.csv,2646902,c210019676c170b67d566c699c6e3022efcc243af12e7b08b1225619f328f5d8,11023
digital_events/year=2024/month=03/day=24/digital_events_20240324.csv,1621781,fa4b5212d7758791328915d3bd3124e4e20f7b52f5479e1a1c412b6916c03b1d,6758
digital_events/year=2024/month=03/day=25/digital_events_20240325.csv,3543289,99fe438c29a1342fce67fef7b7edf696fc8efc99564f7fd2049cf1edddb09f1d,14741
digital_events/year=2024/month=03/day=26/digital_events_20240326.csv,2955011,6067c4effad1c2b032d1b42cea61d0cee4fe801a406b50713fc8181ca80be3f1,12282
digital_events/year=2024/month=03/day=27/digital_events_20240327.csv,2785279,e1cc37b802bdb98c5e534e4d4a47a8efd3035d33a9709a668f2f26a2f0c48e08,11568
digital_events/year=2024/month=03/day=28/digital_events_20240328.csv,5159884,577fcd129370d422b7e127d73ccb5cb0dc105cef5cc9ee1af499a5c2338ebf02,21465
digital_events/year=2024/month=03/day=29/digital_events_20240329.csv,1852797,3a1e3b9f7a3a786965b6de48d4d46325ec89a55d0bc8dead6e3de153b80c485d,7715
digital_events/year=2024/month=03/day=30/digital_events_20240330.csv,3839998,50d023a1cdbeb0e4ca7d89dbb1e1357e863bbe67bc39acaddffff2d392823d68,15965
digital_events/year=2024/month=03/day=31/digital_events_20240331.csv,4501653,299e736bf272cec62a32b3fcaa8694c3519e4d10f86a3258cb01364772a04d2f,18705
digital_events/year=2024/month=04/day=01/digital_events_20240401.csv,4409782,f1e17dc969338b3447e62160271b9215ba4cb60e64dcd21267d27cd3af322bbb,18316
digital_events/year=2024/month=04/day=02/digital_events_20240402.csv,4577762,11a2742a5f44106706b7532f08579d0249b610ee384d285c3296a94db7b5a23b,19039
digital_events/year=2024/month=04/day=03/digital_events_20240403.csv,2287210,6744e25703fef4051e2f92917746b4e2c9cad443de3ab693b442f5bdca90c8e0,9502
digital_events/year=2024/month=04/day=04/digital_events_20240404.csv,2554371,f9a9c7ef01bfd75d1d26a5cfd4c46da9dd3e904b40fe8385a8a1cc00ca8b802c,10601
digital_events/year=2024/month=04/day=05/digital_events_20240405.csv,2645187,1031ed2f257a628ee8c3783f1fbeef9ecf38f3a2e25d6e1f19b2c87df5fa0ecf,11003
digital_events/year=2024/month=04/day=06/digital_events_20240406.csv,1614789,523b0341de701cfc6937f8b1bf5544dcc5155d6c654e5efeb965cd8384a2dbed,6723
digital_events/year=2024/month=04/day=07/digital_events_20240407.csv,3544102,a39ad58787eae1cc407e8787c3536f425fe70523e107c6be560b535748fde7c3,14733
digital_events/year=2024/month=04/day=08/digital_events_20240408.csv,2147825,dfdcd13554e3f1e4e8f5a3292de782d3c546f1f13a855b977aad605750ac9353,8946
digital_events/year=2024/month=04/day=09/digital_events_20240409.csv,2119404,77d0fe4f55b0946663f617b2dbc8de1f0fdc73ba7417bd5b36395503d66f9c46,8812
digital_events/year=2024/month=04/day=10/digital_events_20240410.csv,2749528,b320afa21216c1268078bb6f805ff5ec9f2b3aa590208f0a84da13a8f8cbe33f,11427
digital_events/year=2024/month=04/day=11/digital_events_20240411.csv,2645305,89d7de8b02849853131da2ef6af0e431f6c7504e67f14986bb1ea87ca6cef30b,11006
digital_events/year=2024/month=04/day=12/digital_events_20240412.csv,2595896,aef00ed6b4c65399e0dd01e2175cb0da3af3f8f74ca7669ccb94b17b0cd6a1b8,10799
digital_events/year=2024/month=04/day=13/digital_events_20240413.csv,2995579,bc8a226239909f2077535feeca4c00eb112750549c9522b2f8521ff3615de107,12479
digital_events/year=2024/month=04/day=14/digital_events_20240414.csv,5035216,f22b3e56e47e9119e3d5f71ae1668f3541270e0972d549692305645b600cb253,20887
digital_events/year=2024/month=04/day=15/digital_events_20240415.csv,2415706,13d611d608a70c8b089c046b880baca3138874eb2a9d0049004524de21cb63c1,10044
digital_events/year=2024/month=04/day=16/digital_events_20240416.csv,4840399,06f6353f3b76cd2d6b924bfe740460f3a0e3e6131353e52ce856a6c7d97c3086,20090
digital_events/year=2024/month=04/day=17/digital_events_20240417.csv,7031273,fee35d69190bb6e484046923fae66b05082830a7709f4895ce4de91b925e59d5,29260
digital_events/year=2024/month=04/day=18/digital_events_20240418.csv,3594167,2098cfab31071287603a5bdae2a4e4e044c56dc10ac7c3ca5c9693b09f5c8fe3,14955
digital_events/year=2024/month=04/day=19/digital_events_20240419.csv,2904641,9472f8fd8a10eda006743a1c37a200cd79e1d6bcf02f34ef1ffbab0413a8a921,12090
digital_events/year=2024/month=04/day=20/digital_events_20240420.csv,2212499,a99c2493f9f20d7a2f0475f2485783a2699b16d1e6048c993ae5180ca5dbaf8d,9199
digital_events/year=2024/month=04/day=21/digital_events_20240421.csv,1761986,e5f65c38287fcd319418582ec336892dbe91fe5fd52a027c3e772dde975b82ee,7323
digital_events/year=2024/month=04/day=22/digital_events_20240422.csv,2062499,e8d65622702469cee0bcdfd95b7af99df51e8f8eae9b4d8c1b8b66018539d468,8561
digital_events/year=2024/month=04/day=23/digital_events_20240423.csv,2899080,8af6d110230d15f31e2966f220b8758df2369f327e67ee09bed37ca892673058,12059
digital_events/year=2024/month=04/day=24/digital_events_20240424.csv,2623230,c3da3d42cbf12a0794f7e69675876517db8e866296c37174db4165209b2ac49d,10921
digital_events/year=2024/month=04/day=25/digital_events_20240425.csv,7098116,cef6c03857cdda2ffaa6013bdb770d37e4dac1616c1918fb62afa9046b04ae22,29563
digital_events/year=2024/month=04/day=26/digital_events_20240426.csv,2582812,ace1b260b34f048d29605d395c5f796f46beb4bd946c5bfc974294babb1682b2,10729
digital_events/year=2024/month=04/day=27/digital_events_20240427.csv,2573006,b8590ec95a094e83d69c5e4958286b29b47ce05d4827488d2c859eddb82085cd,10713
digital_events/year=2024/month=04/day=28/digital_events_20240428.csv,2461638,5557c8087df4025b1ecb929f0053297c5cb37c87ec757de49ab1566c1f0bf7a1,10228
digital_events/year=2024/month=04/day=29/digital_events_20240429.csv,2010645,d0426d36c2049d7ad7c6dc810e3bf51945e5a96feb4ae89a82d8a30d486185e1,8349
digital_events/year=2024/month=04/day=30/digital_events_20240430.csv,3117552,3e955d189226a465fe0454b017f6875d3100c2cdd8406c5946005d143e62b1d1,12942
digital_events/year=2024/month=05/day=01/digital_events_20240501.csv,2982253,7853c1879e2c5fa86ff898463517d1c89a73c04b71d4108e37f0fc0a46cee3a4,12417
digital_events/year=2024/month=05/day=02/digital_events_20240502.csv,3173790,35fd5bf1c7d997a6f11ae169548ce6361cfe42622c279a5a93363e28cc88d65e,13240
digital_events/year=2024/month=05/day=03/digital_events_20240503.csv,3271630,019efd76042786cf875f59aed44a16b765c84dabd3d2379084809c47c093fb45,13607
digital_events/year=2024/month=05/day=04/digital_events_20240504.csv,2445140,d31014254222aa7ab06ce9e37fe6e379916b4169927aca3550cfeac8a4e0a01f,10138
digital_events/year=2024/month=05/day=05/digital_events_20240505.csv,3048319,d0abdac6563ab52724f23998ef451483c53d2759f6d09da955655ab15e2d2d82,12688
digital_events/year=2024/month=05/day=06/digital_events_20240506.csv,5480194,db508e03e223f126118cbba8418a11d6e62fbfb7822779c86d4b4aefc192bf03,22810
digital_events/year=2024/month=05/day=07/digital_events_20240507.csv,5542161,02c5bc992739f46f5abbd92f3f1b952704ee59120ff72509def8efc40b76203e,23001
digital_events/year=2024/month=05/day=08/digital_events_20240508.csv,2490098,389facced383052ffa08905283e7cfb7c46f2c50135460649427775a93992675,10326
digital_events/year=2024/month=05/day=09/digital_events_20240509.csv,5075194,4d4bddc466a2707b6791ddb97562ec4f472bff947a9b0103f6fb3cc44de3a2b7,21083
digital_events/year=2024/month=05/day=10/digital_events_20240510.csv,2633573,0097c6f631a59debbe0536871ad717b900b117a6a529d53b377235d3ebbddfc5,10935
digital_events/year=2024/month=05/day=11/digital_events_20240511.csv,2123780,95e62cabcf7e496402a1f2d12283953e9f7bf666544069195464a60a028f8617,8829
digital_events/year=2024/month=05/day=12/digital_events_20240512.csv,2741993,67747b057646cfcdf58a5df62b527843970978d555e7680800be2573580c44a1,11363
digital_events/year=2024/month=05/day=13/digital_events_20240513.csv,2412643,a60fe010a1d2fb2eaa72b6fd658bcd63ed3f7533706a58af352b53a58345ddc1,10036
digital_events/year=2024/month=05/day=14/digital_events_20240514.csv,3682904,af60f64c5df2eae1c1d06fc071be81c89d502349261738a1834e62673cc99d9e,15323
digital_events/year=2024/month=05/day=15/digital_events_20240515.csv,2381521,604f5eff25c32ec29794ae9ce975913570d0be076670316cd3325edeec7ffef8,9859
digital_events/year=2024/month=05/day=16/digital_events_20240516.csv,5838344,3adbe1f827e4eafdbca6f4105034d244cecd92a0180d70fff862ae8d95ef5bbc,24234
digital_events/year=2024/month=05/day=17/digital_events_20240517.csv,2493252,5229cddad560c7c645c6406d1361bd77956c47f0d23cda0b0ebb0daf7adb29b3,10345
digital_events/year=2024/month=05/day=18/digital_events_20240518.csv,3614603,e9f4372b20540421e59a59ea6e1ee990deaa4728811a8bb0de3de59a2f30e234,15035
digital_events/year=2024/month=05/day=19/digital_events_20240519.csv,2703361,0007d2180ab3d1af629a82e8bfc7a27741f0a4463ab20bdb1f6c39827e5d9777,11240
digital_events/year=2024/month=05/day=20/digital_events_20240520.csv,3641117,dcf043a623d6edfb7d331c7bc4c542f01cab7ba38bf0f7139ed7ae798edb230b,15158
digital_events/year=2024/month=05/day=21/digital_events_20240521.csv,4477746,cbcba973a3677ef5bb9fdde5e701e19084236aac746cceac384ad79a0d95d459,18652
digital_events/year=2024/month=05/day=22/digital_events_20240522.csv,3461570,8a21c19552ef2e0e4e7dd07d249d57f732fa643f313c2e584e94b0dc4c114b2a,14395
digital_events/year=2024/month=05/day=23/digital_events_20240523.csv,6021749,20c358fae75e13d9ace8725e79f443f1206d0566beb1011b0cfd46f1e04e12f0,25037
digital_events/year=2024/month=05/day=24/digital_events_20240524.csv,3646371,30641e64607484d3f4c5ec42a0ab7e2cd2fe038ba57b48e84984e4b79fb336f6,15195
digital_events/year=2024/month=05/day=25/digital_events_20240525.csv,2906742,58129fdcca0e588f1040fed37c6fa675851ea2eade1d9e6e81fbec2a5d7ac6d2,12082
digital_events/year=2024/month=05/day=26/digital_events_20240526.csv,3165028,cf2c790b4cc1b8c70a27ff5220f050ff46b3b2fc87afa8d5d7a743e4bb165a2b,13159
digital_events/year=2024/month=05/day=27/digital_events_20240527.csv,5362125,43c9ae36dac0e15b51e0440a4d0a50e5c05a10a356aec126be1d764f5d8bdc78,22260
digital_events/year=2024/month=05/day=28/digital_events_20240528.csv,4506320,09260555d16b573e305999de571aad22d39ec8782a488cee11de005473bcb831,18733
digital_events/year=2024/month=05/day=29/digital_events_20240529.csv,2445923,85096301e9247da7c737a32632d92581e3db60f009f83b00459330ffd548e64d,10182
digital_events/year=2024/month=05/day=30/digital_events_20240530.csv,3970729,920e61e6ee48f70ad7878a628477f5177b801d9009400e9662c2f27ff300d176,16529
digital_events/year=2024/month=05/day=31/digital_events_20240531.csv,3803994,554bce04a7f3a93d32e6d0a7adee3093b9dcea48e56a730ff1e96df5d605519c,15788
digital_events/year=2024/month=06/day=01/digital_events_20240601.csv,3215173,ce1a41ed173654984c488ef1ae5d0f7cd0e2d1e41bb0c16a35805f172fcdef5d,13326
digital_events/year=2024/month=06/day=02/digital_events_20240602.csv,3862780,14aaf364e73e07809e787ec44cb7ad8146196d17503ea40152fe60ed6ad3b57e,16061
digital_events/year=2024/month=06/day=03/digital_events_20240603.csv,3091633,4a47309b842b7aa2c0132e5ebc5c566f1e8a5895252b1485b848e92484f26d6e,12865
digital_events/year=2024/month=06/day=04/digital_events_20240604.csv,5199051,b8b857321732add3d7793d94eded55d1e0f83bdbff8477f12f47163189d242c7,21657
digital_events/year=2024/month=06/day=05/digital_events_20240605.csv,4095147,12744c721d244c6692a6368776dcdef593106d7c21128d0f02b02f594dc622f9,17034
digital_events/year=2024/month=06/day=06/digital_events_20240606.csv,2141374,3cf5dd261c26b81fc82b702c95990d40b23fc90ad49a86cd87c28200db173362,8917
digital_events/year=2024/month=06/day=07/digital_events_20240607.csv,6888059,8f9ec7c77bc1e831e3338269e96f2b12e1e787df17583ccf2e819a02d78a510a,28625
digital_events/year=2024/month=06/day=08/digital_events_20240608.csv,1675307,cd68cf046ddca3425fe424c3499ece00bd3ac4bbd744b6d3b307207cee5fdff1,6952
digital_events/year=2024/month=06/day=09/digital_events_20240609.csv,1545963,621c7d0adac077f4c9bea77b138f3d27f63724823e1b691e3d2f9d3e2970ecca,6445
digital_events/year=2024/month=06/day=10/digital_events_20240610.csv,5683642,f11e05812bfea383d82d3a8f1b72eb82123cdd24d4f17958ddeb41adca6b3937,23611
digital_events/year=2024/month=06/day=11/digital_events_20240611.csv,5074498,defaead3b670a7d964e83cc713108e6f07eed39e358eba2e397da9ae3cae97c0,21078
digital_events/year=2024/month=06/day=12/digital_events_20240612.csv,2053848,976ef6077936eaccbfaa5d86ff977a8045d54c985484ed381a9981c8c1da231c,8514
digital_events/year=2024/month=06/day=13/digital_events_20240613.csv,2288937,5854c58d0adf0751a53020875157f8b24f6f280a435464790b0b3a81047f35c3,9516
digital_events/year=2024/month=06/day=14/digital_events_20240614.csv,3993970,7524925861e816a786d829cb97cfb9ae9b99a1a8f4bc3831199a24bd335ac07a,16595
digital_events/year=2024/month=06/day=15/digital_events_20240615.csv,2893982,76928ea61fa2555f3723d1cd25d10a16cdadce69f63d1b9056d0586582b20781,12007
digital_events/year=2024/month=06/day=16/digital_events_20240616.csv,2031316,16ec0aee7ac6e26b6f3a51c8fa208858bfbb3d1ed546adf344422433f9db44f1,8451
digital_events/year=2024/month=06/day=17/digital_events_20240617.csv,2665420,95eebdcd51298f9f0867e4e0104090f313353bf5f02e7160a5b1518d43c48893,11115
digital_events/year=2024/month=06/day=18/digital_events_20240618.csv,6928155,f1955f02536e4afccf448b88f7ba8e17c6f028544d3e7ae6555a1345ad6b3f0f,28815
digital_events/year=2024/month=06/day=19/digital_events_20240619.csv,2775260,6eec725df53374c22fd9a7ae9e0e804365d12b333f33731ecb5fa3f64a138607,11563
digital_events/year=2024/month=06/day=20/digital_events_20240620.csv,2654413,6d693bda27a35e21885ebd2c1e0d0252ba00ac8a222c6e94b0dd31e5d703e73b,11040
digital_events/year=2024/month=06/day=21/digital_events_20240621.csv,2144172,0b22d92f70cd11d3ca58a9996dbcafad042e7b6900e0b47662640eff74416ad7,8871
digital_events/year=2024/month=06/day=22/digital_events_20240622.csv,1854342,785c065eb8e329985d99c73b086cae305dfb427aa2bf5378c0c321a0f46223de,7724
digital_events/year=2024/month=06/day=23/digital_events_20240623.csv,3006948,678efd9b296ff8600d287627a7dbb4c58aad44dd997cb0eebd0303ffe46d35b7,12485
digital_events/year=2024/month=06/day=24/digital_events_20240624.csv,4451022,c9f2201e38f35cd5a8c493389cfd6ae4e9241a53ee82849b3fd71dab3bf5096a,18505
digital_events/year=2024/month=06/day=25/digital_events_20240625.csv,5215661,d001591fed2e2596475063bfb8737986acfb657a8116ee8159bdc44263f80716,21705
digital_events/year=2024/month=06/day=26/digital_events_20240626.csv,3081597,beda156e82bd97be2bc5cf8fae9ebb7e4968a8e2cc7145597c9f438e85644d15,12837
digital_events/year=2024/month=06/day=27/digital_events_20240627.csv,2206866,b33ecfba2b2519933c9f56c74ec6dd797c91a5734d75f3f1946ad8af792416ee,9158
digital_events/year=2024/month=06/day=28/digital_events_20240628.csv,2582783,23bb18f8f5fb2effb70eeb9c977262fc6585d3787e92e4a267cdcf229037c8ba,10746
digital_events/year=2024/month=06/day=29/digital_events_20240629.csv,3645821,cc7f7505935f267591984aaf0fc338de6f1dcfcec67454b40c9890b060f82b95,15168
digital_events/year=2024/month=06/day=30/digital_events_20240630.csv,2000769,ed25160355f356b3dc8b37d2a893377f907b526f5cf076bbbfd2c0f9321eb052,8314
digital_events/year=2024/month=07/day=01/digital_events_20240701.csv,1966016,79079f9b9a8b585a1c1ee49297ea99d568f9c2b76c9e1c776a7c1914f41dfdcd,8159
digital_events/year=2024/month=07/day=02/digital_events_20240702.csv,2851398,9ea7d479ff5f73d40d3f4acbcc51fcc01409b793a6cb529e6c0c1ed71828a162,11883
digital_events/year=2024/month=07/day=03/digital_events_20240703.csv,5115160,1fa45fd9a8576204ad3f83450d5ba99e5ba3aca722d65031bceb09f796ce4fb5,21290
digital_events/year=2024/month=07/day=04/digital_events_20240704.csv,2150107,9cdb0069057dd54fb924c520e5a8bcfb837832a4d934719b94b62f39dde43cf7,8923
digital_events/year=2024/month=07/day=05/digital_events_20240705.csv,4639353,ce403e5ee0284348ea84e3ab8839ec772faadd15ab7f15b579dc7aa5a855c5aa,19266
digital_events/year=2024/month=07/day=06/digital_events_20240706.csv,2491655,14be2146898cfc4d1beccc4c5a5a1f41dfe566915266f6c8633b8be3b8ddb56c,10385
digital_events/year=2024/month=07/day=07/digital_events_20240707.csv,1699372,6fcb4a645f9f2354f7f250d2693c02c3621228becaffd99feaf46d65c1e8eca0,7090
digital_events/year=2024/month=07/day=08/digital_events_20240708.csv,5438364,27ec1feba88c6ec9d13d09833e5b9f6d6d80d51d865bcff22e4004b821e4398b,22613
digital_events/year=2024/month=07/day=09/digital_events_20240709.csv,3769698,0258ff1355b68626f2287ae0a128ed70652601bf8977aba1a34dae31bb7e4642,15646
digital_events/year=2024/month=07/day=10/digital_events_20240710.csv,3451009,1a55ffc6881550e03bcb0cffc001bed6218e311125ae145b840af39ea6dd7c41,14362
digital_events/year=2024/month=07/day=11/digital_events_20240711.csv,5455729,59fb0833d66341189a2c6d7414ae839d08889f9a406f6c839fa5725073044800,22686
digital_events/year=2024/month=07/day=12/digital_events_20240712.csv,2369685,c0af40704ba93b7c71c0653617d6f18f678e83fed5ef16ebfbb8cb4cd0c6ba40,9856
digital_events/year=2024/month=07/day=13/digital_events_20240713.csv,3828036,1efa06b16d0e32a3b1b2a8632ae66f2d4eaf6062106fa6480373407d1851c8fc,15894
digital_events/year=2024/month=07/day=14/digital_events_20240714.csv,2465103,f61355bfef87ece0010b7d72672f0a7a471b144cc82d67207e24087406473bde,10235
digital_events/year=2024/month=07/day=15/digital_events_20240715.csv,3634325,bae682cb96e843a7672ad969115ca5aeba889ac33dabe41fa744c62238efdd5e,15124
digital_events/year=2024/month=07/day=16/digital_events_20240716.csv,2179857,bba02317b484a76dca60049922db564295e8f4ddef9c87e814b90ac58db13c11,9036
digital_events/year=2024/month=07/day=17/digital_events_20240717.csv,2849896,e6fc938f3a8b115be5deeef5a220100c61166843ac7f230e5d376b5e6d0c6f21,11815
digital_events/year=2024/month=07/day=18/digital_events_20240718.csv,4660499,c6f46b592d8c5ffc12e16d1944753a1aae28e39cc3e35f1fb0d128ea5758eb7e,19329
digital_events/year=2024/month=07/day=19/digital_events_20240719.csv,7399441,13a4954a8eab65de18749696db7fe807b07e7646e600f1ba23a4a2b563f34da0,30755
digital_events/year=2024/month=07/day=20/digital_events_20240720.csv,2787837,3962771381f47e35c06a4323a3058120646c06796b72040a7c1d190e681ce78b,11600
digital_events/year=2024/month=07/day=21/digital_events_20240721.csv,3462665,c78ff4f2443d5bba7acffd5486fe371f9b90903d04482421faffc42becf65fe9,14415
digital_events/year=2024/month=07/day=22/digital_events_20240722.csv,4856993,4faeb279c8a26973ff6ae2c36f17ff4c6d899d75456c81c1e511ef244fd1500f,20204
digital_events/year=2024/month=07/day=23/digital_events_20240723.csv,4090808,d135f24d37ba59e5e0ab084845eb614c0a88465429e4485c924dd68769e68af2,16991
digital_events/year=2024/month=07/day=24/digital_events_20240724.csv,2041852,f53ad802fa889adf835b18983c1650a79a56a8d6e0c74211c0f0ec675f1fcbd4,8471
digital_events/year=2024/month=07/day=25/digital_events_20240725.csv,4455102,196767b4501d55e0d57af44b7ccfb445ac61e74b1ee43fba3de93de8aa9ac0ab,18511
digital_events/year=2024/month=07/day=26/digital_events_20240726.csv,2672454,cbcbdb5fb0309d6b607f53348de29696652f135f992fcc8cfd388a6b6652a6f1,11094
digital_events/year=2024/month=07/day=27/digital_events_20240727.csv,1939086,62702255310d7cb58b6d6721a3a50ec13478f0bdaef2b880db42bda196a8b7a3,8058
digital_events/year=2024/month=07/day=28/digital_events_20240728.csv,1611503,f3e75c883d919cab31d54feeda2d16fed06d8b9f56bbc5dd91629a55ead42cbd,6686
digital_events/year=2024/month=07/day=29/digital_events_20240729.csv,3182846,4998075f6d4e0c376e747239a1984d3d6ca9fe5f1e291666d76c885ee48823f6,13247
digital_events/year=2024/month=07/day=30/digital_events_20240730.csv,4671612,3441f6581afc4e19c24835cfc41c3af28fe8c8dbbae54abbbe940d3d5794eb98,19431
digital_events/year=2024/month=07/day=31/digital_events_20240731.csv,2836532,c569f5ca4bcd7f59815f5f768f1eadbd56f3ff26a40c7d866768513f343ba065,11806
digital_events/year=2024/month=08/day=01/digital_events_20240801.csv,2137502,ce625daedefa0403d57413401e82dfd8a12c0364369e6d29f94262835cf4e51f,8939
digital_events/year=2024/month=08/day=02/digital_events_20240802.csv,2193796,606fed2c2595bbb2ddc4fe8eab41a707272e9739c0a0f220e911ecdd9350e80d,9136
digital_events/year=2024/month=08/day=03/digital_events_20240803.csv,3369272,07692785b8684c24f9446dc20af08cb7c5ff9cf2690dc45077e24c57fd36f68d,14012
digital_events/year=2024/month=08/day=04/digital_events_20240804.csv,4388492,3e16d3d16cb448ca2a7c806b81193e73e5ec9a93589b96602fbf39732b92a397,18242
digital_events/year=2024/month=08/day=05/digital_events_20240805.csv,4312184,7f7db56dc73032c89ef5c369950bb90cb3bd1e0f410b1776dbfa86d7ceb21010,17967
digital_events/year=2024/month=08/day=06/digital_events_20240806.csv,5562884,5f29effafcab1fc91f5b6eb0cd95804dd135cbdaf878f1fbbd514cb7eed184ed,23127
digital_events/year=2024/month=08/day=07/digital_events_20240807.csv,4683878,488c5506f72b076cdb967e3d3efe4719a8dd7c096db234eb30f8a04e4c4283bc,19497
digital_events/year=2024/month=08/day=08/digital_events_20240808.csv,3584137,7d9fa511276dc98803e11debc62c804c4955fb53dfebd5347fcf96157e0dcd83,14907
digital_events/year=2024/month=08/day=09/digital_events_20240809.csv,3170229,3dcc6fa151366c227054acef52ec8b568076b18f70d2c66bc95856b121118e92,13188
digital_events/year=2024/month=08/day=10/digital_events_20240810.csv,1735028,adb424ed6e9e3c77011c3354976df53788182ff215d1074498e8c15a1b1e9046,7197
digital_events/year=2024/month=08/day=11/digital_events_20240811.csv,1289869,35d6ca301cbbb92a231bc4233b24b69cb0e3233e20c659a200213ae198c6231d,5372
digital_events/year=2024/month=08/day=12/digital_events_20240812.csv,2050132,4000b32030085b0ea1773254dd85012fef820bdd3a12a392c2eb0c2bad090c20,8544
digital_events/year=2024/month=08/day=13/digital_events_20240813.csv,3026447,18cf0f7fd38d659869dfd4f63c9f8de754a332f6c1c34e55829c61fb6f45d6ee,12600
digital_events/year=2024/month=08/day=14/digital_events_20240814.csv,3274545,fdd74e28766613f1e36541a4f24da84aa6955b2640b498257f4261452f7807a7,13607
digital_events/year=2024/month=08/day=15/digital_events_20240815.csv,6682441,2aa34ae1e6fd91bc7963cd227c686f98f5783bd5d4dc98197170fbe421d6f2dc,27793
digital_events/year=2024/month=08/day=16/digital_events_20240816.csv,2463257,f5ee348ef0b661d145b22866323776027172b45d014f76d170eaf2d022f1bec0,10265
digital_events/year=2024/month=08/day=17/digital_events_20240817.csv,1539770,98416b7df9aa0a1cf5417338f0b385adee1b09b69a04d84fe71e82f61ce67873,6423
digital_events/year=2024/month=08/day=18/digital_events_20240818.csv,2046855,1d6079ab16d55f2027b76e09aa3b1fa4e015dfe79206e3cd193ddb87ee6aff13,8507
digital_events/year=2024/month=08/day=19/digital_events_20240819.csv,3802075,3a1c524036270ddd49537dc01a1dcbf62f58b559f293eb181927a90f7c2ee9fd,15825
digital_events/year=2024/month=08/day=20/digital_events_20240820.csv,2072131,795e74ae1c2ffbe67a1f5f3505aede2a697868b02c987f9b8cb5c72951279f38,8609
digital_events/year=2024/month=08/day=21/digital_events_20240821.csv,2540955,49faf06677fc19e680676e81193069fabd96b561396957c89899306c9d7aab4c,10559
digital_events/year=2024/month=08/day=22/digital_events_20240822.csv,3592133,cf07cf163c5ef8ee92f8fad9382be266adeb00523691953eb6a685e3a62ae5ff,14925
digital_events/year=2024/month=08/day=23/digital_events_20240823.csv,7076698,414d57f9424ba9170dbd1a03574f8cf92aeeaf468960bcb368f71b5d36285678,29376
digital_events/year=2024/month=08/day=24/digital_events_20240824.csv,1826199,6e6862e8edcdf5a4104cb7dffde36be2a86806c395ca5b463b4640279b604cf9,7577
digital_events/year=2024/month=08/day=25/digital_events_20240825.csv,1375059,03e4ef1217a64c5eca6183426cdcea8d684f4868be910e9df3ff54c86d5a206a,5714
digital_events/year=2024/month=08/day=26/digital_events_20240826.csv,1901483,d2208b8fe4b72de3fe1b68b8283f9fd8bbe98a2add359cb50097d8ec87e9deea,7904
digital_events/year=2024/month=08/day=27/digital_events_20240827.csv,4377140,6bb1e2fe66328609e8851180f640d01b602b2575a15e9cf62a193fcba6d8cfc2,18215
digital_events/year=2024/month=08/day=28/digital_events_20240828.csv,5349000,488e3d5136733b50fa109b86011fcc14be7b050c6210c8a58ad866b9cc03e6cb,22229
digital_events/year=2024/month=08/day=29/digital_events_20240829.csv,2671434,16ff7f18985b5209be0eff2aea430c9f3083d842a389d5e9c0d60d3b9858dfdf,11088
digital_events/year=2024/month=08/day=30/digital_events_20240830.csv,5451187,4b5bc38cff04aee02f6e74fad1482970d5f00c4f0659ae6a71f4446f5ccdb2a1,22673
digital_events/year=2024/month=08/day=31/digital_events_20240831.csv,1390205,c8a6e47cc07060106403200bdc42a750fc464b5c27173744e69a55dbc972e00d,5784
digital_events/year=2024/month=09/day=01/digital_events_20240901.csv,1427253,9b9cddb01ba2f6586c623968a78390dc0b1f4808f5975f5f423be09157eab847,5930
digital_events/year=2024/month=09/day=02/digital_events_20240902.csv,2425527,aceeae958649695e3d514ce1ca0ea0a0be8f74961f2eed77c930ac61a32405fd,10089
digital_events/year=2024/month=09/day=03/digital_events_20240903.csv,2063657,7e53b355d5e29e0b4cb81d121697833d271d6d932304f4379e51b15c9e8dd4a4,8556
digital_events/year=2024/month=09/day=04/digital_events_20240904.csv,3226999,2e88f464e0310a189f58589bfbe305f2a59258661aede11b91863bd015a27e95,13424
digital_events/year=2024/month=09/day=05/digital_events_20240905.csv,3258014,24916843054ff83a5795307fc862cf0bb3960873d9681af7b12469076d4776d3,13524
digital_events/year=2024/month=09/day=06/digital_events_20240906.csv,6954537,a61c9445652551b26959713ee06ef5ba3eb6f8272a3f17201cbc9a534c411bcc,28937
digital_events/year=2024/month=09/day=07/digital_events_20240907.csv,3867028,110af6b7e7a8c76a05656144e7c9648a50ef3ee138f82c0f3d6c41cd1a454c36,16069
digital_events/year=2024/month=09/day=08/digital_events_20240908.csv,3706224,6e5a0b2114014d01e8602ee93421881f03f1193dcd15088627ca2974d48dff6b,15442
digital_events/year=2024/month=09/day=09/digital_events_20240909.csv,4473920,2a20c33fe4a8510cc97197375e91a81e35fcec88199f05170df1ca9cb2e4791a,18616
digital_events/year=2024/month=09/day=10/digital_events_20240910.csv,4083962,7b333459058f54b70c83c74887061f20ed80ff2282a1aa20eacc9f27689ca67f,16980
digital_events/year=2024/month=09/day=11/digital_events_20240911.csv,5434285,4c5b5dd1542785d25298133ceb1e304067c4835f53f81fb6284ec29877138b53,22566
digital_events/year=2024/month=09/day=12/digital_events_20240912.csv,3849464,cc4fb3dcc0a8fb057ba93b42670508791654dda3d0c73e6626e44f4ea1d6797d,15993
digital_events/year=2024/month=09/day=13/digital_events_20240913.csv,2467286,6edd41d6a82045058aea3a2b90b5a10b3a48e4bb46b9911a02d4193b1bb17f04,10298
digital_events/year=2024/month=09/day=14/digital_events_20240914.csv,1533163,ed4367745f7686e7853065cef1c78328fdd439035c02628470013ec7de322f63,6392
digital_events/year=2024/month=09/day=15/digital_events_20240915.csv,2013941,b9ebe22c171db888b1edf1222b6c150c00c1e8bc5839c1587d793e78c02f51dd,8379
digital_events/year=2024/month=09/day=16/digital_events_20240916.csv,2323655,9d7328d69b165319c5590ff21e282ac4f4d6fe72ec2067689097961576695cc6,9669
digital_events/year=2024/month=09/day=17/digital_events_20240917.csv,4288779,8dffa9a0f111b6eea9d7b3c0a424cae4d26f7b2aaf90f10c2de3e43dc6002953,17837
digital_events/year=2024/month=09/day=18/digital_events_20240918.csv,5548757,846f419d3be458e46ee614da68e0f6d8b65b866fad76bfcad27e4ee58b802529,23102
digital_events/year=2024/month=09/day=19/digital_events_20240919.csv,2757801,3c1d1f7cf6bacb8535319145a963310c29b594f22daf10291981b22299afe2c9,11461
digital_events/year=2024/month=09/day=20/digital_events_20240920.csv,3526440,50d6f88aac001c97b3ce87e4b36221f7f17a132233012216cbe7b212f20ba39b,14672
digital_events/year=2024/month=09/day=21/digital_events_20240921.csv,2235555,7e932279f5aeebd4ab1b0dec1db17e6c5d62990e8eac7e0ee9c2eee9ab5eb24a,9294
digital_events/year=2024/month=09/day=22/digital_events_20240922.csv,2231461,9e5d67199a665881fd5ef62bf2a58c0f03c9729f60f8d106b38dfe70cd714f0d,9313
digital_events/year=2024/month=09/day=23/digital_events_20240923.csv,4520751,70ff1168b045f266f7a9ea97faf457b2ab59d932c1d87f5b568c48329e3ccd81,18823
digital_events/year=2024/month=09/day=24/digital_events_20240924.csv,2352545,51fb94e82bb1519dcca7a772a7eedeedd18a00fb64922e81081a55bc554f6f6f,9777
digital_events/year=2024/month=09/day=25/digital_events_20240925.csv,2596463,cda6b9392c8db28e37ee5361fab2bfbcab0017ba1872c9ab179333a497b0780b,10807
digital_events/year=2024/month=09/day=26/digital_events_20240926.csv,6095487,a1f34169f3eb4f106e991e9be63d572bab93be83346145ace48b616f0174abea,25354
digital_events/year=2024/month=09/day=27/digital_events_20240927.csv,4383098,967bc3ef9971de25e732812ad2c1967b3ec562a31b483f08517c3a57341fe6d7,18205
digital_events/year=2024/month=09/day=28/digital_events_20240928.csv,2638707,cf5fda87d6cff93b0d7c4eb7fc7e51ef80b762984cba831e27bbd2a05c72e940,10995
digital_events/year=2024/month=09/day=29/digital_events_20240929.csv,1357406,f8bd60a578594d387d97e4d4e156303ab0d6eaa6ec200775562b94e62381b013,5637
digital_events/year=2024/month=09/day=30/digital_events_20240930.csv,5767366,6cd7b32914d2b57f8259f8ef6052bd78d0e1dfa73e93472c6a5c2976c58690d9,23977
digital_events/year=2024/month=10/day=01/digital_events_20241001.csv,2746230,050e26660ed2a1c7a42063ea29505d597ed7b9053f5a457093f4ffcff35d2392,11383
digital_events/year=2024/month=10/day=02/digital_events_20241002.csv,2561977,822cd929328333a125068df62a9839658b4e577e4500c8993f35e7f2bf7fd2ab,10662
digital_events/year=2024/month=10/day=03/digital_events_20241003.csv,2955858,0ef19a32d9d3daf8fec98eae03972a4b5d8eb9318a3bd6822a1acc68411b76ff,12315
digital_events/year=2024/month=10/day=04/digital_events_20241004.csv,2938963,042a8d49bc70e501432680a58e0a935ef592fba5af613025d2eeb2bebc3a5999,12234
digital_events/year=2024/month=10/day=05/digital_events_20241005.csv,1428627,74df5d596d630e24de7abac901769c001c289b995eb8e12503b6d841b09bb3c6,5933
digital_events/year=2024/month=10/day=06/digital_events_20241006.csv,1652689,53bface89125cd9caf1621fdf24050fee7140c01b806603aef42a71b3fd81127,6886
digital_events/year=2024/month=10/day=07/digital_events_20241007.csv,3349845,0d5492f40e91ef8f122fddd6ee353e5c66a5a8bcb2561329c80b634c44b3b15f,13921
digital_events/year=2024/month=10/day=08/digital_events_20241008.csv,2014663,f287cb2b2b2e9bfed76e0d64890671bf05f4c2f6272ee9a52c8f049d67d97448,8370
digital_events/year=2024/month=10/day=09/digital_events_20241009.csv,5431414,0131bd8768b89471691602c5c30cc21910c583373b9270b3efdf21be3d0bfe03,22628
digital_events/year=2024/month=10/day=10/digital_events_20241010.csv,6988895,d857f6e4b025ad817a92eed89665fdd20dadc759f5dc78a48357d323f1daab2e,29079
digital_events/year=2024/month=10/day=11/digital_events_20241011.csv,3703748,a9824d9bdd322b2b5464f31e25c3cb3b860cd43380d4bf9901cf3de1777751ed,15407
digital_events/year=2024/month=10/day=12/digital_events_20241012.csv,1939885,46035c3ecc13ce15e56f1058b5c19d3c0d3d5763627f4c2c606ac3c181ec62e7,8064
digital_events/year=2024/month=10/day=13/digital_events_20241013.csv,3954856,052174fce24ea85ca87631ca7180b8dd62640302d776603437f18b67e732c944,16436
digital_events/year=2024/month=10/day=14/digital_events_20241014.csv,2378849,73c1b0d0bc1276559f2b05783a587b40624fa4c21af4c82477742b4ea950ac42,9897
digital_events/year=2024/month=10/day=15/digital_events_20241015.csv,4041936,2cf68ab575c94b9466858b9bc1a324f57f8cb09fa19c3fe0527e70b8ffd9726f,16812
digital_events/year=2024/month=10/day=16/digital_events_20241016.csv,3274359,19151f1f98e848e1981f9df505f1fa7fe1d2e9506ff9b836b77c1e12288bf776,13614
digital_events/year=2024/month=10/day=17/digital_events_20241017.csv,5454551,f828a692424178f593f47293300171f8a506b3d89cc2f73f96f0023c845aba37,22695
digital_events/year=2024/month=10/day=18/digital_events_20241018.csv,3447312,52870b9b0292f829f1e12603d7dbd3d1e27ec2d9ef3e5d982c2115ef269d7fad,14345
digital_events/year=2024/month=10/day=19/digital_events_20241019.csv,2226373,c8ee7f8b28fdd22329f97711550fccfbf962eb5e68cf54db3d872222af098484,9255
digital_events/year=2024/month=10/day=20/digital_events_20241020.csv,1458701,dae592938b8405956c30694c5d04bfdeac334cb573a9c4e3c2e032943581e1e0,6052
digital_events/year=2024/month=10/day=21/digital_events_20241021.csv,2404584,58704907467826527625798022bb0621be414f918fe13f688d740dc628d43e29,9990
digital_events/year=2024/month=10/day=22/digital_events_20241022.csv,2323249,57d627cafb85cad7faa7f64602dcea50419e26c18cf8d3cf4132b1d46fa61d9d,9665
digital_events/year=2024/month=10/day=23/digital_events_20241023.csv,5057678,103bd7be21033b5de65c0cd05c3bd69bfcc62aeb6c35850e58a86ec5e0d5b114,20996
digital_events/year=2024/month=10/day=24/digital_events_20241024.csv,3407022,8d09a2900eb2139bd45deecc38c8597aa3b3538e97aed0b0c3777a8b7749e17c,14174
digital_events/year=2024/month=10/day=25/digital_events_20241025.csv,2503731,71422c7fcf105e8f9b79e423d2f4037e1c4ef4e2ffad04acf466c14d91beca39,10404
digital_events/year=2024/month=10/day=26/digital_events_20241026.csv,2838558,60eb6737373f205a91d07eafa25ffd864d4035adfd4c240b26efac8fe3a2ff87,11783
digital_events/year=2024/month=10/day=27/digital_events_20241027.csv,2749359,0dadea26d61ac97b77bcfb484db27fefac1214411d696bd31343008045c5aee8,11443
digital_events/year=2024/month=10/day=28/digital_events_20241028.csv,2277916,21ffb680abac9d2be58d01b7bbb4effde0580d3b57b923af63d924418d253044,9469
digital_events/year=2024/month=10/day=29/digital_events_20241029.csv,4348381,16aae05cb4e94d43124c98296a9a53912707bb8a8d97870737538a63ab00d314,18070
digital_events/year=2024/month=10/day=30/digital_events_20241030.csv,2113988,41b3c601f83181454db111e5d92adfcb6a44305a86635151287ec2e2ba64dc33,8778
digital_events/year=2024/month=10/day=31/digital_events_20241031.csv,3910403,93f7572c431f6248523806500d7705270ab3924fb14875e1b37b1ae937ec23b7,16272
digital_events/year=2024/month=11/day=01/digital_events_20241101.csv,4894203,40583ae4a0055b374e9d66bbcda8e7818e87e629905f37545878ab39e72f5244,20412
digital_events/year=2024/month=11/day=02/digital_events_20241102.csv,2469833,e06f69adecd6426fccac106421255e6eaf39358614eebb0356e8789c9bf1e40b,10240
digital_events/year=2024/month=11/day=03/digital_events_20241103.csv,1844754,4e30688fc319cd2c13e7b4ddb3602021687e054397a97fbc35a6721f0d599a2d,7651
digital_events/year=2024/month=11/day=04/digital_events_20241104.csv,2280897,f64b753130b18d37eb4194ee0445ae342ac63d558ab51dca7ab955b6496134ae,9489
digital_events/year=2024/month=11/day=05/digital_events_20241105.csv,2463934,d6c8208813380cea8baaf184464822cb78b615f994e2724a038efb83f364d8f9,10250
digital_events/year=2024/month=11/day=06/digital_events_20241106.csv,2673743,ef4985975c5ad2dc1a20aebb414ee24191496f465c7cf42c008167007da1e324,11096
digital_events/year=2024/month=11/day=07/digital_events_20241107.csv,4052185,f5bc6e40acae079bd4a493d6f5c13c9864b4c693847426724a886ee98be84b39,16886
digital_events/year=2024/month=11/day=08/digital_events_20241108.csv,2683450,9722aff6031fa8185c7e0c8d928b7aa76c6f87bde5c3677b8f6d48eec5f440f4,11144
digital_events/year=2024/month=11/day=09/digital_events_20241109.csv,1539183,7ee6e4b611cbe15386581385766899577cc85c7cf995ce6f68f9ed20cabdb292,6385
digital_events/year=2024/month=11/day=10/digital_events_20241110.csv,1849224,ac7766022ede995382c0cf172b04de744ba90e729a89cde38e287f402de33923,7703
digital_events/year=2024/month=11/day=11/digital_events_20241111.csv,3968449,670da3453ed51f80ecc615cd920d4548e789cfcc93832acc86914b41e258a2a0,16499
digital_events/year=2024/month=11/day=12/digital_events_20241112.csv,3404830,f5231f8ecedeb1c5cdd23cd1a261bc28176eeb9f4c955c6d5d6c8c2b03792912,14121
digital_events/year=2024/month=11/day=13/digital_events_20241113.csv,3047219,dda399db433a85a3b56507d125f1e2dcee45d9cc4d4bc01c22f5373cfcd9cd06,12647
digital_events/year=2024/month=11/day=14/digital_events_20241114.csv,5231240,5f47734a122f8175c5b3f09b9e4ec16da46301b2a9c633fe7c74e2c4bc9c1344,21754
digital_events/year=2024/month=11/day=15/digital_events_20241115.csv,2698330,7310eb5957908f82482a803f9e55ffc74c034daad41200723f81c19aff4455cd,11226
digital_events/year=2024/month=11/day=16/digital_events_20241116.csv,3737484,3eeaae957a1c72f9cdae02d8e1cec6c33396107c2871160ae4b594afbac2b854,15508
digital_events/year=2024/month=11/day=17/digital_events_20241117.csv,3075075,67356c0c79c666068d1ed8ef12289ff74a33394107fe7ec8bc8e4252f03f65a8,12771
digital_events/year=2024/month=11/day=18/digital_events_20241118.csv,3380712,99523f4b28f07616ee6f0e3e9c9ace3a41fa78e2e518dcc5aae7e0153990e673,14067
digital_events/year=2024/month=11/day=19/digital_events_20241119.csv,2724474,3aca311e4f57c2571d859cbcceb7a77e8ab452665fb138572404633fe93d6254,11341
digital_events/year=2024/month=11/day=20/digital_events_20241120.csv,6443252,65c536363e0bf1129858214a95ef1c0217bfc98e22693ea1653b6a76a4dccddf,26755
digital_events/year=2024/month=11/day=21/digital_events_20241121.csv,2514287,132e1470c96cdcbe2258998a4cb366e0b8931896a33995e3ef4d5533c25a08fa,10442
digital_events/year=2024/month=11/day=22/digital_events_20241122.csv,2702596,71764aec9ddcf9e172846bbb0d342ffb66ee9e89d2aa3bc69033b91f18527b15,11225
digital_events/year=2024/month=11/day=23/digital_events_20241123.csv,3676416,abbdfab238a5d88eb48a07d30c3f94d410758158f3c74ddb628623c57633aa9e,15321
digital_events/year=2024/month=11/day=24/digital_events_20241124.csv,1582677,f9bb80d1005e2403b4e3b12a369a8097f76b85751abed085db87ad4014d89775,6573
digital_events/year=2024/month=11/day=25/digital_events_20241125.csv,5239263,a329167e20442186a8af1a3b38341fcc812a4b3430003d79c5cae9753447b99a,21759
digital_events/year=2024/month=11/day=26/digital_events_20241126.csv,2581092,f8b5f02c9ac4faadf94e3ade3863e90343e433e0cbfa0195cfe1d1428858a711,10747
digital_events/year=2024/month=11/day=27/digital_events_20241127.csv,2248344,39977f2178a6a9662a859818b4418361020273e05b9ee61bdc5f47c866f51f46,9384
digital_events/year=2024/month=11/day=28/digital_events_20241128.csv,2928719,46d5634f965de633a59863513fb9c9cd0bd337618a9c4f731417f3e03908ff19,12168
digital_events/year=2024/month=11/day=29/digital_events_20241129.csv,3159048,95b3d6422315cf364429b1a9cf0d9c2c75178081430c2e5e4474216d542bb565,13112
digital_events/year=2024/month=11/day=30/digital_events_20241130.csv,1579482,7d70df6b0ee7020e9866a0ffb91cc7f833d87cb6ca958c1d7f3197e51649ea35,6590
digital_events/year=2024/month=12/day=01/digital_events_20241201.csv,4409373,7254cf9f7962e2d04b95e140d117ab62bcb8c01e2815df7ed804d84d53a2b811,18307
digital_events/year=2024/month=12/day=02/digital_events_20241202.csv,3021190,7dba9abe27c550ed8d854676ce93b3e2b86b631ff85b2356daf4e81023deded8,12550
digital_events/year=2024/month=12/day=03/digital_events_20241203.csv,4367237,e108119e6aa6f1cfc902453f5297859dc521bcb48215a271d58835b89291876c,18165
digital_events/year=2024/month=12/day=04/digital_events_20241204.csv,4679993,1874bd79a2bf7208a197ea9fda14d17831624346bc301f6acf71f34dd788216c,19492
digital_events/year=2024/month=12/day=05/digital_events_20241205.csv,4105601,ccb7f6554173fc5bfc10c41fa06c2138847c4d238f9334c5c482d26de79b3bcd,17071
digital_events/year=2024/month=12/day=06/digital_events_20241206.csv,3254775,17cb03944af501e1b163c4203ccdc7d37992298d19343d1798750b49cc7748df,13539
digital_events/year=2024/month=12/day=07/digital_events_20241207.csv,1777754,56601dcf343b129d2d0f03f2a5a14f570e8edde6a518882f665ba5ac99642ca9,7404
digital_events/year=2024/month=12/day=08/digital_events_20241208.csv,2181651,deb1979c50a1265aeab452678365061b2c6bee51de5d9b3c7f61b2c30a39bf4a,9065
digital_events/year=2024/month=12/day=09/digital_events_20241209.csv,2692854,a7a3bbac11a8057dac4de8062a23e627518271aff5accfbcde5dcbc4f9525c76,11193
digital_events/year=2024/month=12/day=10/digital_events_20241210.csv,5142167,12cdc9dbc83f345b469cbb7e867a1c44dc8e3d96439407ed4a142c8680818605,21346
digital_events/year=2024/month=12/day=11/digital_events_20241211.csv,2234342,fdf87533f0c593e274627f4156ef51d5f827459990f833ad3fbd66329da6b1c2,9283
digital_events/year=2024/month=12/day=12/digital_events_20241212.csv,4311929,1993a1a3c4e4e3ca27d01d7cb64e7b48a1a824889695a6f6f7323647a70a28a0,17956
digital_events/year=2024/month=12/day=13/digital_events_20241213.csv,3282102,b466cb023023eaafbef4058f7fda3a1db6fe217370b9e5786f29acb5d9c504a0,13642
digital_events/year=2024/month=12/day=14/digital_events_20241214.csv,1691069,c5f21e1adee84eb1c1f698b384dc9a4375fd39845db1dd21f4d5271eb03428d4,7045
digital_events/year=2024/month=12/day=15/digital_events_20241215.csv,1754011,d03ac4b7231193ea1a403badee41e64efbd32b3899b95bafc0cd874c04737aa3,7265
digital_events/year=2024/month=12/day=16/digital_events_20241216.csv,2549312,df865e16d3c9b2cf86183de5292f3830ac148587197ebf9b68ca3609c0f734bf,10606
digital_events/year=2024/month=12/day=17/digital_events_20241217.csv,3421968,2cc173240c8ec4f197312d5abc845fe3055de3cce0915a5111f9261a2c9c6e1d,14230
digital_events/year=2024/month=12/day=18/digital_events_20241218.csv,3260194,2e00754ab0513e0b140f25efe9f99faa7e22f38faf6f26dcc09899ca90436515,13559
digital_events/year=2024/month=12/day=19/digital_events_20241219.csv,2197732,663958e166365f635b72f78ecff46bc3c2bc900d626603b738760f612defc4da,9138
digital_events/year=2024/month=12/day=20/digital_events_20241220.csv,3421199,3c86742b06295dbedabb1c4dcf873ca52f9dda24112935b05c5b21110e429578,14212
digital_events/year=2024/month=12/day=21/digital_events_20241221.csv,3446463,ec312af601183033bb7999835a52ce81413d0beedd5b8fc1e98525965c3b5cbe,14370
digital_events/year=2024/month=12/day=22/digital_events_20241222.csv,3829543,66b27400eaf83c9d84cb60d72694c84a41fc76f265bdd2ea46cdd1536cdcc47b,15876
digital_events/year=2024/month=12/day=23/digital_events_20241223.csv,3629981,b4b241afc63285c678d1f96647a909b5ec0c2c8783b420d52161eb2af01e2301,15085
digital_events/year=2024/month=12/day=24/digital_events_20241224.csv,3674792,895b3632e44e66604956d564fe56e465d7fb5c01f44be514eb249760c0a63f5d,15269
digital_events/year=2024/month=12/day=25/digital_events_20241225.csv,2217412,ed52964e88c4d8e1af1b1dfec54a5f6528cc1456353b712faba03b058afd1707,9226
digital_events/year=2024/month=12/day=26/digital_events_20241226.csv,3160790,4e597aa0587e6a1337e5be450c2d3dff2d8e48458b8e622615736c682229c571,13153
digital_events/year=2024/month=12/day=27/digital_events_20241227.csv,4680892,10c8e8260a7082eea96985b9b44eddc78c79d9bb5771b4250e3f3f394bb75eb4,19485
digital_events/year=2024/month=12/day=28/digital_events_20241228.csv,1839484,f73799e248f50a2f0a9f80a88e584f66f0a72c2a60d3b26cefb0bff32d75a3ff,7676
digital_events/year=2024/month=12/day=29/digital_events_20241229.csv,1882609,990cbe38d7749cb110ce599c023959622f74fe246c966778f975c03921711ac8,7842
digital_events/year=2024/month=12/day=30/digital_events_20241230.csv,2129162,9e7202ec9b1ec4f3d153585a6eca23e12f5bd4f59fe0df38bef705b02505abd8,8852
digital_events/year=2024/month=12/day=31/digital_events_20241231.csv,2689400,c73b8aa287bd0391fe8b4cbe84cec00fc45bf4289abcd74d743b884c4ca48d12,11173
digital_events/year=2025/month=01/day=01/digital_events_20250101.csv,2986309,3ac6651acd4ee590193b8a1364478a241c579ab5da8a336ac64999056c2c04a2,12431
digital_events/year=2025/month=01/day=02/digital_events_20250102.csv,2647080,10569a2bf3f15f2c6e3bdfaee36acea504ab9ce9d1da19575f44a24d6b00acf2,10991
digital_events/year=2025/month=01/day=03/digital_events_20250103.csv,3935928,865f60fc9c8fdba23f7d8c3ab5b9c177f2efe6b8830fc6ed685ad5d0f76c724d,16366
digital_events/year=2025/month=01/day=04/digital_events_20250104.csv,2244184,708375a6754546ba8b824e89101d40ad3e698abf8c9d1193c1635159b1d97552,9326
digital_events/year=2025/month=01/day=05/digital_events_20250105.csv,2663288,cd149562152147a130746fe871a9cfe1fdd196add6e1fbc3c83245418173a2ed,11073
digital_events/year=2025/month=01/day=06/digital_events_20250106.csv,5666082,74c26de724c3df4ad07aa807e6e7b64b616902175ac7a8560c03a1cc4c19a777,23522
digital_events/year=2025/month=01/day=07/digital_events_20250107.csv,1912598,7654499ae067491d84939d2a519c8828ae2d254fcb51e78824d1cee45d404c29,7945
digital_events/year=2025/month=01/day=08/digital_events_20250108.csv,5063352,652ef14e0920d2bd266d9fda6e9605d302d72bc418b87e6134ce82cebf4d838a,21039
digital_events/year=2025/month=01/day=09/digital_events_20250109.csv,4991951,5d6bc2f6ed20ae10f4bf9790fac90e175dde1171d46a10694689834091c6e95f,20771
digital_events/year=2025/month=01/day=10/digital_events_20250110.csv,5361340,461607bd65260e7f05f9f32934e0fd0018bc7d9580f306111753ae969e2fa5c2,22287
digital_events/year=2025/month=01/day=11/digital_events_20250111.csv,3454166,2f928567e090505307096fceb8b38d73fd0173f154623151eeab498bf9db761b,14373
digital_events/year=2025/month=01/day=12/digital_events_20250112.csv,1572906,91ef202e8af35f713a5e42c93120ee41a205483276422922f20d62eb6548e560,6532
digital_events/year=2025/month=01/day=13/digital_events_20250113.csv,5182810,681e6e6ff82d29a5097589e27be15e8f6fcca8795179bd15a7e3431ac18edb46,21499
digital_events/year=2025/month=01/day=14/digital_events_20250114.csv,2807762,eadb75f04078712aab1ce7cd44e30af0095d6c200ccb81d6270eca9f13ee097c,11677
digital_events/year=2025/month=01/day=15/digital_events_20250115.csv,4450761,8193ec6f21d3ffe0bbc4eb74496dc7d35cbeb8fb0708f18a8f48ad49e377e49f,18482
digital_events/year=2025/month=01/day=16/digital_events_20250116.csv,1980296,dc055405ee40fbda3ead2528e6069ba226c928ceeb1b1488e9bb1f9e9b13bf54,8248
digital_events/year=2025/month=01/day=17/digital_events_20250117.csv,3264707,e54da05b4d3ff111106e41b9214dc41f36d0dea582287c3025d4f6ae12321891,13551
digital_events/year=2025/month=01/day=18/digital_events_20250118.csv,1375029,c5880e365b06e58562d70714abac771aeffc4764eeaaaf69e8d6ca2b1ef68902,5696
digital_events/year=2025/month=01/day=19/digital_events_20250119.csv,2197461,4b39201189926b11d7c1fc6fa8fc7fe955810071928a043a94101da18c035bc8,9122
digital_events/year=2025/month=01/day=20/digital_events_20250120.csv,2937385,dcd18320d877744f90e9eccb54195fccf755447e70c7f1bc4d1cb9ed7730ebaf,12210
digital_events/year=2025/month=01/day=21/digital_events_20250121.csv,2568605,aded9958685faa88fe42b468fc412753a7f1b3ced09efdaa3f0ddaf70bcb1ada,10708
digital_events/year=2025/month=01/day=22/digital_events_20250122.csv,1847635,50087f83532b5579c7c562b55b814462f6bf7fb6fe9cbdfac5706406c88fdbda,7660
digital_events/year=2025/month=01/day=23/digital_events_20250123.csv,5447871,f711f85d119d50cf2a2b40d10592c74a712ec49d32e7a4fc1cb851b0c5df7e3d,22620
digital_events/year=2025/month=01/day=24/digital_events_20250124.csv,5717367,18a24c954d0fe306eb3d634a789de0e7e6057504f0cc1731c0ad407b5cd9a9a2,23742
digital_events/year=2025/month=01/day=25/digital_events_20250125.csv,2986682,92a553266e200c56436cd1a27a149395d3ac5b6d7e4ec93d0611716e98d5dd22,12407
digital_events/year=2025/month=01/day=26/digital_events_20250126.csv,3882926,bdac089471704760741371ff5317d1fc50fb0e5774369399fffd64262ee61302,16135
digital_events/year=2025/month=01/day=27/digital_events_20250127.csv,3996381,4b845096b8f6f93a45d9a2ba78f9c1d219b7abfaddf29f04c896efaebaf665bf,16637
digital_events/year=2025/month=01/day=28/digital_events_20250128.csv,2607641,75f1f6672b8510c079559ce15cf9f3254cb1c287eb9facddac0fe60c00fce62d,10849
digital_events/year=2025/month=01/day=29/digital_events_20250129.csv,3242357,005772a8adeb55f1262172bac9f2ab3f663cf7d650fb62c29f8bd2276512234f,13497
digital_events/year=2025/month=01/day=30/digital_events_20250130.csv,4317450,05a5b577bc8fe2d59be4afe069828bab9e4ae3672c53492f4ba4bffbc9a76cc4,17960
digital_events/year=2025/month=01/day=31/digital_events_20250131.csv,3511652,9bd59c5ebbc7530722d0e58bd1d18c3742f30677d416451e3b44c8f63f1e050b,14592
digital_events/year=2025/month=02/day=01/digital_events_20250201.csv,2542139,593832b3c4083e3cf32ce64643c56d70aacc0d05a379423bc5640ac8d40cdd1b,10543
digital_events/year=2025/month=02/day=02/digital_events_20250202.csv,2421281,311045d5814be48a24808886347e9895d51e377b6190a0e4b6ed06e24dbee14e,10097
digital_events/year=2025/month=02/day=03/digital_events_20250203.csv,4711373,a94f8aedacd672c2571f4066236e33d55388524dba6ea58299fe55d064855b8e,19555
digital_events/year=2025/month=02/day=04/digital_events_20250204.csv,4378791,185bd3c4481019992e2642701ff650f06db2a3db11d9a02efe3283832526bcff,18219
digital_events/year=2025/month=02/day=05/digital_events_20250205.csv,5241906,86d0c871e7995d397050e422f74368a44df8fe230bd77be195a87df1c417392e,21798
digital_events/year=2025/month=02/day=06/digital_events_20250206.csv,5340195,ff4bd3d5bddc5638a291e1eb419d9c0fbeec01f464a7c607c813519b6cea85c4,22204
digital_events/year=2025/month=02/day=07/digital_events_20250207.csv,4050644,15908b2e60ca59c97d953981c2edb97657ba198fb83084444723d351fb2058fc,16837
digital_events/year=2025/month=02/day=08/digital_events_20250208.csv,2044490,bab6d12e58c48fa1f4037fa594dc4be62628af311c6d45875b5b0ffe57ce943b,8495
digital_events/year=2025/month=02/day=09/digital_events_20250209.csv,1961465,fafeab8e35753b54921ba933f909f1129a2d9531dc434a60c31fffc566161201,8148
digital_events/year=2025/month=02/day=10/digital_events_20250210.csv,2507682,e484a72cc8562b4f36177e2033e882437df37d16189c92f1833c720d3051fd76,10426
digital_events/year=2025/month=02/day=11/digital_events_20250211.csv,3358962,73823374edb50c36a1e0fe9b11358dd3a6c9f9f9341fb4502e7530e805443deb,13973
digital_events/year=2025/month=02/day=12/digital_events_20250212.csv,2965040,18c7d1fbcee46ca1d8f699f5344a235ee88b5718ecf86a5195261b0a5b5d4080,12338
digital_events/year=2025/month=02/day=13/digital_events_20250213.csv,3470876,5f19d4289e5d502ce23e93b4f146b1e7c91b5a0f0c13c1af99b62c1e3ec53e4b,14418
digital_events/year=2025/month=02/day=14/digital_events_20250214.csv,2672774,fe974c6a191f47b99cdeaa9ea1e037289fec343ccef2f3961638372e86502b8d,11131
digital_events/year=2025/month=02/day=15/digital_events_20250215.csv,2580316,1356650790425ceaf5badd18092b4d76f0873ad56ea5cdffcf8729092d823dc5,10734
digital_events/year=2025/month=02/day=16/digital_events_20250216.csv,1765357,c615a4d88475593eacc80445df675c004b018640a64cbd986203221222603561,7356
digital_events/year=2025/month=02/day=17/digital_events_20250217.csv,6304671,73d6092bcbdc82588d5d4a5c86d6d8911caf524b381cff45c4ce068da217bb08,26213
digital_events/year=2025/month=02/day=18/digital_events_20250218.csv,2524813,f71a77427635d26ff046d9b50d589bec0e5f2b74fc2fe289ade4a63a01d65389,10511
digital_events/year=2025/month=02/day=19/digital_events_20250219.csv,2563786,e197687a336db4e49940dbc3b30c3411ccd53a529ff22ac171b0d8777a9fd907,10662
digital_events/year=2025/month=02/day=20/digital_events_20250220.csv,4430950,00fe572d6d400362bce3f83fd8539f39463a4589b3c175e97cebda3befa56b04,18453
digital_events/year=2025/month=02/day=21/digital_events_20250221.csv,3063697,44e74ab92187e1a3befa7628975641b9a6f447ae363e0da9aea4f15166895e9d,12727
digital_events/year=2025/month=02/day=22/digital_events_20250222.csv,1818631,ead61aa01bf0c90f6d661c413e8d3eb82b62269d22466c547f4ed0d6dd26b705,7564
digital_events/year=2025/month=02/day=23/digital_events_20250223.csv,1416329,257ad968d7b67773f5144bbc41e51c90ddecd8a28d2452230e2254b3141eb877,5891
digital_events/year=2025/month=02/day=24/digital_events_20250224.csv,6845884,3aca3af97f39124821f992163f0e4008753f960fab84bf7cd591dbb583c90917,28445
digital_events/year=2025/month=02/day=25/digital_events_20250225.csv,3250655,73256dc81c881d0aa883363eb3b1a19273be0649324c030161b52d0f3161f847,13511
digital_events/year=2025/month=02/day=26/digital_events_20250226.csv,1897619,3f3a43955e3c2f5087d3dc8e82a6fca5e0a530dab34f6cebe90018dfcc4e3f13,7887
digital_events/year=2025/month=02/day=27/digital_events_20250227.csv,2520335,febbba7115bdf2a4ba68e08ed8d22f578b59a0545cd6f899276b105bfda80be3,10507
digital_events/year=2025/month=02/day=28/digital_events_20250228.csv,6498134,b200eca8169e2b622a77b521fe63de19339c8adc175a2db304a7fcc228332dee,26978
digital_events/year=2025/month=03/day=01/digital_events_20250301.csv,3850704,d89ab0b464ce9b02c3fac96f7f72ff1a80ef031e1fb30a44b05778324b109f7e,15985
digital_events/year=2025/month=03/day=02/digital_events_20250302.csv,3649008,ffd4ebe383df14f90eb5d0b235ac669765d2d2e51d18e128727d57cd20a27567,15163
digital_events/year=2025/month=03/day=03/digital_events_20250303.csv,2593373,0a69d441467a900309490edd3c1607720f2db828c3f2a00816b0a53b85f9d6cd,10770
digital_events/year=2025/month=03/day=04/digital_events_20250304.csv,3916029,6249c22cc2336c213d625b1095a8d2aa708fd737cc6b1394385a34916be2e01a,16294
digital_events/year=2025/month=03/day=05/digital_events_20250305.csv,3370803,814248995871d7b1d65eb4e4e6b97cc2dd1818abc01cc79e049a5dc1186f0ebc,14014
digital_events/year=2025/month=03/day=06/digital_events_20250306.csv,4587944,39ad87072822399259b797d382b007991edc8b53cd91af9ab42d0bf803db2452,19034
digital_events/year=2025/month=03/day=07/digital_events_20250307.csv,5113463,f871322359fb81743b90574d03ac638561657004e99d28ce0cdee18b4b0a28a1,21273
digital_events/year=2025/month=03/day=08/digital_events_20250308.csv,2112511,8ab1a6e6f6651e02d881d5bdaf36575ec1e55cb8b880f86baf00f136536eacc2,8770
digital_events/year=2025/month=03/day=09/digital_events_20250309.csv,3076445,54113fb248dbcc5d84b18599bb897564d155c0ed6ad0811a5d80ee84ddcce97e,12780
digital_events/year=2025/month=03/day=10/digital_events_20250310.csv,5079501,ea4c6590416b1c9369559c6638db5ab0ba423f0181368378ddc976a57e29818d,21102
digital_events/year=2025/month=03/day=11/digital_events_20250311.csv,2440060,68be962d6a3f3794d7517fdfa1226930a781310e89ac37d0439d3e7c911d3f2f,10145
digital_events/year=2025/month=03/day=12/digital_events_20250312.csv,3653450,0b967662c1b9ad7e84c90106a48445abab96ab4c7be50a254d0090ad01dea8c5,15161
digital_events/year=2025/month=03/day=13/digital_events_20250313.csv,2613729,3ad701cc7b35322dc5a91289e0fb3a292c281e8acc94392d314c76b49fb69b5b,10866
digital_events/year=2025/month=03/day=14/digital_events_20250314.csv,5430513,6d95c0bf08d0d69fd4bf5d810c289250e1d58a41cf8b93040e6f18a53414826f,22566
digital_events/year=2025/month=03/day=15/digital_events_20250315.csv,1547070,6d45d4738aa3f868ca1127d54cfe071bd6e7b9b2040650594f83050daccd628c,6430
digital_events/year=2025/month=03/day=16/digital_events_20250316.csv,1675571,61fc408a439e747c7f840406c052a3f5c30140cdfd4b5f0f7daf6bbc4808a505,6960
digital_events/year=2025/month=03/day=17/digital_events_20250317.csv,3151101,55dd8fd2432c1ce79b0d1044a9307111cb2dd180c066c9981446d34a3593ee17,13100
digital_events/year=2025/month=03/day=18/digital_events_20250318.csv,2609559,6d85756155fa8deaa1625f4dbf96dc01eb2500e230ff305ed1bd987f8b57f52c,10855
digital_events/year=2025/month=03/day=19/digital_events_20250319.csv,4426905,f64605ed4c65783dbf3aca835b82f89dd5b6b7e93ae41d4a627215b284adf70e,18374
digital_events/year=2025/month=03/day=20/digital_events_20250320.csv,3351810,144cbc707ed78adfc16775d864fc10bf0b8d1012b8214c343a9196b3f984a494,13951
digital_events/year=2025/month=03/day=21/digital_events_20250321.csv,2721882,006332a02666f9bbf857a312b4a9dda96c1f94cefa6299124a270212a894345d,11286
digital_events/year=2025/month=03/day=22/digital_events_20250322.csv,1426585,889d486e0e20a93b8876b3b73623c2b6ae33265a70739665c6f8aece27cec063,5918
digital_events/year=2025/month=03/day=23/digital_events_20250323.csv,2974113,0fe5044ed0957c096c3e5dff189d7be185a3ab487dca5308e918e701f9dfb857,12366
digital_events/year=2025/month=03/day=24/digital_events_20250324.csv,5316688,7ed5b5067aa294c75653770bf296d949ac6a9817c9ad9e3d3f903d31d8de8c51,22111
digital_events/year=2025/month=03/day=25/digital_events_20250325.csv,3443588,3cf10d4d5fc350ecc764270724724811cf06e720f75209005847f88ac56b36fd,14302
digital_events/year=2025/month=03/day=26/digital_events_20250326.csv,3163944,0e4c82b01744414c10dce713c12997dbd3c217c41439eb9ef2eb1dc79177d964,13134
digital_events/year=2025/month=03/day=27/digital_events_20250327.csv,3361743,554eeab2fb9a81b61649ed704c400e651f989530422b3d04cbacf370169185f8,13976
digital_events/year=2025/month=03/day=28/digital_events_20250328.csv,1933993,9892dfcdb6113db07c35e975759b0362d3d714efaa164e0e2084f47d3988e04f,8034
digital_events/year=2025/month=03/day=29/digital_events_20250329.csv,3495445,5eba31d5a40c1072567fc47ba148429c3af7cee31d246d6b7746cbd272b20442,14521
digital_events/year=2025/month=03/day=30/digital_events_20250330.csv,3743619,dbfe299735f7aeddf353b0bef735f68c32c38b05431a4eb134bd45d3bb69157e,15562
digital_events/year=2025/month=03/day=31/digital_events_20250331.csv,2918986,3f115cfd02766f31188925b4d5db555dc44fd0ab9a67eae32b59edf1aa09fea8,12180
digital_events/year=2025/month=04/day=01/digital_events_20250401.csv,2701391,70753bab61a138416536ea8a755883deaedb53b75a0287e3611107c52023ab83,11272
digital_events/year=2025/month=04/day=02/digital_events_20250402.csv,6903297,749a01302ce465df13f7985bc9d8686c4e802cb5f03e9e19b9df25271b6687a6,28705
digital_events/year=2025/month=04/day=03/digital_events_20250403.csv,2448174,dc77637480484013444a1f205566bd8c8658529fe557349d5a25ae72bfbf5dc4,10163
digital_events/year=2025/month=04/day=04/digital_events_20250404.csv,2159810,af18b1941e41a71c84b9ac26a41ee316969752e299fcddb7d7464033f3463fcc,8968
digital_events/year=2025/month=04/day=05/digital_events_20250405.csv,1599601,59341175c09772c69a4d47ab5561028414d441ba4957b693a5fc3a3e1c2b1674,6633
digital_events/year=2025/month=04/day=06/digital_events_20250406.csv,2869593,5e149f2fdc5f50cae81846d0dbaa809b6c1858431a4a6a390cabc800bf80730a,11905
digital_events/year=2025/month=04/day=07/digital_events_20250407.csv,2202019,622377d57ca8a89142186e3146e004a4c1d1855eff4fd5597a36d195cc524c69,9148
digital_events/year=2025/month=04/day=08/digital_events_20250408.csv,1939130,ee85acaaf2356a57ec6bbe5720ce77d82441c20a6ad5f0e8a7e9c65e45da3ab0,8101
digital_events/year=2025/month=04/day=09/digital_events_20250409.csv,5192294,b09938575f438cd9f1871bcba5fc0d16c3aa47c88918fb1fcca5520b8c687d27,21579
digital_events/year=2025/month=04/day=10/digital_events_20250410.csv,4893770,4a2ac185945237abe4a3122f05502d088bdb44b3f80148d91dcca1188dfe5feb,20340
digital_events/year=2025/month=04/day=11/digital_events_20250411.csv,2788884,8f5e863f8d435474896178e79a4eb91b2a641030312647e104b1b92c3bb344be,11596
digital_events/year=2025/month=04/day=12/digital_events_20250412.csv,4562665,04103bd1ee0ce0e10b1843d1a5d39145419ab3d4340db81afbccd9a71aec3df2,18957
digital_events/year=2025/month=04/day=13/digital_events_20250413.csv,1900643,44607a87cbf08b0a9e5a93487ce62dfa24f33bc3cd498767019a6d07904b7248,7911
digital_events/year=2025/month=04/day=14/digital_events_20250414.csv,2158941,6d1e5c512724eea757629256b0332b0e48b973452381618e907df539e02befda,8992
digital_events/year=2025/month=04/day=15/digital_events_20250415.csv,2214756,fae074237300e2d895dd930025bb35c69fb87e835bd972c61cf584482d360688,9176
digital_events/year=2025/month=04/day=16/digital_events_20250416.csv,4914255,32146290f5e0bd286177a84af2ef269c2125952ba46ee954d053bf5132a6fe26,20444
digital_events/year=2025/month=04/day=17/digital_events_20250417.csv,6690464,9cb48acdac48d990ed7ab68a1e74778fad41ad48371f0086be3932887c691eb0,27779
digital_events/year=2025/month=04/day=18/digital_events_20250418.csv,4307993,1c46a93d9b26432bf6c9f14ae96a18206e750f4b562a26464da668c99d7f7d0f,17925
digital_events/year=2025/month=04/day=19/digital_events_20250419.csv,3520791,5ef3ae999cf96a88d3877c7c7b5f3e7a11e39a37c0b08ba4bd9eb9e4b05a4f80,14620
digital_events/year=2025/month=04/day=20/digital_events_20250420.csv,1489220,597fac6c9f4c8f5703590ebcd8fabb52332736a75f8a885ff46357144fdfb383,6178
digital_events/year=2025/month=04/day=21/digital_events_20250421.csv,2289016,0d8ea6185ae2a65e4b9e5f14a7f1dfe7a70b7110ec6313d14734b7060f5e698e,9497
digital_events/year=2025/month=04/day=22/digital_events_20250422.csv,2193187,d42708d9b7598da2e355143690a4ca634aa0cf83d3a4678bb5f3b3ec58546df0,9145
digital_events/year=2025/month=04/day=23/digital_events_20250423.csv,4081538,8669538f3017eac082fa8cb4de827e5c2d7d575daa338e926f04ac62f93d6c3d,16994
digital_events/year=2025/month=04/day=24/digital_events_20250424.csv,2767784,8b67c509986fbc22c4088b2f1be8c0b2482288abb798c63fa3629116dbfd2fb8,11509
digital_events/year=2025/month=04/day=25/digital_events_20250425.csv,2487448,bb93786d78b572d69ad343c7b7bed64e74b688e63bb24ff88cb4d0638f7b90db,10386
digital_events/year=2025/month=04/day=26/digital_events_20250426.csv,1476509,f26a8efe3d10562c4fd6fe7b54f9236732e7d6d965b54ba3cafc20529525f342,6131
digital_events/year=2025/month=04/day=27/digital_events_20250427.csv,1528465,9d6ed8e0d1f4dde965acf765cb07f2fa6fcda2b6ba7711d2c834f6a40c62060e,6359
digital_events/year=2025/month=04/day=28/digital_events_20250428.csv,2756455,5cc400baaf89c44195b7671a1e26d129b438d057780210b4738102f14256d00f,11464
digital_events/year=2025/month=04/day=29/digital_events_20250429.csv,3691087,bbaa21b28bef99ecc8ce28248441a1e80e4272c1626ce3ff110b040cc220b4ca,15341
digital_events/year=2025/month=04/day=30/digital_events_20250430.csv,2397633,5e4e796967a8c603ede3244cbb8630672fc2726d6203d868d2e2e4dfab70cba7,9933
digital_events/year=2025/month=05/day=01/digital_events_20250501.csv,6823612,f1a83e04a23a42c9f0ea483a12b4933efcd976620a374136d7a8fe988a87efc9,28402
digital_events/year=2025/month=05/day=02/digital_events_20250502.csv,3055830,0b7bd5686abe8094b8c87d17abffe298e0d1ac51a617598204dcf42a9ae6740b,12726
digital_events/year=2025/month=05/day=03/digital_events_20250503.csv,3211619,23053bdbb790338ae03ceb5dfb4a18daf30315d0b2e5166c94052b4c1e664ba7,13324
digital_events/year=2025/month=05/day=04/digital_events_20250504.csv,3155072,2e389e45e0f0c07cfdeaeddc5ef86cde764d98ba713cd6c4c3b44fe674196100,13102
digital_events/year=2025/month=05/day=05/digital_events_20250505.csv,2946308,60fcbc6850f386764c6470b4b5c73b7c811e60c359aa350f9a7d8868cebcd2ab,12273
digital_events/year=2025/month=05/day=06/digital_events_20250506.csv,5164646,41e274c1c8e4f61b7cb5181ace9bf8e8cc0ae0753727387c84cfa158c78785f1,21476
digital_events/year=2025/month=05/day=07/digital_events_20250507.csv,2663307,6fded2875c0415670d683d342d43de751951acaf34a5ef3f982e4ce093b32be2,11058
digital_events/year=2025/month=05/day=08/digital_events_20250508.csv,2756608,192ddc7b42d80980fd4ad57308daaa5aa2ffacd446e3add9c0e73991e42a77f3,11428
digital_events/year=2025/month=05/day=09/digital_events_20250509.csv,2470179,cc6a6252c4ac3aac34b891444e321445c146a166f35de7ef49368bbabb9396af,10297
digital_events/year=2025/month=05/day=10/digital_events_20250510.csv,2456806,7064bef2941b1699911c81d4a0690070c961d9cf2c3d01d2b32fca62fb8f05e1,10194
digital_events/year=2025/month=05/day=11/digital_events_20250511.csv,3124688,c79d62ce0c9ffda3524e79b722a71f8975d6fb313d2a078f5cc87cf81c97f608,12965
digital_events/year=2025/month=05/day=12/digital_events_20250512.csv,4942958,6c382c7f24d2dc1f2607cc713622ed021a9c13ad8c2f692c74d751135c747308,20582
digital_events/year=2025/month=05/day=13/digital_events_20250513.csv,3011956,2229a94f9736db34d7f513f13dcbbf3f0d0cfe7fc718b08141f12787e627db38,12560
digital_events/year=2025/month=05/day=14/digital_events_20250514.csv,5133561,80f3e937c63485ed407a1a91d84fdd6fe47a38606e0904d80518a08584aad604,21354
digital_events/year=2025/month=05/day=15/digital_events_20250515.csv,3504391,7fef2053b339109fbe629da0f0f5aa4b9884fd0f73db6d7479bfb7cb417218b7,14539
digital_events/year=2025/month=05/day=16/digital_events_20250516.csv,3456175,a31715a0f5fceedbbb29ebff4281b4538675478b85ffec25e546092f9acd4458,14346
digital_events/year=2025/month=05/day=17/digital_events_20250517.csv,2157106,aadf111fbab6b845399a9b2c441e1b9a45f87d8391b08389a271904e6d35769a,8979
digital_events/year=2025/month=05/day=18/digital_events_20250518.csv,2679063,7a5218d52c81fc6115064857caa3627a702b9245407c0af26499d30f6c070a3a,11115
digital_events/year=2025/month=05/day=19/digital_events_20250519.csv,6901063,5ceaaed93763d23f78f7289d91d54e7c7f3dcdbd9b00a27cac71d1807790f86c,28704
digital_events/year=2025/month=05/day=20/digital_events_20250520.csv,5474728,5755615868228a1aabff2be9cb39d710e10e0bb692de6a9ff7b1a1aeb2a3234d,22766
digital_events/year=2025/month=05/day=21/digital_events_20250521.csv,6741095,2d2169facdc353a2cffb4c269a984e0d3558500410e7192a007d09c66c4ff8d7,28052
digital_events/year=2025/month=05/day=22/digital_events_20250522.csv,5969019,411365ad7c7cc645083df233dda82325572b18c98dee3ad11c5127b4cd619bc0,24823
digital_events/year=2025/month=05/day=23/digital_events_20250523.csv,2863988,39cbea74669b9613dc224850522e19263bcc82d1b6ccbf11c57f8242db72950a,11912
digital_events/year=2025/month=05/day=24/digital_events_20250524.csv,1705374,eb28db1cd419670a2058c29fc32864cb009dd059b7fa289ad867255278a53217,7058
digital_events/year=2025/month=05/day=25/digital_events_20250525.csv,2152023,a6eb80e519958833f037d8b002b41a0afe88e3ae317658632111e52509cea2b7,8952
digital_events/year=2025/month=05/day=26/digital_events_20250526.csv,4333170,77d9b576161197169b98bf434931a82b90c6f025e165b96dc4848c24ba2b8c98,17994
digital_events/year=2025/month=05/day=27/digital_events_20250527.csv,4746144,24ea4aa8d4938e3f4fbf401ec2375e600e4931d75510919958418f02c47ce24d,19731
digital_events/year=2025/month=05/day=28/digital_events_20250528.csv,3966237,669774e0717e34b616dfdc47462d9b35803b4fc44b7147a54e61abdaebf83175,16495
digital_events/year=2025/month=05/day=29/digital_events_20250529.csv,3502464,33d757591fb5318817182c6cbdfea156ebc9cc6a556f61fbd309fa609965dc49,14548
digital_events/year=2025/month=05/day=30/digital_events_20250530.csv,2265282,380768c1d81341824aadc8a4fe629754fad8efd6f9e424de2ca56903adb9740f,9418
digital_events/year=2025/month=05/day=31/digital_events_20250531.csv,1467353,919d346cd80da4f473abe7a90c8d208f2ff6168b1c82214e3917647ec1c767ab,6111
digital_events/year=2025/month=06/day=01/digital_events_20250601.csv,2255271,0789843f53174c332e7417f84d5a3b0b6356ddbd4c62b54aa8c75908f305b14c,9397
digital_events/year=2025/month=06/day=02/digital_events_20250602.csv,2673733,ae0b1a8235aeef4a0ed421b70fee54791e44965673d4869873817aba2b63d7c8,11109
digital_events/year=2025/month=06/day=03/digital_events_20250603.csv,3006174,f460e7490e211daf8ef7a0d11661fb51b5912db9df765bab0b83a73af0cf91cf,12498
digital_events/year=2025/month=06/day=04/digital_events_20250604.csv,5614426,e6f6b4767ba233c9e27805b05261df0b0b110751620abd74e283b508b456013d,23360
digital_events/year=2025/month=06/day=05/digital_events_20250605.csv,2798102,00ef598f1b4e962e095ecbcc64e8d2717b56406cba1991ced32506f434e6b7a4,11647
digital_events/year=2025/month=06/day=06/digital_events_20250606.csv,3084381,e7643bf3b6d9d44f8e84021658de39be9f6fc524a0743eb07a4ee8830f16f7f9,12801
digital_events/year=2025/month=06/day=07/digital_events_20250607.csv,1805905,cfa274b6b7730c395c99d5469607d6f20f289996163e1b1ff45a7aa784668cec,7520
digital_events/year=2025/month=06/day=08/digital_events_20250608.csv,2763192,aee8d76cd9c485b15a2f18d6e19f6f87ee846b915b843a071068ebbfa062aa17,11455
digital_events/year=2025/month=06/day=09/digital_events_20250609.csv,7096018,4b245f79db4096534e82c71b20c55d7715f9eb8a74a352ed763f5e27f619f001,29511
digital_events/year=2025/month=06/day=10/digital_events_20250610.csv,2822348,bf4e3a399462ce34bb802b6c34f56d953bfb308a5186f02a38debccd1a50a0e7,11735
digital_events/year=2025/month=06/day=11/digital_events_20250611.csv,2975730,339fe29f99ce77d8e431d8c2c7f733b5788f956378914fb99e27ee930ad50fae,12356
digital_events/year=2025/month=06/day=12/digital_events_20250612.csv,2552577,37efe3677b4c85ab224319d78ef8fcde104aa3dd04f9e2d38ce22777f2f6d625,10624
digital_events/year=2025/month=06/day=13/digital_events_20250613.csv,2855448,c44c6f149f9be95cdd7606377981c7815b3d57a24b33166af6a090536f85ccae,11880
digital_events/year=2025/month=06/day=14/digital_events_20250614.csv,3237675,14062e9e96227d465a42462720fae672685f78f9f56529eb0fbabe96574e6cdf,13464
digital_events/year=2025/month=06/day=15/digital_events_20250615.csv,2872174,640e8284ca31e845d251ff0423e1aab01ad741e5da20f461f4912554821f76f0,11918
digital_events/year=2025/month=06/day=16/digital_events_20250616.csv,2555872,707d558bb93f66de3e8d75acfd7fac08114853e4489bbf186ac1d7ee06ba5c00,10620
digital_events/year=2025/month=06/day=17/digital_events_20250617.csv,4865530,4aec7f7bb1d7adb5de952e54ae0654ebedc578dc61ab16fbb1f8accfedd6f68d,20213
digital_events/year=2025/month=06/day=18/digital_events_20250618.csv,4434065,d245bb580a535d864b774e8222b1036da60b526bc331f303a41c41b5ac1ed04b,18436
digital_events/year=2025/month=06/day=19/digital_events_20250619.csv,5774408,c2c7bf1302b01c332aa021cfbb5b09007c1b59f4f2592ba1f83a3b30e6d76103,24011
digital_events/year=2025/month=06/day=20/digital_events_20250620.csv,6617966,ffde9a26c8100ac98d6f8b56ea9604c1113ed312e44e06076c4f04faa2cc7b66,27561
digital_events/year=2025/month=06/day=21/digital_events_20250621.csv,2714771,fada0e38721f2bc78b314ab2111c0930b22729db97c287d2ec2de48b9418a0d8,11295
digital_events/year=2025/month=06/day=22/digital_events_20250622.csv,2507411,f2176ef4a47b7fb668ba77c130abe6f6d09311dfe8075a038e100a0d261bf130,10416
digital_events/year=2025/month=06/day=23/digital_events_20250623.csv,3076995,844a742ec2dddc3aceb4e92b975897b4f3dacbb583ee93ad68309eef37c9c205,12807
digital_events/year=2025/month=06/day=24/digital_events_20250624.csv,2865949,e1d4df3a24c08e3fbc4c7503511633a1c71d39a0e70fcfea06fa67cb3e1cf87a,11910
digital_events/year=2025/month=06/day=25/digital_events_20250625.csv,3718128,e9cfae9a8807ad4c2536ec32703914f6a9fe357f89aecb52018206944166bb51,15459
digital_events/year=2025/month=06/day=26/digital_events_20250626.csv,3137307,1bf6b46f52378d23ae37782521f9e41aaa50e736541a477e7af22a126f6370dd,13045
digital_events/year=2025/month=06/day=27/digital_events_20250627.csv,2280527,258eaeb067e099504d380d7831357e220c1885f5572daa8121491fd4854c9e64,9469
digital_events/year=2025/month=06/day=28/digital_events_20250628.csv,3162008,eabdafc1492f318a47d2c24ea9da06ae0b91163bf55e76324d5fb0c9b7925469,13139
digital_events/year=2025/month=06/day=29/digital_events_20250629.csv,1479824,6f9cc74c6c1fad88a3ff03dba80a4d0b4fbc70f3010dc937461cca787154b727,6162
digital_events/year=2025/month=06/day=30/digital_events_20250630.csv,2732308,2a1e81064474fc300cf4e8acce9d6cc72d1cf40cb2dda91289b983b59247a61c,11347
digital_events/year=2025/month=07/day=01/digital_events_20250701.csv,4230130,43041f1dbb324edfd4cb4b32edbe044b2a01524a7fd0b4939f984258c784aa03,17577
digital_events/year=2025/month=07/day=02/digital_events_20250702.csv,5459170,5769eb872fbb6292f56bb3637572e3a475878ede03027ca3849a8bdbe7f2e64e,22699
digital_events/year=2025/month=07/day=03/digital_events_20250703.csv,5454640,7d858d1e26d2928c71b9b9357935a7c5ca1fc8ddf36b2e8a5b4437b142770120,22665
digital_events/year=2025/month=07/day=04/digital_events_20250704.csv,3068316,dd370c8d1421f03b75d35485f934898205cfbd01fd141580aee77f9f295780e7,12777
digital_events/year=2025/month=07/day=05/digital_events_20250705.csv,4960764,2bca384d93157de5af0bdc76def846b0d66c9002a6c176dea509306d72a982a6,20654
digital_events/year=2025/month=07/day=06/digital_events_20250706.csv,1694532,de5011f66ca4e96c43228affe81a0dac6fb09d4498c2e91fd6407785395b72d5,7042
digital_events/year=2025/month=07/day=07/digital_events_20250707.csv,4152461,133639e25f012e2405955fca33419fc927592178a0b57b4687a380557db239f8,17248
digital_events/year=2025/month=07/day=08/digital_events_20250708.csv,3249124,7654898c9222d5c2f39eec73897c87fa41fb4a202680fce51f6c7192817e54d7,13484
digital_events/year=2025/month=07/day=09/digital_events_20250709.csv,4818310,6aa667e2355e58ecf34d19a86578a8c1d950e488d1f6e197a9d3c3fe4aefe839,20045
digital_events/year=2025/month=07/day=10/digital_events_20250710.csv,4083161,ce8d8efdd4c823f8caa54506654f8aee0cc67dfe99ac332d880eeb41d5e16d4c,16974
digital_events/year=2025/month=07/day=11/digital_events_20250711.csv,3635336,b0b8ec5587063d0920ac89bb9d23ff1936c8feaa04b2ba648701cc80ea004e79,15068
digital_events/year=2025/month=07/day=12/digital_events_20250712.csv,1843601,e43ebdee10ce361b075c14f10518ccb2dce7db3ecbbe417f3a002e901a1d439c,7634
digital_events/year=2025/month=07/day=13/digital_events_20250713.csv,1799181,101efbf549111fbf2c5aa5b37566ce1f684224d77b1dfbbe8baa0a6f2eee1b1f,7500
digital_events/year=2025/month=07/day=14/digital_events_20250714.csv,3208822,b7197a4645deb0602bec5aaa5456125e9c5776da5b32b4be3743b3e7cc399447,13336
digital_events/year=2025/month=07/day=15/digital_events_20250715.csv,7058749,009602e3f78c85215acd868ef155e036097e46c7cd608bdb010bcae1728a388c,29376
digital_events/year=2025/month=07/day=16/digital_events_20250716.csv,3454446,3c8bdf9649bda2a16b8364f46924bfc029d2b444e7d34cbfd030031bc0161dbf,14368
digital_events/year=2025/month=07/day=17/digital_events_20250717.csv,3728979,a32059a1b5d9ca73021ad35c71f2a4412f302c65834444d5e97b96d32d0f66ed,15480
digital_events/year=2025/month=07/day=18/digital_events_20250718.csv,2230206,72a0dc3815cf4e45d92e48d84c3ba31b110eb230dff8b70d445a22e308bfb089,9301
digital_events/year=2025/month=07/day=19/digital_events_20250719.csv,3774690,a802bfac81b1ea773c6fb886637f88eafdaa787373e556acf4187e2e7a734f87,15681
digital_events/year=2025/month=07/day=20/digital_events_20250720.csv,3590009,77aa69f37eafd94cde35a2483294c30967dc6af0b36ec7fdebf2ab7e13a925df,14934
digital_events/year=2025/month=07/day=21/digital_events_20250721.csv,2287200,21440e35ebb341f02fd947e1bd9a4e9216df0fc457fd2bc91249bbbcbda5956f,9513
digital_events/year=2025/month=07/day=22/digital_events_20250722.csv,2790606,d7c21356a4e48faadd833f88dddea4852fa3d8e895f321ce0ada07b4f3ce7c8c,11630
digital_events/year=2025/month=07/day=23/digital_events_20250723.csv,2629399,4ed7e99a408457a99812a6027a5b7af3e06df19d431b1c002bfd35be908ef9a9,10933
digital_events/year=2025/month=07/day=24/digital_events_20250724.csv,5599867,e737c4a2077148204b269e1609d97fe40c7347c3a5d5efea9d725cbea321bcd9,23263
digital_events/year=2025/month=07/day=25/digital_events_20250725.csv,5201080,1403d2539cf464a7c49209b686de500abb268b67dc2bc134cc5fedb289fc505c,21614
digital_events/year=2025/month=07/day=26/digital_events_20250726.csv,2171495,c442c5af963ebab35542cb8b9e7e43823b9faabdbd3cdabedc1be417df19a26c,9074
digital_events/year=2025/month=07/day=27/digital_events_20250727.csv,2708765,d6ee2dc517f12e12de367f5525d3c6661b41a10a803e4e708f4477a26cf1dcfc,11242
digital_events/year=2025/month=07/day=28/digital_events_20250728.csv,2944474,1806a2ae55b2f5f620c0368fb0afcaec8a351b60a1285ccba47b8ccc9f5b2461,12260
digital_events/year=2025/month=07/day=29/digital_events_20250729.csv,7019567,8a04af401e5511c97625eb169fd24bf92ad108c968686503de5c44d05c928c73,29216
digital_events/year=2025/month=07/day=30/digital_events_20250730.csv,2114112,dbd81dfec21f4a7fd366eb5672baccdcbf05da8657c49fa4fc780e151dbe8c75,8780
digital_events/year=2025/month=07/day=31/digital_events_20250731.csv,7238990,61d82a616f09b39ab9d7f9c296efe43e4eb3d81fb54d2cd7bfeab9a7ccd49dfc,30085
digital_events/year=2025/month=08/day=01/digital_events_20250801.csv,5683127,a81c13499a5fff85abcea380c86fa84b07d023efc33929aeed8a01cb491f5d13,23609
digital_events/year=2025/month=08/day=02/digital_events_20250802.csv,1674883,f142c00c6ece847255e01d8d93cea600f332d3beb333e6cfd63146b1b5701af7,6958
digital_events/year=2025/month=08/day=03/digital_events_20250803.csv,2116042,fe16061125bdfafc68473d6ee65b88a49abcdf919392b3c17e28bd33334bdbe3,8791
digital_events/year=2025/month=08/day=04/digital_events_20250804.csv,5834239,ffa45f72746e4d421a4875ed27b7f277b094441395fce1591ce620e9f9cd3f44,24226
digital_events/year=2025/month=08/day=05/digital_events_20250805.csv,2294626,2e85cbeab9c7bace51c4a0b785474e90d4d33c2e49c0e01d4455a9b7bedb27bc,9533
digital_events/year=2025/month=08/day=06/digital_events_20250806.csv,2562457,7c8aaa0c03bee24086e700a510581348a2f83a26bf5564468fe8ce9357f283ad,10670
digital_events/year=2025/month=08/day=07/digital_events_20250807.csv,2878431,b484acf1203196d942bbe28562ff07a062491ce882b07a177091e06a1d08ab09,11960
digital_events/year=2025/month=08/day=08/digital_events_20250808.csv,5452157,003d789bedb4a2893a57ad6aba5cf73535a6dfdce46dd07fa01b8ac1c3828935,22686
digital_events/year=2025/month=08/day=09/digital_events_20250809.csv,2388543,e3e55745f62b9053033ba608605bc8d1745b9111c3859f159960e3a85e826dd0,9938
digital_events/year=2025/month=08/day=10/digital_events_20250810.csv,1500757,0479c633a9f90a0c64ca19960459e3153e24a98c2b2d4d37fc6dcefb717638bc,6240
digital_events/year=2025/month=08/day=11/digital_events_20250811.csv,2692199,91804fe07c2a8d4a5af2028954860503a71206a69644b18bcfada5a0f4fe2bf8,11207
digital_events/year=2025/month=08/day=12/digital_events_20250812.csv,3020456,ff75c44cbb51e29f97fd2e6c9e7d7f9948b014845b7f443333058f104d9ddc6e,12570
digital_events/year=2025/month=08/day=13/digital_events_20250813.csv,2927464,695a7cee52f2763803e861ef1fc382dc4d5b64aab247614cfa58f427c22a3e61,12139
digital_events/year=2025/month=08/day=14/digital_events_20250814.csv,6693348,78e15937a7a391631d073ea8d5c8846c58ebc75acf438066e57df0c404e5b8e4,27853
digital_events/year=2025/month=08/day=15/digital_events_20250815.csv,2134470,1bf0296721517f5db634e5f01be61204f9d75a514750c038b843ab67181e17d0,8856
digital_events/year=2025/month=08/day=16/digital_events_20250816.csv,2925501,bc90b67072e2629b5ca07b1efdb33ad19de1558ae1d655b09aba660a40575e8e,12178
digital_events/year=2025/month=08/day=17/digital_events_20250817.csv,1558423,4932f9349b346754afde9570d303574fe099cc28d2f5df6954b8c7fb826a0743,6477
digital_events/year=2025/month=08/day=18/digital_events_20250818.csv,5114791,e69ba117661595a3cde5634bffe02a1d85c849e905f4b2311c1dd21b91c028ec,21255
digital_events/year=2025/month=08/day=19/digital_events_20250819.csv,3533835,ba235e5d4a8f9f27335ed52b5ebf783d59c9f0aa470ebe01ec3ac275cf08e55f,14665
digital_events/year=2025/month=08/day=20/digital_events_20250820.csv,6596336,44ca181d435bb112e233228e8748190b158a1efa10d53f4920017aaf47a81734,27397
digital_events/year=2025/month=08/day=21/digital_events_20250821.csv,6867699,fd3a18fb56fddb6f9cab3ed921d51c47e84e6f5f01a6c94a557f27c6200a946f,28558
digital_events/year=2025/month=08/day=22/digital_events_20250822.csv,4579639,99eba485362c22de80d01feedd66a6555e081ef14b11b7bc970324eaf06b60e4,19059
digital_events/year=2025/month=08/day=23/digital_events_20250823.csv,2545969,a512bc5dde86699a4aa735f610b3ca5c7138d7b65f429d550a1ec710c6abfa1e,10579
digital_events/year=2025/month=08/day=24/digital_events_20250824.csv,3067249,8f970ff0fa90cadaff0e768ac92fe216dc05190fb75b368d803819e0e87e090d,12751
digital_events/year=2025/month=08/day=25/digital_events_20250825.csv,3640301,b1c58ce48c4d8efc9f76d524b0849ecd8cad2fd38b022917d014c9fea576df7a,15142
digital_events/year=2025/month=08/day=26/digital_events_20250826.csv,4415432,582c71eb5809f6f1856ae724ceb0bdb617227571b2f5c8d8ab89d7d02eb1ecb6,18353
digital_events/year=2025/month=08/day=27/digital_events_20250827.csv,2679164,31324e298d96c6d9e9276ea8837d4719c10982835e3150004f460592f811e338,11127
digital_events/year=2025/month=08/day=28/digital_events_20250828.csv,2370058,c9ed91bf173b0d73250fc27a4674c4493a10147bb63dc7870b55c0ec8e0c4151,9848
digital_events/year=2025/month=08/day=29/digital_events_20250829.csv,2833934,9b692ecdbb76d63198f9314051eb29d61be231749d2d154276f5c61c2f2f9e72,11786
digital_events/year=2025/month=08/day=30/digital_events_20250830.csv,2545676,75ce9263feb06cd356fed8d1cc967ede3327f42a8f8f5229f31c71e8edff2911,10579
digital_events/year=2025/month=08/day=31/digital_events_20250831.csv,1958607,cbbabdf6a7397a7550962b3b35485852dfeb845491462795e37744704a079c2c,8132
digital_events/year=2025/month=09/day=01/digital_events_20250901.csv,2750852,5fb026b60593ffd0fd234e9eae1333ffa55b5d1e4aeef7e67d17c8394f63260f,11462
digital_events/year=2025/month=09/day=02/digital_events_20250902.csv,2302039,4810907fe70f74512f779bb4e8c42fbae602f4419e11042130ff353137831cdc,9574
digital_events/year=2025/month=09/day=03/digital_events_20250903.csv,5012865,51a1dd924f3a32a0f926af03d5c08e24cf996df583f7f55677c1bcba376b40bf,20854
digital_events/year=2025/month=09/day=04/digital_events_20250904.csv,5614744,506e45c1079e018be1d71ed1bcc7dd2861c4fa924615570e08686815339daa2c,23377
digital_events/year=2025/month=09/day=05/digital_events_20250905.csv,5245581,9adb2bc32d929ef42ee08ea59e28bdd2a68c33701cee43c7c1a722028d334f46,21802
digital_events/year=2025/month=09/day=06/digital_events_20250906.csv,3251147,8e1eac02b7afc9ad291db624e96035a0c2fe5a14dde7152952d7cf82a066e84e,13517
digital_events/year=2025/month=09/day=07/digital_events_20250907.csv,2078184,8293100b230be852647c092778783d0c750d4fe341ad55e67f304e912709e13f,8644
digital_events/year=2025/month=09/day=08/digital_events_20250908.csv,7238595,ee52dbedf43b4e6e7f2eaab18b74c28c0dd1e9ab84a02a2f1a011ba6aa6eceb4,30114
digital_events/year=2025/month=09/day=09/digital_events_20250909.csv,3741853,e69ff130184f85b1a12ac6b655cfe955dce9eb0212512eb9010d638c0f9c9810,15576
digital_events/year=2025/month=09/day=10/digital_events_20250910.csv,5364663,44463f75e26b01058a73c26fbf2e7a63ae99e6a18fb7f818fc077a7326fca4f0,22278
digital_events/year=2025/month=09/day=11/digital_events_20250911.csv,4147476,1133b4004bc4d7f447720b0fdb9d6b7e6acd31744a32366c91a31d498ff05a72,17254
digital_events/year=2025/month=09/day=12/digital_events_20250912.csv,3204516,62b796f56190e1162680473653e24b4a14a68224c5a14585a2a9c2feb98a431e,13314
digital_events/year=2025/month=09/day=13/digital_events_20250913.csv,3836559,ee9cf9c3620734c426229c9a8a643049282f000864f44aa9e45cd7306bbb4429,15945
digital_events/year=2025/month=09/day=14/digital_events_20250914.csv,3033251,f29e54adb7d35e7106923fa5fcc4a81c4e3ea0418938b53a7ce09ebdd296f435,12657
digital_events/year=2025/month=09/day=15/digital_events_20250915.csv,6376016,8f0cda0955b30bf10c29ad260eba245a3b07a31251d47da58d8d2db246140eac,26530
digital_events/year=2025/month=09/day=16/digital_events_20250916.csv,5152484,233bf96a2dbea1815570d4952849ed340873b101dfa60372a968a7e2778ee93f,21414
digital_events/year=2025/month=09/day=17/digital_events_20250917.csv,3157969,26ea4aafea116c5f748ad071728991cbc5b4084cd6de73bfdb3c02b1671a6128,13112
digital_events/year=2025/month=09/day=18/digital_events_20250918.csv,3112587,fda003c5eb0bc4ac207759ce1eb37d842405a3f8752bd93194eee613337dd8a3,12958
digital_events/year=2025/month=09/day=19/digital_events_20250919.csv,3725130,f5f78532a2513046a35028d88690d7e3b82412043720e342242dc09bc81ac646,15487
digital_events/year=2025/month=09/day=20/digital_events_20250920.csv,2060239,7755d3e0d697f106fcce7dabab699663b2d93e1f07f4c6eac2572220ccde0c03,8571
digital_events/year=2025/month=09/day=21/digital_events_20250921.csv,2312238,8abb3cb20bf2b4d6e36fa368e43f5ff98bb3ddcc95e73a03cc50f556456bbc40,9609
digital_events/year=2025/month=09/day=22/digital_events_20250922.csv,1937177,599e9d1ee1a5472b73a61a83c588e07ae99572b8882f198de71bed773a5a04ac,8067
digital_events/year=2025/month=09/day=23/digital_events_20250923.csv,2919217,647cf37994fec5fccbe1fd079f37cf4f38999a6ded5a9eded3335d2f637a37ed,12107
digital_events/year=2025/month=09/day=24/digital_events_20250924.csv,2346688,3cbee0e8242e6a75d8c523ae026769e39289f53cb81dc744b728d8bd812e3587,9749
digital_events/year=2025/month=09/day=25/digital_events_20250925.csv,2795916,bfa4aabf6d4b7759412de8e88437bfdf255236904583885d41cf7dff83fc6716,11638
digital_events/year=2025/month=09/day=26/digital_events_20250926.csv,2782900,3b155eb3f6ce828b558b2cfd98f70dadb264daf96869b97515133d4536ad1143,11581
digital_events/year=2025/month=09/day=27/digital_events_20250927.csv,2878882,57d3ad2d5f6b6ec7a4e45cea7500c4d5c359b981b35a175d8a8af0ebee3f39b4,11958
digital_events/year=2025/month=09/day=28/digital_events_20250928.csv,1652043,152c85d2c0c78527aadd0428cd88986921acc42a27130e801196cd01a06e2f07,6855
digital_events/year=2025/month=09/day=29/digital_events_20250929.csv,4350199,3a9fa826ced913a988b238c8477c448dd20b7ac770642a762312dff1d045f798,18024
digital_events/year=2025/month=09/day=30/digital_events_20250930.csv,3262925,ac3f894b14026aa8920f7e462497f63d89fd3dddf98b382c20a840c52df96466,13562
digital_events/year=2025/month=10/day=01/digital_events_20251001.csv,2789355,5b43557db0b1c6c48a24ca17fb36bb74ec0bddd8ad3487892f3bc7a92fab559a,11587
digital_events/year=2025/month=10/day=02/digital_events_20251002.csv,5209499,f92753c122475b9586b1775c9f4d7423bacb61e4ed5e892342c61a29abf39b87,21626
digital_events/year=2025/month=10/day=03/digital_events_20251003.csv,2716972,50a6c278d9d4811017fea16618e6ef162cd4ceb76ca8ebc49250712f7f21291e,11323
digital_events/year=2025/month=10/day=04/digital_events_20251004.csv,1559403,5cf3a38941c8d95b358f4404109bdc7c51bd0d7bbec43e6173a993696abb722d,6481
digital_events/year=2025/month=10/day=05/digital_events_20251005.csv,3285225,24d00f766c62448993a304523a75edcffc6bd471a58f25f53428b8fa14f37ced,13627
digital_events/year=2025/month=10/day=06/digital_events_20251006.csv,2193226,b031b959fca8dedcab2dc68929297cc03a5e1942a0c9b9999ff859c4fbed58ad,9104
digital_events/year=2025/month=10/day=07/digital_events_20251007.csv,4376774,bc82bc20ca0362b32df9349e32369abe53b9dd6bf21526b3f8842d27f378f383,18197
digital_events/year=2025/month=10/day=08/digital_events_20251008.csv,2572646,041d1b8f5c98a4a1d44991382b26a59adac0de0c2c895386f78b65ea72780602,10709
digital_events/year=2025/month=10/day=09/digital_events_20251009.csv,2363142,e5b7d0f0ac6521cb8cb8abf6e626606aa89f141c6ce18823b2ae9a6ee24e23ab,9827
digital_events/year=2025/month=10/day=10/digital_events_20251010.csv,2747679,c50f61cd4e703bf3ed925d291057ba2a549854f59385ac829818bbb2d956284b,11404
digital_events/year=2025/month=10/day=11/digital_events_20251011.csv,2108990,0f50cee839dd5b670c6e4bf32cacb7d9685c6f545b1ba5f694e69d2586add672,8775
digital_events/year=2025/month=10/day=12/digital_events_20251012.csv,1780652,25dd3963341adb8c31ca2fe61cabc6f78a8861f4cfc5cd064e356f83d6511e44,7391
digital_events/year=2025/month=10/day=13/digital_events_20251013.csv,1946312,dbd0bf3ca1bf1a39c1da31939ee24ffea1aefe5f400a0f509561bcb56c0bb0c1,8087
digital_events/year=2025/month=10/day=14/digital_events_20251014.csv,3550424,fbadfc2b77d9e5e7885bb5906565cff2499433e279f8b2373ff29a07e31eb60b,14748
digital_events/year=2025/month=10/day=15/digital_events_20251015.csv,2134977,e562ba07fac05f8e0a7a522da55e061e935747cf79bf6ecbd8a058b8eeb37a93,8888
digital_events/year=2025/month=10/day=16/digital_events_20251016.csv,4282327,7e01d4717ee267391fef1290e094d85d224b663b4071200529e65345e6aa64e2,17802
digital_events/year=2025/month=10/day=17/digital_events_20251017.csv,2377499,6a6249bbccdb1ee5d5d0711b97636573fb2ccd656dccbbb7c62875c56846af51,9867
digital_events/year=2025/month=10/day=18/digital_events_20251018.csv,2424831,294dccdb3fdc881dcab984ba2aed724dd07ee85c233fd143d0e8b8a0cae0a209,10097
digital_events/year=2025/month=10/day=19/digital_events_20251019.csv,2178838,4dd02c8d1ba672dd8ab2231f337a3b8802bd424455432810048260c1ab011184,9056
digital_events/year=2025/month=10/day=20/digital_events_20251020.csv,2796927,fd1235dcbf471cb34c7c6c46bcb601a7603befa584ffb8845c0db380bab7db04,11596
digital_events/year=2025/month=10/day=21/digital_events_20251021.csv,3172217,de8395580932553d11058b44aa673039e4d446f6906e1924d38100bc5be49e07,13175
digital_events/year=2025/month=10/day=22/digital_events_20251022.csv,3232510,3487437bf79f9d1a050e8b6fc3d74d9fad54ced6a978d245c0e41fe1dce86fcf,13470
digital_events/year=2025/month=10/day=23/digital_events_20251023.csv,5745260,08a58b7d5fafa70fdc7666a5e12b993ed5c37af169a94e7648ad011a183af678,23865
digital_events/year=2025/month=10/day=24/digital_events_20251024.csv,3541520,2702639163236e88a8891d8abb47f71c73e78ab664611841d7238b4d4515e9cc,14711
digital_events/year=2025/month=10/day=25/digital_events_20251025.csv,1500374,0925cc0c98df7dd2d315c101dc29996112bef49ab8308bae943223c289caea33,6249
digital_events/year=2025/month=10/day=26/digital_events_20251026.csv,1756125,133b85c3c6728a8c0e4582a1a205e78023d4da21e4f9d5ce8380a6e7c40fd96b,7300
digital_events/year=2025/month=10/day=27/digital_events_20251027.csv,6837215,4f0654e9f318ecb75aa0e5150909d245d8cef970a08d0cfb3c297b456e2c7003,28410
digital_events/year=2025/month=10/day=28/digital_events_20251028.csv,3974234,ffb339056939a1090e6e0f174327b3a6542b6f2823f446d2a00602e78d9704fc,16505
digital_events/year=2025/month=10/day=29/digital_events_20251029.csv,2701578,2ab02bb73f36a025152e33cae7b3977af11bd103df3153764844609a57081db9,11250
digital_events/year=2025/month=10/day=30/digital_events_20251030.csv,5471916,e8c641535a4d8c01fcccbdba753ed3e8e473b1efa81f4abd59c9b78ee7517eef,22737
digital_events/year=2025/month=10/day=31/digital_events_20251031.csv,2161931,2a4d6d2f4c5c9dfd845560ff26b8b476ad0465f945ab746a10b0d97162bfa9b4,8985
digital_events/year=2025/month=11/day=01/digital_events_20251101.csv,3043318,7b8343e73f01a949a7644696ce082d1a35b6a37b066e87b69f5e8fa35f98869d,12636
digital_events/year=2025/month=11/day=02/digital_events_20251102.csv,2211671,d43bfa20c6b58826e8ebeb79c1344926a055b5e74e469314cb0134448ca346f6,9197
digital_events/year=2025/month=11/day=03/digital_events_20251103.csv,2503464,9210e74e969ca20cb6c86a13140c27a8d62a115e1699348d74f2567c1b7677bf,10416
digital_events/year=2025/month=11/day=04/digital_events_20251104.csv,3503409,78000cfaaa79bbc4ec155f8ee3a1a171a2067614fa502b572cb8237d86efb47d,14565
digital_events/year=2025/month=11/day=05/digital_events_20251105.csv,2633594,dad1fbec11c2a9035edf6d1567205ee3b2d4e4c3c6e4d86431135ac1f1817e48,10944
digital_events/year=2025/month=11/day=06/digital_events_20251106.csv,4630533,45e08fb58fd51032549a227d80ee2b588d3f5e451d808993b9c14386e7af8946,19255
digital_events/year=2025/month=11/day=07/digital_events_20251107.csv,3085835,27d3c9e9009f1388837467cc6884f2fb22bd7c798a833dc5e668b522e0235c03,12841
digital_events/year=2025/month=11/day=08/digital_events_20251108.csv,1654204,dbafc8a1fe974cdb0f3077e93eeae6ac99932fe7ac019a26e31377b152ef750d,6900
digital_events/year=2025/month=11/day=09/digital_events_20251109.csv,3902871,e6b24f4a383c38f37e26be7cd37043958ad14f94a9e1eb6766a63afc62674d88,16255
digital_events/year=2025/month=11/day=10/digital_events_20251110.csv,4262884,e026924f11c0387cebe1eae1e9cf461e55e8c38821e9e4cee9cffa94001e9797,17690
digital_events/year=2025/month=11/day=11/digital_events_20251111.csv,2730199,421c57b256e4a5801c1425b0faf905d1b15b1111cefb1c2e341d1b1dc1e9babc,11341
digital_events/year=2025/month=11/day=12/digital_events_20251112.csv,4000965,a97dbddf09b30a02eb0a867dca96d9105c0effb254e3abca9eba1ebbda179188,16611
digital_events/year=2025/month=11/day=13/digital_events_20251113.csv,6990052,5d55ea0835e849cd820efdedfec44c1a3003b53b465bad13eb47b9e5a7dff6c1,29055
digital_events/year=2025/month=11/day=14/digital_events_20251114.csv,2552485,db72de5584520e0140519664b24ab496bb723b9a3da44f5faaeac4fd030073b3,10608
digital_events/year=2025/month=11/day=15/digital_events_20251115.csv,1510086,e297122ac66f568705519dde10c05e5bcc6515d0caba5895a88e545d8e648012,6268
digital_events/year=2025/month=11/day=16/digital_events_20251116.csv,2759447,71faa4801d34f17b6b50f5c14a2006827b2d3a28d891021debf36cc5c50be66c,11484
digital_events/year=2025/month=11/day=17/digital_events_20251117.csv,2472166,6196a7dd0e6788b6b915514935c3cccddd5611da0070c39f57fb6e765e020391,10260
digital_events/year=2025/month=11/day=18/digital_events_20251118.csv,5217413,f74f38c44eec4435178d8b06232806c29b6159935766fbac544d59a099494f63,21680
digital_events/year=2025/month=11/day=19/digital_events_20251119.csv,3548326,1cde81a5cae453e59454890ac65c9dbb0bf91b14d48fce5cdd61fbb9e9758069,14747
digital_events/year=2025/month=11/day=20/digital_events_20251120.csv,7462600,2113a639e0d7bb574e56bf3a1b9d326549ff32d37391cfce6d4bfa6a24522df9,30987
digital_events/year=2025/month=11/day=21/digital_events_20251121.csv,7159262,3838db9446f136c3dd284ec31e2488263872a0602e825d903fcd08e01511f79a,29748
digital_events/year=2025/month=11/day=22/digital_events_20251122.csv,2364675,3c70d60b7a813fba9aaf4d69594fa06278667241d1c51bfa9f37aa2a590c7b8e,9842
digital_events/year=2025/month=11/day=23/digital_events_20251123.csv,2726396,9a83132193f3f818ea578c30346e2f1bad931a684a91c293464e9d01a9638353,11323
digital_events/year=2025/month=11/day=24/digital_events_20251124.csv,2361592,21eb9206c79377711ec75cdcc3fce153a3218417e6f82cd2aaf4fb8afe34dfd5,9849
digital_events/year=2025/month=11/day=25/digital_events_20251125.csv,2785973,bd5f76562c94ba7fb9063f2093ee871d57eab60dd0de7c5a7c9721e29fb4b12a,11594
digital_events/year=2025/month=11/day=26/digital_events_20251126.csv,4031140,9e11de70c0755495947056483f8b51afa2576cd0f051226848ef8b497a4fe0a2,16784
digital_events/year=2025/month=11/day=27/digital_events_20251127.csv,2441544,7d8888ebe60c4294ab021a0dc161e9c1dd833a6139e4aef20717be269a6752b8,10158
digital_events/year=2025/month=11/day=28/digital_events_20251128.csv,2536905,e28c2452664631a3b766dcaef2c4f5062bb798d67c5e5a28737c7203c812afe8,10511
digital_events/year=2025/month=11/day=29/digital_events_20251129.csv,1829079,dfcb515dce86a6ed54f8335f70975a969749251a103ba50ee497a0fc7320ec94,7627
digital_events/year=2025/month=11/day=30/digital_events_20251130.csv,1937842,688a3fac4a6a811f49422e76e0b087236b410cd9ec3be4bc9e7840e326f3f931,8046
digital_events/year=2025/month=12/day=01/digital_events_20251201.csv,2046163,4c34bae20199ddb2f284c81a1b2d5f5e18352b1afd6a87f7b7d7e37ea6d31a78,8521
digital_events/year=2025/month=12/day=02/digital_events_20251202.csv,3934475,889b2ef5e19e8e7efe93047b43f7f617f6891721799d4dd317cb45151aade3d6,16373
digital_events/year=2025/month=12/day=03/digital_events_20251203.csv,2219545,6224eb7e7135c5ff58f68ced07e94649dba35cf1ec710ad804fd2d6de29242dc,9233
digital_events/year=2025/month=12/day=04/digital_events_20251204.csv,2773395,36ee32d02fae0cdbb09f54ed0b90a51dde41c655eaa11c154e5e20b6f0ccd59f,11536
digital_events/year=2025/month=12/day=05/digital_events_20251205.csv,5387121,87a025ebbfd359ad3fbc9cf97eecc97f23f1226d43e80e794651a4de43de2ac0,22411
digital_events/year=2025/month=12/day=06/digital_events_20251206.csv,2247814,aa125518e87c8f0178fe3281fbfd58f4e7fe751f184a214f16b89268c35193f3,9345
digital_events/year=2025/month=12/day=07/digital_events_20251207.csv,1985556,c552a272849bb88ece50bb40de84c6af2be20429ad06a8c9bd7b01d895f8b411,8268
digital_events/year=2025/month=12/day=08/digital_events_20251208.csv,7266535,d01521818a9a45b64d0c45fbdc082601ff8822af5a5bf6f2e3f300f8c5064384,30203
digital_events/year=2025/month=12/day=09/digital_events_20251209.csv,2049750,01d68820c746361aabd9dfc8c1792c27643668429f09d99954a8d8a6523c1c01,8520
digital_events/year=2025/month=12/day=10/digital_events_20251210.csv,4058138,7dd3c7aeb74936928dbad1721d7d89cf1da25f5b8fa9a2384d5a1046d253de37,16875
digital_events/year=2025/month=12/day=11/digital_events_20251211.csv,7426587,c12e7366ee673f0fd5269b0286e46cd03aabd96498a1bf156ca35a8ed810baff,30925
digital_events/year=2025/month=12/day=12/digital_events_20251212.csv,3502194,9a83ba312185a07221dac95a9c082027d23e70f5e7002190ff5997407b6d004c,14580
digital_events/year=2025/month=12/day=13/digital_events_20251213.csv,1551363,637ec18fe3777065ab0e6898059bc99615959003d185418d4665d8058b69248c,6463
digital_events/year=2025/month=12/day=14/digital_events_20251214.csv,1914246,39ae2e666ef01f878d491a9f25780df3bd6b6fc70db1d149e437bdd438d2368e,7973
digital_events/year=2025/month=12/day=15/digital_events_20251215.csv,7246484,3e7d7235801dccf5c6ebc9f44ccf38cfd3e565ff927dfd483d1307fb10546701,30138
digital_events/year=2025/month=12/day=16/digital_events_20251216.csv,2462192,439e7cea75a95916e02fcaceb35834056cd2c3d6ab89f6ba9e61284f29cb27dd,10240
digital_events/year=2025/month=12/day=17/digital_events_20251217.csv,3401803,1968fd61ce8daf424615f1c35bec16c65c1deafb4e616d9b4ecccb7e30f1f31a,14140
digital_events/year=2025/month=12/day=18/digital_events_20251218.csv,5141643,237b59a45f320df42a69be3ed8b782bc59a1caeac003ac67460fd4f476d0b222,21382
digital_events/year=2025/month=12/day=19/digital_events_20251219.csv,3031432,73c14f20da17cd88ba5afd1b80709f3bda28aab9e0a6b3f3665226189b21347f,12600
digital_events/year=2025/month=12/day=20/digital_events_20251220.csv,1676826,f8447146024d7de65e106f06f9046d5c67e54bc2e39cca2cc6ae01ee4880663b,6974
digital_events/year=2025/month=12/day=21/digital_events_20251221.csv,2547389,6dc8a2c28ff9d98189ecb35dffd5eb2808a0d99dcdd99132051371bc82045688,10601
digital_events/year=2025/month=12/day=22/digital_events_20251222.csv,3340084,3a735f59b5f9e2d8ea0c4e05e039c70e947a6aefc5bbfa30a192af63a3f40916,13896
digital_events/year=2025/month=12/day=23/digital_events_20251223.csv,2849030,fd8f13ac0f13649a9d4eac2bf20822544921436767fdc0c0f0d4c56212750275,11838
digital_events/year=2025/month=12/day=24/digital_events_20251224.csv,2915960,4006cda7ff34b45635861fe1bfabac454d5d03e5bce1097b9d033d89aa5c66fc,12113
digital_events/year=2025/month=12/day=25/digital_events_20251225.csv,5394949,7852ef7482bcc45595a4f6501956ecd0f02c9dea5e399a6813fddd4e0d545a40,22449
digital_events/year=2025/month=12/day=26/digital_events_20251226.csv,3070098,1447cd9fd64635d66e51edf81c86ac3ca619a524ae4596ec9c2487f1981a093a,12772
digital_events/year=2025/month=12/day=27/digital_events_20251227.csv,1716173,7d5874c7f11ba68a6caf4bc014cb9879ac1fd480b1f0e9a284f8378b854283d4,7123
digital_events/year=2025/month=12/day=28/digital_events_20251228.csv,1345473,45e1aa25535fe1e4f46d219009ea7545e56dd9a4ea21a0016d05ded4d58f0d58,5598
digital_events/year=2025/month=12/day=29/digital_events_20251229.csv,2847181,5ef162ef16cdd21333a9169da2fee014c1c89cac53d0cba58014d1857938711d,11865
digital_events/year=2025/month=12/day=30/digital_events_20251230.csv,2406732,13833aa1581ac32759bd5fc680433ed8cd849791b53279118a57cf67beb06dd9,9995
digital_events/year=2025/month=12/day=31/digital_events_20251231.csv,2524541,25ac9d94c956f0a37cb54d83544b14a74013f5bfa520c8b47fc408aa338a6e59,10494
digital_events/year=2026/month=01/day=01/digital_events_20260101.csv,6781129,263dbde975d8b83384a7fe9a0d58e13b83e4c498e70ac88a25ca80faed6229df,28142
digital_events/year=2026/month=01/day=02/digital_events_20260102.csv,4174514,04d63999fa62f13011cfe4d592e61b1f15ce85ae02bd227d8ee948e7034623dd,17374
digital_events/year=2026/month=01/day=03/digital_events_20260103.csv,2164372,a2080d42c7ac584f6184de8fce591e6e8e517d954a827961417db453ea4ab7f9,9010
digital_events/year=2026/month=01/day=04/digital_events_20260104.csv,2900758,db1a11e4e7e0449de93edb900dbcd0bbbde7ca60392e8ae3584d3d008f742626,12067
digital_events/year=2026/month=01/day=05/digital_events_20260105.csv,4148982,169c6c01b9ed432b0ce2e7ce83e777f9bef727621c5961f927f1d8fcf62fa8d7,17235
digital_events/year=2026/month=01/day=06/digital_events_20260106.csv,4699504,7a06549c5fcfd7d304d7073d26f15fbc34ea5f4f4f87aa6af1c1a58a5c893d1f,19515
digital_events/year=2026/month=01/day=07/digital_events_20260107.csv,2359423,32be0fcec5e9bee0c33604c14d65861ac0c073320b7f2f89c9daf8a109f51a38,9796
digital_events/year=2026/month=01/day=08/digital_events_20260108.csv,3623100,d30c315e6f66396b6968d368aa398ff3edaa3d879f5217e830c27f878aca29a9,15053
digital_events/year=2026/month=01/day=09/digital_events_20260109.csv,3451751,db382f5ec0bfd169ddf9a0aaceba2e7f1d062a2027792ad23c68b9e2df21eff5,14329
digital_events/year=2026/month=01/day=10/digital_events_20260110.csv,3936273,0ae2b04d63aeb212273efd0ff843f5a9ba3efd03e8feb2e03464a5418d4b9dc4,16381
digital_events/year=2026/month=01/day=11/digital_events_20260111.csv,2653742,fb5debd1208e8710cb6bf404d7dc1ad6ee8045f047b78111986086d5c1ce40b2,11049
digital_events/year=2026/month=01/day=12/digital_events_20260112.csv,7083391,7a32282ee900291695fc96e7306e561e29cb14832644c96b7c41ef3cdba51eb7,29489
digital_events/year=2026/month=01/day=13/digital_events_20260113.csv,7039228,c49767df05a71699b12feb5d2f31c58b3e374d47430094885cfe62b2f34e0b9f,29236
digital_events/year=2026/month=01/day=14/digital_events_20260114.csv,2642349,f4a4e039627deb83c219b635338e6b438e2f28c33096203fb1253dae541f3b7d,11002
digital_events/year=2026/month=01/day=15/digital_events_20260115.csv,5566811,76e174cff1607290ae499399307bafcc39809689a2f070a6f4d7747e82a96a83,23172
digital_events/year=2026/month=01/day=16/digital_events_20260116.csv,2741360,8605945c22ed9c63abffeca79e63657d466bc83f9f7837de222820ff10c345bf,11388
digital_events/year=2026/month=01/day=17/digital_events_20260117.csv,3284732,2eec5d3652603449df757440a33ed2fc34589f3da72b1cf9223f135f5f4b1b5f,13660
digital_events/year=2026/month=01/day=18/digital_events_20260118.csv,1486277,8b0f68279a0aeb9dba9c05112c54ba61ab19f5f9978ac4f7346520ca7b8fd46b,6178
digital_events/year=2026/month=01/day=19/digital_events_20260119.csv,6149464,52727f55e4a9dadbea0182239b3b9598cd5b8bb472474b6dd459eb4b46861924,25558
digital_events/year=2026/month=01/day=20/digital_events_20260120.csv,6176238,7cd33b1dd1f4678678e214e26ba2a2731fb332aca64db9d8d609cd1da5553020,25706
digital_events/year=2026/month=01/day=21/digital_events_20260121.csv,2953623,28a9481d1c8638ebd65b36cfea1ff8db1b721ad79ef0a39ad59c9ccfab898e13,12263
digital_events/year=2026/month=01/day=22/digital_events_20260122.csv,2297589,b36e479f576e61128ad83fb800229ba7c654923fc4239a1adbaf038d247334ed,9570
digital_events/year=2026/month=01/day=23/digital_events_20260123.csv,7176666,77166bc77d077b3a73b846a4fc9732394684ef0fe52ca492e420210c8c6e8211,29873
digital_events/year=2026/month=01/day=24/digital_events_20260124.csv,1705478,8eced2660da82fdb30a8d12e374192726f887f68d628db214838979ff7d2eb7f,7077
digital_events/year=2026/month=01/day=25/digital_events_20260125.csv,1810950,cde6a8ae8117c5f703c94c6b182e8672762bdf655a3cb27aa0208316afe7827c,7527
digital_events/year=2026/month=01/day=26/digital_events_20260126.csv,4592840,ac5c6bbe0c334eabff501ea4983f910755cc9866b1f33f2f0b43ea8a1ee68eaa,19067
digital_events/year=2026/month=01/day=27/digital_events_20260127.csv,3273311,527129e1d7747fd76fc51ba9e2ee89880e5c8d6064f37dadc5f0f4af9677b15b,13611
digital_events/year=2026/month=01/day=28/digital_events_20260128.csv,4501277,29b4b5bb73f7be9fd35d4db0c1d80cf21420c201b476cc0a47a0c2f2a5f82af2,18760
digital_events/year=2026/month=01/day=29/digital_events_20260129.csv,3934660,0c628ab5873103a41ebffb4cfe992ac7bd7ff6ca6e62f628b9162779fb37fbfa,16374
digital_events/year=2026/month=01/day=30/digital_events_20260130.csv,6670682,030b5bbaa9def93457fdd485404bd7ef72157a7be790f45cfdd209985b4de3e9,27725
digital_events/year=2026/month=01/day=31/digital_events_20260131.csv,1974810,78a28d975a45dd045d208d8582b85f657403a89ad6a5c7b78ddfc82af17c60fa,8207
digital_events/year=2026/month=02/day=01/digital_events_20260201.csv,3113809,7d357f82dd992e5ce79d552356da3d69650e4a4ff95b69f1080ad252821773d5,12969
digital_events/year=2026/month=02/day=02/digital_events_20260202.csv,4067120,f8fd9bf56b3da98c50641b3ad6e2caace3f91d45b7dec15fd9686744c124e165,16915
digital_events/year=2026/month=02/day=03/digital_events_20260203.csv,5175090,cce3b8bff1ba1c55fec209deb8cb23c73a22c5c7f2a6cb5cba308d310c27d0fb,21538
digital_events/year=2026/month=02/day=04/digital_events_20260204.csv,3029845,8a443fd0ac0ee4e704d89519bd182bcb99a2d3116b8c7869b9c62f0a0428471b,12595
digital_events/year=2026/month=02/day=05/digital_events_20260205.csv,3321077,eff84f466e40eec284caa6e92cc32cda166d69b107ebce481c6b20d343cf0ec6,13805
digital_events/year=2026/month=02/day=06/digital_events_20260206.csv,5382514,f794ce0036cae6c5d2133da6eb8da589a0150c76e7ae924aeff39c2225b218c0,22413
digital_events/year=2026/month=02/day=07/digital_events_20260207.csv,1969730,5263ae4cc0f266688c3a91158afad11cb9950030dc9b57bf0dc33ffa20494a02,8190
digital_events/year=2026/month=02/day=08/digital_events_20260208.csv,3445685,127f27eb492da70d3c340c0b4c098fdc833ac66115fb555b9aed5139d0a5f96d,14313
digital_events/year=2026/month=02/day=09/digital_events_20260209.csv,3096763,8161fbc98f6833b2b093cb067947bdc10470feece50d8da536a0be4d446001e0,12877
digital_events/year=2026/month=02/day=10/digital_events_20260210.csv,6605940,9551db28c6df50f75a92eca9f25bc45fbe7653b5d7731c07868754583dd873ef,27409
digital_events/year=2026/month=02/day=11/digital_events_20260211.csv,6564613,42b86fb1fbe8d4c6bbd4387eaa9fb1ed165413aa1b20c65997d4dffb64ec72ba,27285
digital_events/year=2026/month=02/day=12/digital_events_20260212.csv,3227763,9e95df5d17dfb50c6156a3bd256044e387b6d41a87291a337bcdc113c4c7d4a4,13414
digital_events/year=2026/month=02/day=13/digital_events_20260213.csv,3353450,9f8ccd56a848d7069cc6a5705c94fc8323e09eca9e69f5e823178989a03888cf,13917
digital_events/year=2026/month=02/day=14/digital_events_20260214.csv,3044514,51d8636c26471f4f8cdf6b0b453ebb0ec43cb520ca40428c48ec93d858e4df43,12657
digital_events/year=2026/month=02/day=15/digital_events_20260215.csv,2532011,58b521c42808281e4f144767a1f24547ab1b6b66cbd3ba218a536bf9170a8ab5,10524
digital_events/year=2026/month=02/day=16/digital_events_20260216.csv,3524539,89743b9ff9883b4302749f796798f6a4021f0f229818c82e165bb96d91b57820,14666
digital_events/year=2026/month=02/day=17/digital_events_20260217.csv,2816723,61421edb4bc6a6d4e0b79ead1d53d9e55b186da3ec035b0ff1819a69ee630788,11709
digital_events/year=2026/month=02/day=18/digital_events_20260218.csv,6813497,4bab1ef71c01bb2da5e3c887e7af73976823b876b9140180435c467e71acad47,28321
digital_events/year=2026/month=02/day=19/digital_events_20260219.csv,4305317,58d92352fba6629c586cf6ddd79d6ab0cc108a383efd377a1571eeeb19553b45,17890
digital_events/year=2026/month=02/day=20/digital_events_20260220.csv,2776675,83e1ea8a868c14267d0814f96756df553fc6022bb657c02f064d94e08663cfbb,11535
digital_events/year=2026/month=02/day=21/digital_events_20260221.csv,1688919,3d86816b3548f4322ca046c89dc0b434be7bbf742720b4e8fb7b48abe05e787a,7021
digital_events/year=2026/month=02/day=22/digital_events_20260222.csv,1854482,071da0726cc967bd3ce4a438be5638c1f09bbaee9cda89d68912ed9c791ca6a9,7703
digital_events/year=2026/month=02/day=23/digital_events_20260223.csv,2203007,7467d0f851c79cccfe16a88ff4e051c837c06891aa566209f6531ff2e4604f7b,9173
digital_events/year=2026/month=02/day=24/digital_events_20260224.csv,2354937,e638d51cd5d9a82b4660b52b3b23ac6c803ea1c36988971a3436b712d6c1b98a,9779
digital_events/year=2026/month=02/day=25/digital_events_20260225.csv,3114446,f1f09e4332d324fb96abc2104ef6a5634ff179ebe82222fd55c4ec9fe0145e99,12945
digital_events/year=2026/month=02/day=26/digital_events_20260226.csv,4440383,d0209567a55be8d43c4d17eda6971c370358e2276019dc715e221580a7374994,18473
digital_events/year=2026/month=02/day=27/digital_events_20260227.csv,3875790,d88d86f6127621318efd819e7d2e2839dc76f53d3b944444f1ee20962325899f,16112
digital_events/year=2026/month=02/day=28/digital_events_20260228.csv,1316202,a4298b7d13f89d46f6ec2ddade7709126b01408d4af8a7a47f0870703396750a,5463
digital_events/year=2026/month=03/day=01/digital_events_20260301.csv,2498804,ae0fdc2392034179252736fc8470420b38d453cf5895336365e88cb1cea69a03,10397
digital_events/year=2026/month=03/day=02/digital_events_20260302.csv,3391023,ffee435b9b5f1f7e20c3148a0be2f98040b13ec91e0b722d063cbcb9f805872a,14102
digital_events/year=2026/month=03/day=03/digital_events_20260303.csv,3671962,de9b257245dc09d4ae07e4e29a777ff84587e79d714f0c3deb05a6197154c1bd,15213
digital_events/year=2026/month=03/day=04/digital_events_20260304.csv,7045822,aa9c2379d21f68fafa5c9e6e26c2bf33fe25c14b2318a354b21cf9d1844fa3a2,29331
digital_events/year=2026/month=03/day=05/digital_events_20260305.csv,5030217,09469d07576c6384f2057e81e437ed629ab7f22cd7220886d06185d580c61d8d,20872
digital_events/year=2026/month=03/day=06/digital_events_20260306.csv,3762597,329652d5e1b61923c0c09f8209e523fe7975c617c45fac408904a569fd49ffb4,15616
digital_events/year=2026/month=03/day=07/digital_events_20260307.csv,1356281,0a7e7e3e1fa4265ff5607be9307c7148bb1c8e20a016a2d451031064e8232e49,5635
digital_events/year=2026/month=03/day=08/digital_events_20260308.csv,1629386,f0c67bd521bbba571100172d0a00309d579dc07ecec7d01ed2fdfb992a53e17e,6793
digital_events/year=2026/month=03/day=09/digital_events_20260309.csv,5492209,2dfec0c61cb136488520a896352a0a5371feb811419821decce29438350d77fe,22813
digital_events/year=2026/month=03/day=10/digital_events_20260310.csv,4502828,9bfea84fba3be609c573fe3b11fd676fd302c15661c0a660615d467d54a9b498,18719
digital_events/year=2026/month=03/day=11/digital_events_20260311.csv,5917176,1a11d3ec9221cdbf579c2896c47ac0692b8a229abcc3e44330a69360f938c574,24576
digital_events/year=2026/month=03/day=12/digital_events_20260312.csv,2907519,c93e80ac7092fb87814eb8d2bdd3e11118e119de572ae934a90203489f5b325a,12110
digital_events/year=2026/month=03/day=13/digital_events_20260313.csv,3501740,3971234437f1e10237a7c19cc4dbebe4cfabe3bc27d3807b6dfc76c2a91523e8,14540
digital_events/year=2026/month=03/day=14/digital_events_20260314.csv,2491249,dfce40470410922aeb21f0b50db826aa1fc65801926dcf4cf0c824d379423b31,10343
digital_events/year=2026/month=03/day=15/digital_events_20260315.csv,5105020,efbe674691304f077a1132432032fb590dee22630853632ec8d68bb75bd5f862,21208
digital_events/year=2026/month=03/day=16/digital_events_20260316.csv,3569675,5eed08f88732203d0f9256b47e6a34a3b76c385903301650228cb97f11fa38f1,14886
digital_events/year=2026/month=03/day=17/digital_events_20260317.csv,3270958,8213c18035c8051ee3da7b91feb9406ca9f346dcc5222b3681c86a605e3f9841,13599
digital_events/year=2026/month=03/day=18/digital_events_20260318.csv,2752501,f0cc31147122ef8b713a2e1bea45c216f426443c58dacb20660a2d5e4f0fc28a,11424
digital_events/year=2026/month=03/day=19/digital_events_20260319.csv,2108863,22a81b360317d3c520f56fe32e411603fb8c7f09b69e49eb4ec0ff7124a9100f,8772
digital_events/year=2026/month=03/day=20/digital_events_20260320.csv,2552783,9d79a8ea7827d1e6cee89bef9d4096fc8665f685cf516a0ebf0783774bc37fbc,10620
digital_events/year=2026/month=03/day=21/digital_events_20260321.csv,3637672,879db828a6f5118987a2afaa9d89696e24bd3afda1cf9f5129d7118ec3533ae8,15102
digital_events/year=2026/month=03/day=22/digital_events_20260322.csv,2100730,2d9899843e48313dfd8aff23ff1477120debfd17248dbea2c6e5ca632de5fc07,8712
digital_events/year=2026/month=03/day=23/digital_events_20260323.csv,3446250,a2e11b8c89a8beaca36cb9c81b7e2523f396b433f1cb76d2f6cda0b4f0f62586,14324
digital_events/year=2026/month=03/day=24/digital_events_20260324.csv,2139990,b4e80f7b117446b01a5b00b00acba2b01c9af9381323d848f7f03f0aa67e6b61,8902
digital_events/year=2026/month=03/day=25/digital_events_20260325.csv,2617785,370a09ad3abfe4e4b3f465bfb6c9c45d28aa2d241ba1b3787165077d45814667,10846
digital_events/year=2026/month=03/day=26/digital_events_20260326.csv,2906665,1ece8f382da126809c0aa973adb873466751b555dd2db5bfa33ad3feacb13feb,12076
digital_events/year=2026/month=03/day=27/digital_events_20260327.csv,3459958,9f84301af67e161e31067b5d87083495c2724b40d09765deaec66f2b4b6e67f5,14386
digital_events/year=2026/month=03/day=28/digital_events_20260328.csv,1729294,0a8f00f6e97bcc07ab2c37830d8bffc72d3238a77559197d7a46dafa5b049996,7190
digital_events/year=2026/month=03/day=29/digital_events_20260329.csv,2025869,cf460572df0a79680f2703d5fa66ff776dd0f791fc7683a71c629fb609fbb888,8409
digital_events/year=2026/month=03/day=30/digital_events_20260330.csv,2304745,f08c69c07a70c796a168a367db402f3c5306fe9c2d9b5bd50e2257046fb13507,9584
digital_events/year=2026/month=03/day=31/digital_events_20260331.csv,5434462,9460ccd3a1701ae985ee9d1b56f0ecbbd6376dd4131549ee6b3efa40769f55de,22546
digital_events/year=2026/month=04/day=01/digital_events_20260401.csv,2457734,039e506c68f48c45774f8482a3bb2e0e518d1fe02686b3cc6cb284469128bb1f,10202
digital_events/year=2026/month=04/day=02/digital_events_20260402.csv,3905914,f933dde7b680377e5138f527cbe60fca07002a9f2326b7182659c1682319468a,16232
digital_events/year=2026/month=04/day=03/digital_events_20260403.csv,2429945,6d440ae745d9ece45a9f26d132764014eaf012d0e59a9bf568b03f25a4ef710a,10104
digital_events/year=2026/month=04/day=04/digital_events_20260404.csv,1640533,c0a72b8654e2fb996ea7d3720fec712e24e0c290698ac3896f38c59cfdbca017,6805
digital_events/year=2026/month=04/day=05/digital_events_20260405.csv,1550897,ad95f7f932e038bd9150ce89c2119cee81e06831597dad95f9a0379d32438bca,6486
digital_events/year=2026/month=04/day=06/digital_events_20260406.csv,4490663,5bf375823a8a1c2519c1aaa18102c2e35d6488e40405ed8119795c27923413d8,18706
digital_events/year=2026/month=04/day=07/digital_events_20260407.csv,2488199,4fe50372807054392af2483ed57a90e1def764fdc384a83f47abe7dcdc3ed902,10356
digital_events/year=2026/month=04/day=08/digital_events_20260408.csv,5351832,56695b442e2f8b73f5efe606b7c8933b5a5b70dda57baa381939c0d0d1cc2a78,22233
digital_events/year=2026/month=04/day=09/digital_events_20260409.csv,3144288,713b5bbbdd1029891ad01fffffbf668360c86186a5edbd1019af835e52636bcb,13088
digital_events/year=2026/month=04/day=10/digital_events_20260410.csv,5453103,e5fe751f3f3a5c952777439e5682bca8e3be8ce5be8cb8e003ec0e3454862324,22716
digital_events/year=2026/month=04/day=11/digital_events_20260411.csv,3175413,fafb507abf7225614152d4520ac40467af746afe26a89e6616050b1570f1fc3e,13205
digital_events/year=2026/month=04/day=12/digital_events_20260412.csv,2515491,2a1cf6f293e7be819759fd84a9ba4196262b4bfc9ed30846b9c29d47f00ca288,10479
digital_events/year=2026/month=04/day=13/digital_events_20260413.csv,2477516,62ce7aa84aeb3dfe8e405bdd5af9eb80962014a7c165bcb10ed28b69f2cb7697,10287
digital_events/year=2026/month=04/day=14/digital_events_20260414.csv,7096722,08a2b2d38790605dfc011126aaaf87c1fc4a3b18f498c0319972ce5eff3fc4f3,29453
digital_events/year=2026/month=04/day=15/digital_events_20260415.csv,4486061,b5c84ebe53287be294bfbb73c678050eddff9ca05feb1103734e4cd1dda607ed,18660
digital_events/year=2026/month=04/day=16/digital_events_20260416.csv,3543592,cba0c707e0dbde331aa9a193b7bb5e6cceb1d8d59a3231292954e31f5dc8a674,14766
digital_events/year=2026/month=04/day=17/digital_events_20260417.csv,4413995,67ff56b37c09ab0264c9ddde7f1770ae961e4bce5b991355765a682e245a3c47,18387
digital_events/year=2026/month=04/day=18/digital_events_20260418.csv,2988308,aa5d389b44076d076c737d207b96ce8bb39b0a20342de79d5ff47844eab3b56f,12426
digital_events/year=2026/month=04/day=19/digital_events_20260419.csv,1680023,ad808f10e940330e26e09a0f03f29ac4d52f3eca90a240411ab7587b7ec344bc,6989
digital_events/year=2026/month=04/day=20/digital_events_20260420.csv,3815398,f43c0fb91ba2bf263437903ad29e25bf4d0c2429d9312b52d83bdddde411e3b3,15856
digital_events/year=2026/month=04/day=21/digital_events_20260421.csv,4252842,098e9adbe782666e39fe7bd172f2a6ba867bd731624fdcb7f823a2c8e5a25070,17679
digital_events/year=2026/month=04/day=22/digital_events_20260422.csv,3565482,562bc76a38d5f7b7a66aa4f5bf4be711abe16d05645fae0dcf15ebe6d4b7b463,14822
digital_events/year=2026/month=04/day=23/digital_events_20260423.csv,4287539,2d374268846628f1e231d8a1ee88c14bd160ff3ff143c8851f7b5e5d829dc860,17837
digital_events/year=2026/month=04/day=24/digital_events_20260424.csv,3628891,a7b5c0639262b92a423df755838814d4b1e0bfc1af540b5115fef2e95c6bc558,15070
digital_events/year=2026/month=04/day=25/digital_events_20260425.csv,3881074,2b803d747d5b728a75de0ed07f7f2cb680d5a1842625f2aa8b7013cc7197dc3e,16111
digital_events/year=2026/month=04/day=26/digital_events_20260426.csv,2320008,df6f261e92baf86fafb43d5093733160dadca6611c70aaf65034afc9cc7eecd2,9659
digital_events/year=2026/month=04/day=27/digital_events_20260427.csv,2240815,4321fae2099da22fb7fd8fcd599fb658a0017f5aca80f1017eb1cacc2cc9b143,9326
digital_events/year=2026/month=04/day=28/digital_events_20260428.csv,2907146,85524f340b10c2d441e814dfb33c1674f113dad4c4ca7e08b5f442fa1e197ecc,12121
digital_events/year=2026/month=04/day=29/digital_events_20260429.csv,2939872,867f1e58bd9be9b6e81a4aae04735f12278e34718ad7f5918e11f5ce3595e110,12230
digital_events/year=2026/month=04/day=30/digital_events_20260430.csv,3038323,24454ba091c0298c16a39a1ead9075c5fb211d1b49ecf5efed25a2c4221835a1,12611
digital_events/year=2026/month=05/day=01/digital_events_20260501.csv,2457399,510dd9f447f262c2045a04846fd6a5f256f783c49c8bfbb9b4e26c0649eaa6c0,10215
digital_events/year=2026/month=05/day=02/digital_events_20260502.csv,4825826,6f1c455adc3040facddbe0b65b60040c8ee495ac2517d029963907f2a87572fc,20053
digital_events/year=2026/month=05/day=03/digital_events_20260503.csv,1926650,a3549611a6e5300f9f85a44b9bfdc851005ff9c3d647ec62b1b352309817c37d,7999
digital_events/year=2026/month=05/day=04/digital_events_20260504.csv,2827297,4dba83c94da81aed511623ff5a83d2957b7f899d88b6cb52dd44b2474e36c860,11730
digital_events/year=2026/month=05/day=05/digital_events_20260505.csv,4267083,de707ae2f5fa2cf063d571e42c255061e09c84bfe0c138b6ed373f11d2d6139a,17746
digital_events/year=2026/month=05/day=06/digital_events_20260506.csv,7303290,1e12f5733d191fced57489c94ab2d89a2b5a5dd3cc8cc899e6f00e737848a59a,30368
digital_events/year=2026/month=05/day=07/digital_events_20260507.csv,4306733,a45f3305dae1582036624dd94cbf4f5bb3835f2de89c07a597e80e5f970e940c,17944
digital_events/year=2026/month=05/day=08/digital_events_20260508.csv,3360662,590003ed907bbec008182ddb27116721c021651a50db6700dd5b39676434d38f,13972
digital_events/year=2026/month=05/day=09/digital_events_20260509.csv,3724520,8a2f6657beda24c6f7f453561d47a8dc467eb41f9f661f5d99b171731cb0cb3e,15487
digital_events/year=2026/month=05/day=10/digital_events_20260510.csv,1840356,e4b3e83b382d8c2bb465289e6f3441c8fc41f27535e7bec43916af5ce131da3a,7667
digital_events/year=2026/month=05/day=11/digital_events_20260511.csv,2189180,2b423e2dfe6da9d6cd112340c593f826971a68dbb866a7b1ca40075fbfeb7287,9097
digital_events/year=2026/month=05/day=12/digital_events_20260512.csv,2832712,9dd40338a45e0879abccd147bf1edb0ad90d9fd5691bad9a4e7888e452d4c019,11758
digital_events/year=2026/month=05/day=13/digital_events_20260513.csv,3308056,776c9967c353386bc6e773990d7a30e4864139c49ab1315ec8ae7a66770a1468,13739
digital_events/year=2026/month=05/day=14/digital_events_20260514.csv,2823289,01a1c7245518b0bc61c66c93a7698928c97acb54d9b5389477449ee5d4a51411,11760
digital_events/year=2026/month=05/day=15/digital_events_20260515.csv,3119738,8af21c4385b27a9fe4848351328b758aafb21c76a1ae129b41e13b275f237679,12930
digital_events/year=2026/month=05/day=16/digital_events_20260516.csv,3825970,b8a707d7b616d45ab5e0cf994b5cb3cd777e8fe9c304d9f9e3dd863c59d3b26c,15900
digital_events/year=2026/month=05/day=17/digital_events_20260517.csv,3707386,855d4beebbdf7bd01391e35792bf9e82eecf05763d370f8a03cb5d3852db3076,15409
digital_events/year=2026/month=05/day=18/digital_events_20260518.csv,5708631,5ec9e06170b94a1249d7d07fa813cfb88d15e0d81ec2641e91863ab2235d8925,23656
digital_events/year=2026/month=05/day=19/digital_events_20260519.csv,3075950,55c73c5057dd2e9fad9631011eb6583db138c47d79be12ad502b5fb1b2210504,12795
digital_events/year=2026/month=05/day=20/digital_events_20260520.csv,2305499,70cc90209e9a104cc0d2dd9ed9f0c16c078b8c21f0e68e57db9f107010b64d27,9577
digital_events/year=2026/month=05/day=21/digital_events_20260521.csv,2794776,fe56a020c6a331cf1504e96a3ac2c10f29486fcef2e4de66e96e3eb04b33a620,11627
digital_events/year=2026/month=05/day=22/digital_events_20260522.csv,3160840,b5e6d86ee748c83e5778f60cdc2df7f448694af1353e0db882eb944489215921,13133
digital_events/year=2026/month=05/day=23/digital_events_20260523.csv,4769568,6b5736d6aebb0b566bb3c60755ce3981b1a1cf10f5de138e4724aa79041e55d0,19812
digital_events/year=2026/month=05/day=24/digital_events_20260524.csv,1518820,b57ed381cce2266a7bb1bcc54d79c8e1825fff1681ae0c56268595f024a9a4cc,6285
digital_events/year=2026/month=05/day=25/digital_events_20260525.csv,2681665,faa0ed427e795a3819c0264db0df42b31fcfb29a39b8fc395f0cd19fa638ad7e,11146
digital_events/year=2026/month=05/day=26/digital_events_20260526.csv,3328172,d19743f1a3f04282a54d6b14649faabdbc10f943100fe62a1157aad5042e6b48,13824
digital_events/year=2026/month=05/day=27/digital_events_20260527.csv,6268594,7c0c56c163ef3315aadf591565f340b3aad229545f13131eaa34216db70bed34,26071
digital_events/year=2026/month=05/day=28/digital_events_20260528.csv,2354265,d24ed3d5b1038e027a59aa20806fbfd4374c9cf034f9cc5afe73532c4d74f64d,9792
digital_events/year=2026/month=05/day=29/digital_events_20260529.csv,2064922,e018cb27d0bfad6623df6a3de341ca0464a9e3f539e917b913f51c62d8a973a7,8578
digital_events/year=2026/month=05/day=30/digital_events_20260530.csv,1675075,1532817a1bbdc5ab2607e7ec2c76312207209465097aa59e11ffe6f35a5c26f5,6958
digital_events/year=2026/month=05/day=31/digital_events_20260531.csv,1970495,2af348589ce85f0b0aceda8dec1f4bc1228c33b6524cd391ff82444b99bc188c,8221
digital_events/year=2026/month=06/day=01/digital_events_20260601.csv,2496148,dd8f4b2920a33f5f884c6fab9047cef16607f3cbf034825b92b9507d5c14bbdb,10359
digital_events/year=2026/month=06/day=02/digital_events_20260602.csv,2447823,35522d54c016f90cb02fcaf9c73e3e78790da47a2ccb58445ae1eb89f9f11f73,10181
digital_events/year=2026/month=06/day=03/digital_events_20260603.csv,4644113,1b2d25587eeb8d10dac09877c5911f7e54d0970b4712203f1ace40abe140551c,19301
digital_events/year=2026/month=06/day=04/digital_events_20260604.csv,3381096,e28428f98cd3056b3cbc06e6ab84fa89bca90b34221cd815dd2774ce9ccb1196,14033
digital_events/year=2026/month=06/day=05/digital_events_20260605.csv,2634572,6ff9f020ad95fc289850faac72f29d1b5a00a75243614a7bbd81669c07f53dce,10948
digital_events/year=2026/month=06/day=06/digital_events_20260606.csv,3365878,4a8fd228edd4188bea75e96a41acdb2d69ef0aa16bcb5054584d17fcea1a05c5,14021
digital_events/year=2026/month=06/day=07/digital_events_20260607.csv,2624343,3c10e9f922b3182c8ba05e56d41cc43b2d89e82f372b5d56d3988601bae6706f,10929
digital_events/year=2026/month=06/day=08/digital_events_20260608.csv,5946410,122a9b1ab93f52bd2ecaaa6b01ad234702b4345668da60dfb7c01206a3b676bd,24740
digital_events/year=2026/month=06/day=09/digital_events_20260609.csv,2189828,cea0ae84838caefa651829df1816104ec4369ef46cb245dceb12ae4756794c3c,9089
digital_events/year=2026/month=06/day=10/digital_events_20260610.csv,3767336,552d114486a1965e12fb746e0a8e3c12d4c5beed5103719127b7f28898d14078,15674
digital_events/year=2026/month=06/day=11/digital_events_20260611.csv,7012825,e2d1198b448e088d8317bb2568bfd90c1bf8c0f1a97b9cdf8040154a0d1dbf80,29173
digital_events/year=2026/month=06/day=12/digital_events_20260612.csv,7239395,dd17cf61e7d3cdad77d129a7046ab31a18745e5489818233054d8913d62123de,30094
digital_events/year=2026/month=06/day=13/digital_events_20260613.csv,1365497,1393e492145b9fec4a2c22ac6d3332e654860b134c9a97479df3db0cdb2dc1fe,5679
digital_events/year=2026/month=06/day=14/digital_events_20260614.csv,1550765,5d4d06b834f0b618f67c01c00908ce6f4c0854525ea4972f7557608152aff34c,6451
digital_events/year=2026/month=06/day=15/digital_events_20260615.csv,4978437,232b523e75844b3ccfd146acf5dcf8ba9689f2d02e5613224d6df8d70932c335,20676
digital_events/year=2026/month=06/day=16/digital_events_20260616.csv,2840203,ce8932185d1a6dd293b440e5ea6a1201bb9823b33f746060f2a7b4151356f9f7,11809
digital_events/year=2026/month=06/day=17/digital_events_20260617.csv,2119261,1cdbab255238293dd9319cb077a09d6119461ba8fdaed00c840d191b4a96a71e,8810
