arquivo,bytes,sha256,registros
satisfaction_surveys/year=2023/month=06/day=17/satisfaction_surveys_20230617.csv,26625,efabcafd80a370c9e3b850d93f2651428f21f5fcc1a830c9017918b981cf7799,119
satisfaction_surveys/year=2023/month=06/day=18/satisfaction_surveys_20230618.csv,26269,edcc0ab82a8ce69c38e35c488a23a26505a2444079d0c52773acd77e91516e0c,119
satisfaction_surveys/year=2023/month=06/day=19/satisfaction_surveys_20230619.csv,53944,814d49f77b449fb4ac69ae7689616dfca11cb42652c244bd2c7b347952aa3dd7,253
satisfaction_surveys/year=2023/month=06/day=20/satisfaction_surveys_20230620.csv,49207,6a99bde8f1fb8db5eb48ba501867c81f50da4526c8dd5ec317e3542b59ca265b,224
satisfaction_surveys/year=2023/month=06/day=21/satisfaction_surveys_20230621.csv,45919,ec553a39e0428dd0f090272cbf087298695e87acfae9b50214416a3d4307c8ea,212
satisfaction_surveys/year=2023/month=06/day=22/satisfaction_surveys_20230622.csv,42126,25771f2fc6e47c64ac96a392c58d9af842b5b0029e8966ba81941b31c10ac088,191
satisfaction_surveys/year=2023/month=06/day=23/satisfaction_surveys_20230623.csv,53131,87dea46a73825118a5097feb9f12790a99ef7b69838206166e1e07e335897b41,244
satisfaction_surveys/year=2023/month=06/day=24/satisfaction_surveys_20230624.csv,28841,435c426e933b9cf51016caab150800ad22c819c315b20475a7e83e6ed6bc116c,128
satisfaction_surveys/year=2023/month=06/day=25/satisfaction_surveys_20230625.csv,20263,19e1d55a016864bb47bd9f0a19db7f583852bd518c45f2c671c93bf54dfd0563,92
satisfaction_surveys/year=2023/month=06/day=26/satisfaction_surveys_20230626.csv,55849,cc8cb65cf18791e11cb66ebf3360064d9e2032db58dce64c18eea8412acf9e28,257
satisfaction_surveys/year=2023/month=06/day=27/satisfaction_surveys_20230627.csv,58241,22bd3aec821cb7525c54e8288ce46c1254fe7b449500efbd970f95a91ca29ab9,268
satisfaction_surveys/year=2023/month=06/day=28/satisfaction_surveys_20230628.csv,58854,7b06dfc0f496a8e0c816abd21cb9a2b3621800e76f1e4f013c492870c0de3003,270
satisfaction_surveys/year=2023/month=06/day=29/satisfaction_surveys_20230629.csv,56860,da8ae09dcf8d81b53ff16fdf8f7ea47a7a4c852cb76a135f298dce1ab22998e8,265
satisfaction_surveys/year=2023/month=06/day=30/satisfaction_surveys_20230630.csv,49239,752f71b38dc6d7de8ff0cfd0ab463837c9556d28794b6fdaae5475e0f3dce79e,227
satisfaction_surveys/year=2023/month=07/day=01/satisfaction_surveys_20230701.csv,23972,f17711e1ff710a7b7909c753f222ca12515fdebc90a887f37e55a9045af44186,109
satisfaction_surveys/year=2023/month=07/day=02/satisfaction_surveys_20230702.csv,26682,10e3e28f1e5911a210f00205a5c4869ae6cd205e0f9baa7376e3dcabce02ec46,120
satisfaction_surveys/year=2023/month=07/day=03/satisfaction_surveys_20230703.csv,53646,b5475b1ed9388c32e2e85eb29b763d65c6e85c7920b9f012c922937691fb570d,246
satisfaction_surveys/year=2023/month=07/day=04/satisfaction_surveys_20230704.csv,56255,509516aff4fde895ce3d07c532ec672907f1a9795897753795cf4eac676ee558,258
satisfaction_surveys/year=2023/month=07/day=05/satisfaction_surveys_20230705.csv,52804,d2b778fb4318d4eb3cf03a07cea27e3f61640999a588eb8e8c633c2321057668,242
satisfaction_surveys/year=2023/month=07/day=06/satisfaction_surveys_20230706.csv,57736,e3bf7bfc9291ea606f5bc81ece383b41b47cca9b7c57530a421ece7dfb31e2f8,268
satisfaction_surveys/year=2023/month=07/day=07/satisfaction_surveys_20230707.csv,49411,f7d797cf7667f35ac5963abd4dd764e1846498da3c5c7bb4551bbeee6db6cad4,228
satisfaction_surveys/year=2023/month=07/day=08/satisfaction_surveys_20230708.csv,26619,e836ad7d1e10cc006b2f9bed726efadd39ae6da24b68d3596f46c8c933d323ff,123
satisfaction_surveys/year=2023/month=07/day=09/satisfaction_surveys_20230709.csv,21642,9db893a412ab01282487fb13a39da730a8a052f8cf0ca6b623c5d06f7802abb8,96
satisfaction_surveys/year=2023/month=07/day=10/satisfaction_surveys_20230710.csv,49229,86155d49e7df143a34058a0bcc2fb561e84de6c98fca4ff507f6edf56f229480,225
satisfaction_surveys/year=2023/month=07/day=11/satisfaction_surveys_20230711.csv,58194,fdf92fc046588504ab25115aa5153606895874bce06c1f4e532681a075b3cb61,263
satisfaction_surveys/year=2023/month=07/day=12/satisfaction_surveys_20230712.csv,44436,3f3b586f9b47891dd2d85f0506d0a9384d5f95e4eb8912b1b67e7607702d4406,203
satisfaction_surveys/year=2023/month=07/day=13/satisfaction_surveys_20230713.csv,53272,793df63cd909ad8f300f888ef6ba8f72fb35486bb79237c00e1a46a7e1099e68,249
satisfaction_surveys/year=2023/month=07/day=14/satisfaction_surveys_20230714.csv,56075,53c9f9ef1f5d4b7cf5ae6ca83f6c5a9657e025cd8c8b760dac71bb39e9a95ab8,259
satisfaction_surveys/year=2023/month=07/day=15/satisfaction_surveys_20230715.csv,28125,45e6c2950b6ec8eb0d3a5bd502d0b632cbc5ec994ecb9c1ba0ef34870aa1915e,125
satisfaction_surveys/year=2023/month=07/day=16/satisfaction_surveys_20230716.csv,25269,80afab3117e23f245fbf5f6122fef28ba85eab934eda711ddacfe425dae8c182,116
satisfaction_surveys/year=2023/month=07/day=17/satisfaction_surveys_20230717.csv,48149,2a70209556f539672a6582a253984acd048bc2fae133ebc70911dacc7c312d2e,217
satisfaction_surveys/year=2023/month=07/day=18/satisfaction_surveys_20230718.csv,57847,40f3d14508f02cb8cf7967fa504498f91625d4178e7eb2d80947e824cc75498e,264
satisfaction_surveys/year=2023/month=07/day=19/satisfaction_surveys_20230719.csv,43203,7e60f7ccf3389e32e04696b0cc0db313cd6c55b864900c8f4c545b2d7e687a9d,203
satisfaction_surveys/year=2023/month=07/day=20/satisfaction_surveys_20230720.csv,49324,1f0bdf622a6f8241655d503aa2c2455e0d994ebf09796129d570d9449da54ca1,225
satisfaction_surveys/year=2023/month=07/day=21/satisfaction_surveys_20230721.csv,53625,e77058dac5a3924f51a346fb085f061a33f7f9256168e584bf18461ec3662538,247
satisfaction_surveys/year=2023/month=07/day=22/satisfaction_surveys_20230722.csv,26128,9532ee338496250464c68f837a56f92f337b2bd8596ad6b5315c6529f62ba707,119
satisfaction_surveys/year=2023/month=07/day=23/satisfaction_surveys_20230723.csv,20455,eb84692af8674da4678086f7ae41396eb23a9a7119b8e1a33cc25883a338807b,94
satisfaction_surveys/year=2023/month=07/day=24/satisfaction_surveys_20230724.csv,39283,15a6cd03f63d955b48c4d128123793b82ee2984444210abe2ff626c012facb30,184
satisfaction_surveys/year=2023/month=07/day=25/satisfaction_surveys_20230725.csv,48118,7a0fe779c393c6bc362f232d31cfd446299e151face0eb48219ebd114f21c856,221
satisfaction_surveys/year=2023/month=07/day=26/satisfaction_surveys_20230726.csv,57958,5866661db925ea562c1e45bbca8a2eaa6de7e443e6b32c134495ab7170d0bbeb,266
satisfaction_surveys/year=2023/month=07/day=27/satisfaction_surveys_20230727.csv,39005,2e9789440b6620f92a9b3914f45565f4d28d5909578069e7c9e985e9d01f7b51,181
satisfaction_surveys/year=2023/month=07/day=28/satisfaction_surveys_20230728.csv,45895,82cdf57e2f79b17f93249589c291bd7cee6b249411491ce9c8bf33a7f88bd53e,207
satisfaction_surveys/year=2023/month=07/day=29/satisfaction_surveys_20230729.csv,25406,d26f2608996af7617ea8dde39d27d97754a2ae6efdc036171a9b0ba48749d682,118
satisfaction_surveys/year=2023/month=07/day=30/satisfaction_surveys_20230730.csv,20460,996ac3a76b17bcfddb2c6d17546ab9593ac2b6a30ba2746e82f353c4e3eb0dc7,92
satisfaction_surveys/year=2023/month=07/day=31/satisfaction_surveys_20230731.csv,42480,53c8fe88215684c3b43b7719a62909ee51ae9e5e5a5e136f50e637c4d5217b85,196
satisfaction_surveys/year=2023/month=08/day=01/satisfaction_surveys_20230801.csv,56260,fa0702926a9c6683f84fabd424bd2934fa116ccbf78e239883a98cd6e4a58138,258
satisfaction_surveys/year=2023/month=08/day=02/satisfaction_surveys_20230802.csv,41187,babf0dd9a405991c783b9f96028bdc8872aa651af9b82b5591f6c2813296c3e9,188
satisfaction_surveys/year=2023/month=08/day=03/satisfaction_surveys_20230803.csv,55677,5728ab81b037c663a65f57096255cece7ee3a394835ebf90663af6db9c042e3b,256
satisfaction_surveys/year=2023/month=08/day=04/satisfaction_surveys_20230804.csv,39936,db02a4c1268d15365f0d56223171539cb6ca6b231d66bc951b624fa9ed7cad58,181
satisfaction_surveys/year=2023/month=08/day=05/satisfaction_surveys_20230805.csv,30315,8f99aa58f65ea939d49529135614258b9aa4c474786e9cadc73f8ec855cf75b5,135
satisfaction_surveys/year=2023/month=08/day=06/satisfaction_surveys_20230806.csv,28371,7463c19e6164cfa0a37b97f2397089a6be53bb12c77a9706ec8f00042ad01dcb,131
satisfaction_surveys/year=2023/month=08/day=07/satisfaction_surveys_20230807.csv,42493,6bc0a6886e5c7557dd19a9b33b99ce3ccfa8a826580050c5c558378a75b8150d,193
satisfaction_surveys/year=2023/month=08/day=08/satisfaction_surveys_20230808.csv,55269,a0fae6aece0f84c6098da2a0f42115e58283a7d9e1034f680fe64cfb8dbd8e54,252
satisfaction_surveys/year=2023/month=08/day=09/satisfaction_surveys_20230809.csv,40751,c661918ce248be878e6e9458a0e9c170bdd7c8fa0e18fdb371f0fd674098629f,186
satisfaction_surveys/year=2023/month=08/day=10/satisfaction_surveys_20230810.csv,47867,674eff073eaa64d6f9ae043cd8829df8ab641202b8d5655e8a9657b1ae92045e,220
satisfaction_surveys/year=2023/month=08/day=11/satisfaction_surveys_20230811.csv,52198,7416d686a2a486b3fbb46d237c2cb1f1c02f0434ec570d844245e3efdf960474,239
satisfaction_surveys/year=2023/month=08/day=12/satisfaction_surveys_20230812.csv,22951,bea5fbf3397a6eb425c0e956c235d4190afb163d2e6683860b7e06ffdbd35800,105
satisfaction_surveys/year=2023/month=08/day=13/satisfaction_surveys_20230813.csv,20925,d06f78cd68cb7da9ffcc7070549f7eaeb3d4ef38c2320d15c17031afe34a70be,97
satisfaction_surveys/year=2023/month=08/day=14/satisfaction_surveys_20230814.csv,46355,b47d3b5df09e42bc922e71f2d16286f58a02e05a54eff46588957778be765de2,213
satisfaction_surveys/year=2023/month=08/day=15/satisfaction_surveys_20230815.csv,52534,6d942bb77daf83d6406fee9866ad929bc0d8612dd616f363fe0e053bd7d5757b,245
satisfaction_surveys/year=2023/month=08/day=16/satisfaction_surveys_20230816.csv,42738,18cfc78c7d75809ba914921954b3a5b7795285dd765abcb45d1fc2e922c770e0,191
satisfaction_surveys/year=2023/month=08/day=17/satisfaction_surveys_20230817.csv,54994,1222723abb4a73654fc0b5b01d4f55d8627e8e904a70e6558b8168278ee30e53,255
satisfaction_surveys/year=2023/month=08/day=18/satisfaction_surveys_20230818.csv,58498,f82569f6de3211f7a2d2314e7c2543fc80957cfc82c1ae1b8e8fc1c127ace482,270
satisfaction_surveys/year=2023/month=08/day=19/satisfaction_surveys_20230819.csv,20552,b110c796f71fb6817c41c441d204892969bfea3227da10268609a62abd08e08f,92
satisfaction_surveys/year=2023/month=08/day=20/satisfaction_surveys_20230820.csv,19695,6dd7a64714a47f30925810abcc40c4bfddd1acd23b0de4683059000b5d3a09bd,92
satisfaction_surveys/year=2023/month=08/day=21/satisfaction_surveys_20230821.csv,52292,6311ff47fa66933f8f180a1d2bf7ef1cd6804c5af0273df80575a2891b1b9e85,237
satisfaction_surveys/year=2023/month=08/day=22/satisfaction_surveys_20230822.csv,45167,61bf1d67a5971a520d33d3ff3dc573fcf50a7eb664de0d0f7b9b3b927332b8e9,214
satisfaction_surveys/year=2023/month=08/day=23/satisfaction_surveys_20230823.csv,53761,31ad817af7ff4cdad4645917b16900c1f7fe3174b593cd15086c14653c5d59f1,245
satisfaction_surveys/year=2023/month=08/day=24/satisfaction_surveys_20230824.csv,57094,15a67d1f8437460b6abaeed81031faa3f3b7f919c7280ceebe23fb836f6988bb,268
satisfaction_surveys/year=2023/month=08/day=25/satisfaction_surveys_20230825.csv,43663,df20c89cb219db9c4d90eaab25b1e60b8a115c7e5c5d14f85228ba946d997df0,202
satisfaction_surveys/year=2023/month=08/day=26/satisfaction_surveys_20230826.csv,21221,bc0908aab0ba051ab5e06369e578e2f9c2790640722cda65c5297588968ba0bb,94
satisfaction_surveys/year=2023/month=08/day=27/satisfaction_surveys_20230827.csv,25006,d62dc1908a82f7e9b8619de152ea6e0062e21b14cbb990db083321a70885d1a8,120
satisfaction_surveys/year=2023/month=08/day=28/satisfaction_surveys_20230828.csv,53459,e31aa2bed3500ffbafde63f935b999796b2f178eb0cb2e3126b31eb5ed2eba00,242
satisfaction_surveys/year=2023/month=08/day=29/satisfaction_surveys_20230829.csv,49986,f55eb715c34b10855b239360e1ac7f1039a29295a16b8bd27c778b70c4d3fcf5,231
satisfaction_surveys/year=2023/month=08/day=30/satisfaction_surveys_20230830.csv,53213,166403dbd9e27d1e322eebb58e823b7343496bda5d1ba854010244af1699f138,246
satisfaction_surveys/year=2023/month=08/day=31/satisfaction_surveys_20230831.csv,48182,e5b9a21bf5b86c0cb7556bca9139441b0734c5f4ef5d0e4c44969be5fa0c5d3c,217
satisfaction_surveys/year=2023/month=09/day=01/satisfaction_surveys_20230901.csv,45177,0b9992d3396809100c30398642bdf41b53202df7300f7b2f5af8e1835a134ee9,208
satisfaction_surveys/year=2023/month=09/day=02/satisfaction_surveys_20230902.csv,22068,ae45493d6021df919d7ebbf0a85b44aecfa9ca6b0a1d3f7344a15d0f96527d73,100
satisfaction_surveys/year=2023/month=09/day=03/satisfaction_surveys_20230903.csv,23761,8de80a522980b340fe2ac3c637c09a82f088f0c8c12ecb086ae6ce7597dd12e8,110
satisfaction_surveys/year=2023/month=09/day=04/satisfaction_surveys_20230904.csv,43096,d70647494b6da4d8ea0e3c51dff26aefb58eae43eb49cd95bf0747b93532e7c8,199
satisfaction_surveys/year=2023/month=09/day=05/satisfaction_surveys_20230905.csv,51838,77bf629add8ddd49affa6fc2340ef63c6ad49274c6a7b7eada71c9b7695aa53b,247
satisfaction_surveys/year=2023/month=09/day=06/satisfaction_surveys_20230906.csv,58474,be9a3469c0a1cd4841737f5b19455d01e1cef247399161e9d5a7f8a0aa392a65,266
satisfaction_surveys/year=2023/month=09/day=07/satisfaction_surveys_20230907.csv,49044,43467e02be290455a09213be499d9f61eed45134d12dc66fc88103fcc97824c0,221
satisfaction_surveys/year=2023/month=09/day=08/satisfaction_surveys_20230908.csv,53706,13dc95198fbf02881571832210efedc0ee58fe289742d96a64bb650871832dd7,248
satisfaction_surveys/year=2023/month=09/day=09/satisfaction_surveys_20230909.csv,24230,ae06cd19190aa8ee448fc36856358d4736cc481f32a03ce93dbda267df03b965,111
satisfaction_surveys/year=2023/month=09/day=10/satisfaction_surveys_20230910.csv,22923,be7d6c768715cf8efb55be25ce0687d80ccf07784ddbdb5e885d31850bb0200f,105
satisfaction_surveys/year=2023/month=09/day=11/satisfaction_surveys_20230911.csv,41188,123101ef548344b85610c4c47edfe5913d3ebf9ea8cd9e1eaca4fad65784ef52,190
satisfaction_surveys/year=2023/month=09/day=12/satisfaction_surveys_20230912.csv,47913,fd08cc10a726e4e9712c755cf278724f22a3c0363e86f9c21dd362c5d091f225,224
satisfaction_surveys/year=2023/month=09/day=13/satisfaction_surveys_20230913.csv,49670,bf12e149101cfe78e6c38f56401258e0ba208f70ccd7c6514f23a95bd0e6ca99,222
satisfaction_surveys/year=2023/month=09/day=14/satisfaction_surveys_20230914.csv,40918,a767663bc7d9bcfc2abf986f1baffe26b1273372b14398c684ae0c76b9699afc,188
satisfaction_surveys/year=2023/month=09/day=15/satisfaction_surveys_20230915.csv,57883,9424b212f7f126d4c57c676f3130dcb753b90bd6ef6fd86505494fc824538ba5,270
satisfaction_surveys/year=2023/month=09/day=16/satisfaction_surveys_20230916.csv,23650,6569ecd081c8b4a29dad1d22762d2e3a0acc3c52bc2a2deb61acf3d122f37a7b,107
satisfaction_surveys/year=2023/month=09/day=17/satisfaction_surveys_20230917.csv,23298,af232ce6e098fb6ef66061c59a0295b3c4ee2d7bd54d69fe52a64d98d33dcf7a,106
satisfaction_surveys/year=2023/month=09/day=18/satisfaction_surveys_20230918.csv,42584,2727282c014a992f89c904b2c9eb12082977232a9340f271d6f236876a5fca01,197
satisfaction_surveys/year=2023/month=09/day=19/satisfaction_surveys_20230919.csv,50239,da1f061e738fc87542a23b6b106e3d281d59bb968f4d1e15894a439842c56116,228
satisfaction_surveys/year=2023/month=09/day=20/satisfaction_surveys_20230920.csv,44891,f3e526a19874bef35d27b0aa41b44fb2fe2e85f908df084b5e4e447be426907c,205
satisfaction_surveys/year=2023/month=09/day=21/satisfaction_surveys_20230921.csv,40514,52b7717b13f74b166b02215540479ba7c614e4ef7d04904770d39946b9402ee8,188
satisfaction_surveys/year=2023/month=09/day=22/satisfaction_surveys_20230922.csv,58363,7f1702a67790726030410e4037c1d11a6fcac8260f0b15dcaff9720fb86fccbe,270
satisfaction_surveys/year=2023/month=09/day=23/satisfaction_surveys_20230923.csv,28225,b48b3ba2225f03556a5635b81a113673f8c84bd38916e00004a9387ce05edace,129
satisfaction_surveys/year=2023/month=09/day=24/satisfaction_surveys_20230924.csv,23183,9359370b92827ab52c6d5ffd9b40405cd170c6b8bd31671bdda64c3e5af5531e,107
satisfaction_surveys/year=2023/month=09/day=25/satisfaction_surveys_20230925.csv,42536,2a6556c9ceb96fc43ab9df8cb095da434822db8989e478c91371d4e0d2d97368,198
satisfaction_surveys/year=2023/month=09/day=26/satisfaction_surveys_20230926.csv,41565,feacbc895b5455c8d30bfe9a4bfe9eed00052931dbe0f3c9d085828b343664fe,190
satisfaction_surveys/year=2023/month=09/day=27/satisfaction_surveys_20230927.csv,52742,14850e84cbf0e589bbacf60de8cb564d3422c7e89f8cfce889ea91f8c6199c52,246
satisfaction_surveys/year=2023/month=09/day=28/satisfaction_surveys_20230928.csv,48770,08e17683a413ec96829bbde70e4597d3dad8292ae54724e8c04046bc51751784,222
satisfaction_surveys/year=2023/month=09/day=29/satisfaction_surveys_20230929.csv,53501,78a7bea44fc02a1f4a3d3b86e37ae22c93e94a22038b728a8733a28a5bd9fceb,246
satisfaction_surveys/year=2023/month=09/day=30/satisfaction_surveys_20230930.csv,24930,3b973994be76e2885044126fc2f069e6ec5a903151770fdb2cd86a91409c9c51,114
satisfaction_surveys/year=2023/month=10/day=01/satisfaction_surveys_20231001.csv,28425,4010db02be60b97ec691f88ae05283d046f730e81ce7831f4e6d34cce8472088,133
satisfaction_surveys/year=2023/month=10/day=02/satisfaction_surveys_20231002.csv,58392,3b171ceca677c2e7dbdd62f97a4df45a5a17f51eb4aaca5defc0743546ec4263,268
satisfaction_surveys/year=2023/month=10/day=03/satisfaction_surveys_20231003.csv,48109,795cf7e0599589de5e3e64eaa93ebb58cb28d1ca5ab2c5ac312852ac28223f51,214
satisfaction_surveys/year=2023/month=10/day=04/satisfaction_surveys_20231004.csv,44738,f0d208f7a826d9d220d20fdf8c98e3489a244ac6f42acf3980d8ffc2e96f5c0f,208
satisfaction_surveys/year=2023/month=10/day=05/satisfaction_surveys_20231005.csv,53980,9a73d50e4d9403a5e069bf5907a6ccd5d18f288ded4f623f5a195be5f61c0a07,248
satisfaction_surveys/year=2023/month=10/day=06/satisfaction_surveys_20231006.csv,39417,75b107d1308a0c92265de07c09fea4858917e4cae5ae4fc8beb8d11fe3ef86b3,186
satisfaction_surveys/year=2023/month=10/day=07/satisfaction_surveys_20231007.csv,23689,2fc1a030da851459082cee59b1537d1b273bddfc6bac3e838f90eff23c08dfe6,107
satisfaction_surveys/year=2023/month=10/day=08/satisfaction_surveys_20231008.csv,27424,f508a761c7dcbdb55ade0e8944798405fedf04e1fc3098ec3fd085727c8092e8,124
satisfaction_surveys/year=2023/month=10/day=09/satisfaction_surveys_20231009.csv,39394,b5ff1eee4c88499d4c44689deffce1188c2e59e99d0929d3bebb3c9d59add511,181
satisfaction_surveys/year=2023/month=10/day=10/satisfaction_surveys_20231010.csv,41646,76e7f792e2e6718011fac541e27f01c8ee6c9c786821372aaac8fad52b54b8aa,188
satisfaction_surveys/year=2023/month=10/day=11/satisfaction_surveys_20231011.csv,55691,eea030e6426e406259044dbc9d7a87692016a53ec7e94cee8871df088c013f20,255
satisfaction_surveys/year=2023/month=10/day=12/satisfaction_surveys_20231012.csv,46758,c1f4599d46c8825d3370e131d4db39bd8669f437e8126103e10b6d72e0af1ee4,213
satisfaction_surveys/year=2023/month=10/day=13/satisfaction_surveys_20231013.csv,44882,efb18f609be9929e9b4fbb2bd9d953e444f95bf3caf5d008f0e68e76c13b4386,206
satisfaction_surveys/year=2023/month=10/day=14/satisfaction_surveys_20231014.csv,25462,249f7e750627be4f08b4761e3f58b3579177cdc2474164c05e291d4e5c57d28e,113
satisfaction_surveys/year=2023/month=10/day=15/satisfaction_surveys_20231015.csv,29489,bd287f7d578ad05a886ec222d81f36fe4f92722f35fc821c236f65e994d824bb,134
satisfaction_surveys/year=2023/month=10/day=16/satisfaction_surveys_20231016.csv,47302,ee5370dd475122eaf879dcbeb7befaff3d32ebfa6eb9ae8e3f492df9e65e04c6,217
satisfaction_surveys/year=2023/month=10/day=17/satisfaction_surveys_20231017.csv,51642,0a418c606666bb27c4397938c9bbb3c928716e25c05a671b981878686bea287f,233
satisfaction_surveys/year=2023/month=10/day=18/satisfaction_surveys_20231018.csv,50238,518d039dbaa5a7e3556082be44c0634e9b8e814050d7b5c4752128b8f71d4943,228
satisfaction_surveys/year=2023/month=10/day=19/satisfaction_surveys_20231019.csv,56219,6ded9d6a30b1d1dd3a0d2bb1532db42d2712c794b322ec5a4e38968b4710c541,257
satisfaction_surveys/year=2023/month=10/day=20/satisfaction_surveys_20231020.csv,47771,1e921c0b854013a396c5bfc2b86db0ffa6ebbffcbab6713b4af2913b732d34d7,215
satisfaction_surveys/year=2023/month=10/day=21/satisfaction_surveys_20231021.csv,26733,266ecd43ee793d8292204f28fb3365faed9fbe0e1786357489c5d6d65fbafac9,122
satisfaction_surveys/year=2023/month=10/day=22/satisfaction_surveys_20231022.csv,22707,f7ba8eab0143f91f7de0886285ec5c74d1c78f6390bba602b8acd671598fcf06,108
satisfaction_surveys/year=2023/month=10/day=23/satisfaction_surveys_20231023.csv,51384,47a5ff6f435069b49ba288c48f25587d0739deb92dbffbbc4b0e4ac6abd5798b,232
satisfaction_surveys/year=2023/month=10/day=24/satisfaction_surveys_20231024.csv,57159,f82dc19b644e7bb6aca9f74fb49f32919bc9c5ee5802346a965562c3e59f25bc,264
satisfaction_surveys/year=2023/month=10/day=25/satisfaction_surveys_20231025.csv,50178,407dfee8f4fb26d169081bae8d7c5d10a85cebec32665a6ae536f5862dd814ce,235
satisfaction_surveys/year=2023/month=10/day=26/satisfaction_surveys_20231026.csv,41389,d9317064eae03bbcd06706a18a57461d37cbfca12976580c931c8d1e764499da,193
satisfaction_surveys/year=2023/month=10/day=27/satisfaction_surveys_20231027.csv,51209,1e0f47a93d6595e8d0f984a40d20796624d2357dccd1228931150097641c0933,231
satisfaction_surveys/year=2023/month=10/day=28/satisfaction_surveys_20231028.csv,22461,d511b0447f69113a34678bf02c9525ed73265c8fbae8331b15170c564a8d622a,103
satisfaction_surveys/year=2023/month=10/day=29/satisfaction_surveys_20231029.csv,25444,597a94769704c74d07c7bca1f9a98fc08e61c9013724cb1795fc4830be317c5c,116
satisfaction_surveys/year=2023/month=10/day=30/satisfaction_surveys_20231030.csv,53362,20d720daae283b64a90aab15864be4ebd729d7c5454ae3fb66cf6b0fa8fe8983,248
satisfaction_surveys/year=2023/month=10/day=31/satisfaction_surveys_20231031.csv,39705,13bf33cef63b73d5c66a5cf9d08f01dff3e24feae55ac992e5dc3e458da7de0e,187
satisfaction_surveys/year=2023/month=11/day=01/satisfaction_surveys_20231101.csv,52039,f43b1c8c42c20637c517273fa351a8057f68f77f71ac912aa350b6dbc5cf3cd9,235
satisfaction_surveys/year=2023/month=11/day=02/satisfaction_surveys_20231102.csv,43284,da0c2e5ff8f6479fb005b1a4644aa2aa94f805490db50be86aa6ea7bb9df0904,200
satisfaction_surveys/year=2023/month=11/day=03/satisfaction_surveys_20231103.csv,51908,280c5ae869cb29c45a2d96ca377b9567e0ae71247f73cbb37590d6703367e9da,235
satisfaction_surveys/year=2023/month=11/day=04/satisfaction_surveys_20231104.csv,21465,9d26dfba6b4d9cc17baeccf33c1ac553cde4c609d7d849f90b56768f388ca14d,99
satisfaction_surveys/year=2023/month=11/day=05/satisfaction_surveys_20231105.csv,23005,aa16fec8a46d9847522c79db0f84d694de789ee2a7dec87cc15380ea7e13908f,104
satisfaction_surveys/year=2023/month=11/day=06/satisfaction_surveys_20231106.csv,56703,0a605f4332629573e9ceae05e084dee7e393b623dddbe31aa418cba9018bb184,264
satisfaction_surveys/year=2023/month=11/day=07/satisfaction_surveys_20231107.csv,52033,0dc2130669a55106ff5803b9ead5f6dbcabea1ac7dc354d0f0c12e067b4c1494,234
satisfaction_surveys/year=2023/month=11/day=08/satisfaction_surveys_20231108.csv,47164,a6e69feae902011001d77fa94e835c6a37b452532eef5f08fc0a61528deb0f7e,218
satisfaction_surveys/year=2023/month=11/day=09/satisfaction_surveys_20231109.csv,39616,228c55a7edacd8e383f8e6519538bccd3f923adc3f3a7f1d16f5b31aeb48c329,183
satisfaction_surveys/year=2023/month=11/day=10/satisfaction_surveys_20231110.csv,41685,3f845eb0d96f591e79d234c524f22bf813de9aa54326fd7814d54a452f3b953e,190
satisfaction_surveys/year=2023/month=11/day=11/satisfaction_surveys_20231111.csv,25282,ffb179ab7244b48fc30804eff461071a69efce1e1ac7561bd6d698cdeb2d07db,112
satisfaction_surveys/year=2023/month=11/day=12/satisfaction_surveys_20231112.csv,23792,654ab3a59ff6c637415ccc2c911986f1347e54884be5e6310ac73ffab14bf885,107
satisfaction_surveys/year=2023/month=11/day=13/satisfaction_surveys_20231113.csv,43657,2e9a20df2ef8e15f3836df824f646741d0739694d652f6b626f5dbfaf106e464,199
satisfaction_surveys/year=2023/month=11/day=14/satisfaction_surveys_20231114.csv,59155,d1253bafdf62ede5411a1947a076b95fc36371203eb1429cf4086cfc3b53c9a1,267
satisfaction_surveys/year=2023/month=11/day=15/satisfaction_surveys_20231115.csv,54883,af5aeb627bf695299d3b07eb85e362f29a78e4ea20bb2daa9f017e4860583fd5,252
satisfaction_surveys/year=2023/month=11/day=16/satisfaction_surveys_20231116.csv,56773,66abf08563782504728baa1f74d8467ef5bc6aa80fd7bf4503fce7ce0e66514c,262
satisfaction_surveys/year=2023/month=11/day=17/satisfaction_surveys_20231117.csv,41826,d8dae48c735a609a1ac7b2002bfa8ddc58542876f37067b299921111de1f4484,192
satisfaction_surveys/year=2023/month=11/day=18/satisfaction_surveys_20231118.csv,21071,36ce2af36c68ea8ef5898da7b1cb15cd4281eaa849fdeb1bbee6e41825628e71,95
satisfaction_surveys/year=2023/month=11/day=19/satisfaction_surveys_20231119.csv,21511,c5a7914a84096df4805d9c3cde3c2353a5e43e7e4ab649da7e427b6c8ef47fff,103
satisfaction_surveys/year=2023/month=11/day=20/satisfaction_surveys_20231120.csv,43152,1bc6df28de20e752f2f0fae626748ecf77be6c9e48fe5159338765098b9153e6,199
satisfaction_surveys/year=2023/month=11/day=21/satisfaction_surveys_20231121.csv,51012,b4a523102a1dc2f73c94a2969b582a6b91eab9f081618e2df0df36a8ea819858,235
satisfaction_surveys/year=2023/month=11/day=22/satisfaction_surveys_20231122.csv,47940,fdbefac2cb1b5460abd6714d8bb8fe8b75bd073f49c0ca010e056c1685c6ca53,219
satisfaction_surveys/year=2023/month=11/day=23/satisfaction_surveys_20231123.csv,49886,ac7f79d3fd128bc933464ffedfd45f75a41bd918a636a8ae3ee32d86d46aaafe,229
satisfaction_surveys/year=2023/month=11/day=24/satisfaction_surveys_20231124.csv,53924,87eceeff1764011c8af7d402b4b1d24ccb1d775198d573e3aa47f5c7d0db01b5,247
satisfaction_surveys/year=2023/month=11/day=25/satisfaction_surveys_20231125.csv,29908,8577c15984fd2ac536fca01c8f7b3d88b8c15c177939c12981f1797a5e94474e,135
satisfaction_surveys/year=2023/month=11/day=26/satisfaction_surveys_20231126.csv,23387,848d860ff706ec314b570e5860a1c721b44b94441eced18560fa37b6bbd63446,106
satisfaction_surveys/year=2023/month=11/day=27/satisfaction_surveys_20231127.csv,52744,785039c10f35557766a400e29b99b46df47d21d8516520d13d37ca3f991cb23b,241
satisfaction_surveys/year=2023/month=11/day=28/satisfaction_surveys_20231128.csv,57124,b3e3af19a4c86b09c78ee4beef40d047a5845e26d6d0a1b2d4f1db723f3753ac,259
satisfaction_surveys/year=2023/month=11/day=29/satisfaction_surveys_20231129.csv,43232,f6d433a8f6084d0ad9f61c744d3a77b66ce4ed62cd4191901d9c468392fe85a8,195
satisfaction_surveys/year=2023/month=11/day=30/satisfaction_surveys_20231130.csv,40365,003477ab07f0d896545cae49da97d7aca915531e53e5f4c86cd2011ce774b2de,188
satisfaction_surveys/year=2023/month=12/day=01/satisfaction_surveys_20231201.csv,59189,705b65a0e7fcce55b8615efb69fb7476d3a7534c21c004fc6c50689698a7cf57,267
satisfaction_surveys/year=2023/month=12/day=02/satisfaction_surveys_20231202.csv,25477,f9aae3c4a2b083d23830ef71a5f98e6ae65538a44088c8a50de3f0d6c725059b,116
satisfaction_surveys/year=2023/month=12/day=03/satisfaction_surveys_20231203.csv,26603,6d739528d4ec4de9db8cf4bc3f3713d59113d3c6ad1b18f3d0e38a0413cdc84b,118
satisfaction_surveys/year=2023/month=12/day=04/satisfaction_surveys_20231204.csv,49327,b8a773a8831caedec36de7f5439c96cc2f447a55f202e63bfd96a5b227bd6242,233
satisfaction_surveys/year=2023/month=12/day=05/satisfaction_surveys_20231205.csv,40209,a13cc21ae6ffa4d28f2ee001e04798e32756baee530cf5802009a7c60f7f9d86,185
satisfaction_surveys/year=2023/month=12/day=06/satisfaction_surveys_20231206.csv,52298,d53a12ad498e6e8bd1763c86b0da59b26139f11e0593698efdbb6acd385530f1,238
satisfaction_surveys/year=2023/month=12/day=07/satisfaction_surveys_20231207.csv,46253,7035fd8e90bbc0c33c8576486fd7664c0a795f29b0c6d13c1532947b85795374,214
satisfaction_surveys/year=2023/month=12/day=08/satisfaction_surveys_20231208.csv,52061,5375d8a98a6f776c79857b6c185979086e84c7c3cff15533e38eb7f59f73e611,237
satisfaction_surveys/year=2023/month=12/day=09/satisfaction_surveys_20231209.csv,22663,3dba21f83ba6e5e49728d4dd0f3d125ad344eff63ec988cb74bbb582e78b0a5e,106
satisfaction_surveys/year=2023/month=12/day=10/satisfaction_surveys_20231210.csv,26687,eeb99fd7c68beb4bce06afaf6512cd2918621d964fa37ff323d6a86f562d49ed,118
satisfaction_surveys/year=2023/month=12/day=11/satisfaction_surveys_20231211.csv,44050,0332a846076ff6e33fc3a6e417aeca131e6d7883d66c5110e7f801c29c99077b,200
satisfaction_surveys/year=2023/month=12/day=12/satisfaction_surveys_20231212.csv,57435,0cda04a41114d9671c29bbc2884540b65e8e656c6312791e6a3ee06e94ed0f62,262
satisfaction_surveys/year=2023/month=12/day=13/satisfaction_surveys_20231213.csv,52530,007c650f5b0d51adf286b4a29b508e157f3df8b457fcd139f64a90e1ee386f82,243
satisfaction_surveys/year=2023/month=12/day=14/satisfaction_surveys_20231214.csv,58892,d4b4449a7e5723b7430258c5e8faba40a78dad32d804e2002b6416a6187958b7,270
satisfaction_surveys/year=2023/month=12/day=15/satisfaction_surveys_20231215.csv,40730,da0b38c260f96deb768cab159d6d9c97390da09aec9f8b58145f5bf8f1b37019,187
satisfaction_surveys/year=2023/month=12/day=16/satisfaction_surveys_20231216.csv,21964,e8888165839bb08038ab6fc4b5cc5961657e6f4858050f4d999725459eb6c7af,98
satisfaction_surveys/year=2023/month=12/day=17/satisfaction_surveys_20231217.csv,29652,8ae14e5f6f464ece7920726eacf631f4d25aca7a41fa8c01bcaf7ba6b180dbd1,131
satisfaction_surveys/year=2023/month=12/day=18/satisfaction_surveys_20231218.csv,57909,418b3a25f41a388b62bd703a80e7184cf0ced0a6c9dd15deb1e844c5fd9964ff,266
satisfaction_surveys/year=2023/month=12/day=19/satisfaction_surveys_20231219.csv,49503,0e5361e0f1f7c27e63ba89ea0f14c46dbb70be085a7c761576ebddf1c01176fd,230
satisfaction_surveys/year=2023/month=12/day=20/satisfaction_surveys_20231220.csv,53548,c92a1a998360fa2cc300d6b420386614d217c0edcfdd55ddce8823227be900c9,247
satisfaction_surveys/year=2023/month=12/day=21/satisfaction_surveys_20231221.csv,45618,677a087b47247bc5f780fe4a72c04773fde67b4375e57e9f4c8c9537da15a511,209
satisfaction_surveys/year=2023/month=12/day=22/satisfaction_surveys_20231222.csv,56313,051c028dccae12bbd28fa078f5c4b236fc74359d78b0f1280876cd6bca109a0e,261
satisfaction_surveys/year=2023/month=12/day=23/satisfaction_surveys_20231223.csv,22650,03cbe5b1ed398a40f9a790f049a99912140c07b24bd3b692ea37538ff0e467ea,107
satisfaction_surveys/year=2023/month=12/day=24/satisfaction_surveys_20231224.csv,24705,113e8cab30e5bf6bacac3a9a2d398891cede8212a85df99863ea3a7cadab0bae,117
satisfaction_surveys/year=2023/month=12/day=25/satisfaction_surveys_20231225.csv,42718,b00e5ae5b5b6b6cffa9fe321dcab33d5495808cf66203e05130adb90fdeebd10,195
satisfaction_surveys/year=2023/month=12/day=26/satisfaction_surveys_20231226.csv,41166,bd7daf1e65c515e454b7290256158fbef4c93b4577840f133d55b1bd9f452415,191
satisfaction_surveys/year=2023/month=12/day=27/satisfaction_surveys_20231227.csv,43137,ff4de24afecdc319715a64a6614c404e4d1c3a0e54b7ae3779c46750fb576d84,206
satisfaction_surveys/year=2023/month=12/day=28/satisfaction_surveys_20231228.csv,43707,619b06b617a1a73d8764d59cda1813b03b541c492de38ae51129c9df85058fd1,206
satisfaction_surveys/year=2023/month=12/day=29/satisfaction_surveys_20231229.csv,43631,cf21fd212881f43c2d4dd914572334757e784fc5614f6ee6c96ad28a02543d6f,201
satisfaction_surveys/year=2023/month=12/day=30/satisfaction_surveys_20231230.csv,29543,48cb5761a80eb487e5f6b88102b2bb8bc1bf77e93fd5ed0148de37ffcbf740cc,134
satisfaction_surveys/year=2023/month=12/day=31/satisfaction_surveys_20231231.csv,27765,f4555a78f7c7ee3a157903d79dae2e60a1b1d4c8e91413910cbcfd3f77307f2d,128
satisfaction_surveys/year=2024/month=01/day=01/satisfaction_surveys_20240101.csv,56469,a60a2c845b5434b99b4c4f6ee61caf42b0e9d5c59f7d91a4b7ed39bf8c02fdf8,263
satisfaction_surveys/year=2024/month=01/day=02/satisfaction_surveys_20240102.csv,39832,27fe0d22addb8be33c3021ba86196d0d2123426daa3aa401569c0c5a5dc5d4d5,183
satisfaction_surveys/year=2024/month=01/day=03/satisfaction_surveys_20240103.csv,49044,bcddafb2e015c1b8235fdaa91ca203477a57f0b012413be432cd7874f64bff07,228
satisfaction_surveys/year=2024/month=01/day=04/satisfaction_surveys_20240104.csv,41450,2c6569cdea69546a61291dc50ba3f3e9ac2987a833712cce9bcb723a3904f967,188
satisfaction_surveys/year=2024/month=01/day=05/satisfaction_surveys_20240105.csv,51310,52a12ed3c90c1f3a1b66b77a8f368a85188c6959494513983b768d95513c99c7,232
satisfaction_surveys/year=2024/month=01/day=06/satisfaction_surveys_20240106.csv,21909,43606165087d000dbf4a06469df4c6b8ce2f401c5c83c94f21d7f341d368c4e0,101
satisfaction_surveys/year=2024/month=01/day=07/satisfaction_surveys_20240107.csv,20232,36f436c5f269eec86c334e636378a68cf17c0381163af254088931fb3dcac14d,93
satisfaction_surveys/year=2024/month=01/day=08/satisfaction_surveys_20240108.csv,49489,39c21a8ee9baf64020522fc1ec56459d6e25fda6029a04e97cbc4a6d9ef78c12,225
satisfaction_surveys/year=2024/month=01/day=09/satisfaction_surveys_20240109.csv,45192,23b75af6147d189a6bb9fa21d3f77d0e756a101e3f0b07b19c669659455d01b6,211
satisfaction_surveys/year=2024/month=01/day=10/satisfaction_surveys_20240110.csv,41075,5e5c0e7385cca2d6a81c775a8b2da254801dad5f73175a8c93f44379791574b9,183
satisfaction_surveys/year=2024/month=01/day=11/satisfaction_surveys_20240111.csv,54187,9b0be4c75c36b6762cd2353176eaffbf931c5ee31c68853baa65c0b4c58b7f1d,248
satisfaction_surveys/year=2024/month=01/day=12/satisfaction_surveys_20240112.csv,47103,be4cece3d8c59eb6bd30f47eaf3da50402f1692e2787246fde00442ebde4ccab,210
satisfaction_surveys/year=2024/month=01/day=13/satisfaction_surveys_20240113.csv,25651,79c7f2d6bbd9ab2193fc472a390727591d04d41102765ea3c6979912ec2b37df,117
satisfaction_surveys/year=2024/month=01/day=14/satisfaction_surveys_20240114.csv,27894,54ad50f66056d21f56106b4aac70b08a7f543d7f26bac1112d9867b9bdd21e49,125
satisfaction_surveys/year=2024/month=01/day=15/satisfaction_surveys_20240115.csv,49047,1b9d4ec1b54bd5b70a791772c9e154211cd0f11ea7c3f41ebc638e1955744b33,225
satisfaction_surveys/year=2024/month=01/day=16/satisfaction_surveys_20240116.csv,58506,5489d3ca557df28521aa59bc959472778b1f6451f46d681a9f60edcf00c0d669,268
satisfaction_surveys/year=2024/month=01/day=17/satisfaction_surveys_20240117.csv,55648,74e93cd81a3fb9e1d9a0fb4bbff0ed10fc9ac53b6d640af9489cf8e7b6abe9c7,256
satisfaction_surveys/year=2024/month=01/day=18/satisfaction_surveys_20240118.csv,50518,6121c8181510f8501bdf67f53bef52491028ce4f5c08f77b7734f28761297a80,228
satisfaction_surveys/year=2024/month=01/day=19/satisfaction_surveys_20240119.csv,44406,b4ba17ab136a9ed0d3526afb24a85c244604c68a1b4440187c1cd88616367816,202
satisfaction_surveys/year=2024/month=01/day=20/satisfaction_surveys_20240120.csv,22366,7e912aa3d47809a614b4ba2c4cf6f049f06759285d452e8f4c2661cd19ec8bc7,100
satisfaction_surveys/year=2024/month=01/day=21/satisfaction_surveys_20240121.csv,24999,63c389908afe24f47be4a1217f7bf5a760a5b1385ffc05a732f7f259ae48c728,114
satisfaction_surveys/year=2024/month=01/day=22/satisfaction_surveys_20240122.csv,51530,cb3106b4a06d3b115dddb87f59ccb4e3b16a82f485ded44cef51ff058f717713,237
satisfaction_surveys/year=2024/month=01/day=23/satisfaction_surveys_20240123.csv,44722,187b4781d20eb3444bee6ad168050a58f09a3b2ce971649eb58b0bc16da80fa3,204
satisfaction_surveys/year=2024/month=01/day=24/satisfaction_surveys_20240124.csv,40028,3f2d9a0ec90af7cc9b4cda03912f6e82df3ea32b33b42b7cbff5a0352132b421,184
satisfaction_surveys/year=2024/month=01/day=25/satisfaction_surveys_20240125.csv,47001,34343ca9ad84459e7897cc0c64c7d09a05fcf8917c3d350a33c6921e807bcb78,216
satisfaction_surveys/year=2024/month=01/day=26/satisfaction_surveys_20240126.csv,45741,8e461e87eac30a206213759182a6ec1ebc22544787100ced80cd5fa20fd5c552,208
satisfaction_surveys/year=2024/month=01/day=27/satisfaction_surveys_20240127.csv,23720,d07e9b5d922bf308929fe27eb4e2d711786cda6317fab3a7b304242be51071c2,109
satisfaction_surveys/year=2024/month=01/day=28/satisfaction_surveys_20240128.csv,28571,cea38052dd8dfddde22d7e6bb92064b2f65342a97a9e9ec8187a86c8e130979a,133
satisfaction_surveys/year=2024/month=01/day=29/satisfaction_surveys_20240129.csv,43244,c6365273db998c91af8c3b88714c2fdc04bb39b09b05fe621f1b091907d3680d,199
satisfaction_surveys/year=2024/month=01/day=30/satisfaction_surveys_20240130.csv,45840,2aa896866e6a55edeb20dd5ecacd251377236cad5583fc9ff1a9b6e8564798fe,210
satisfaction_surveys/year=2024/month=01/day=31/satisfaction_surveys_20240131.csv,42038,5bdfbe6c683f4bbde371cc74bf070249284fc4de29b1213f2d95903045841046,194
satisfaction_surveys/year=2024/month=02/day=01/satisfaction_surveys_20240201.csv,39263,2282f0a973dc549fb7b8d1ffd63ef8bc7fe67235b5c6c4bc1ec691a1a9ba3bde,183
satisfaction_surveys/year=2024/month=02/day=02/satisfaction_surveys_20240202.csv,46617,a083d6c2b0863ee852f8560b7234d40f32b3860f9ad2474acc2657ba8a9642f6,214
satisfaction_surveys/year=2024/month=02/day=03/satisfaction_surveys_20240203.csv,22777,68c59c3452e2434cb2207becfdd58939f842e6b8a29609ac78a8a430c0c21e13,105
satisfaction_surveys/year=2024/month=02/day=04/satisfaction_surveys_20240204.csv,28601,e3d73c29a1cce8ee48dfe0e3bf5ac7d76824a48d6e0cf91e0ce47eeeda15ece3,134
satisfaction_surveys/year=2024/month=02/day=05/satisfaction_surveys_20240205.csv,60059,3a218cfe30848e20d18f1c82db6f8db4825d0f2b951799104fb5c9795cb282f1,269
satisfaction_surveys/year=2024/month=02/day=06/satisfaction_surveys_20240206.csv,48521,628d850af57219f7df7908ae4c85777520f3d4102e22610d3d00e32f3ce3f9af,224
satisfaction_surveys/year=2024/month=02/day=07/satisfaction_surveys_20240207.csv,52744,9afa154a77bf2289c34432c8b061a3daf66b722ce0a36b25818df7d2eeaa1af9,252
satisfaction_surveys/year=2024/month=02/day=08/satisfaction_surveys_20240208.csv,47231,fa32d1ff7f90924c7b79f97a17eb638bb405f32926e37f4b748e822a3146e427,215
satisfaction_surveys/year=2024/month=02/day=09/satisfaction_surveys_20240209.csv,54280,1a2c6cac39833feee6a4ccc83daebb6ad7d4740a2ef9bf07ec087032847bfad8,250
satisfaction_surveys/year=2024/month=02/day=10/satisfaction_surveys_20240210.csv,28122,43b45a7ff7778bf68010d3c17422845bd57a0f58481d35131364bf8af7e92157,126
satisfaction_surveys/year=2024/month=02/day=11/satisfaction_surveys_20240211.csv,21092,19f1b54a51659829b2f86a51fea2573f79d164c0d6abe33115a2d7bd40efed3b,97
satisfaction_surveys/year=2024/month=02/day=12/satisfaction_surveys_20240212.csv,50182,87305fb81c8cae48403b14fd0137f0159beef91cc745869d0200749c3239b04c,225
satisfaction_surveys/year=2024/month=02/day=13/satisfaction_surveys_20240213.csv,42471,d8562d7b432e27370e3e62f9919135bd0ab5760d3a25aa9eae9c7aba30a36ebb,191
satisfaction_surveys/year=2024/month=02/day=14/satisfaction_surveys_20240214.csv,53772,734ec87cd8039a9c2b0ca22de34f20d6f87e30f827837eacfac7dc3091513c2d,249
satisfaction_surveys/year=2024/month=02/day=15/satisfaction_surveys_20240215.csv,52149,237640ab79637734282d5947c324cb9e9a72839833807fd438e2baa7a24c7f9b,244
satisfaction_surveys/year=2024/month=02/day=16/satisfaction_surveys_20240216.csv,53030,e56aab41f4b10f87787b43e3fff6c06a4f0166f1b0f7836f14a1e32c0e6ba60a,237
satisfaction_surveys/year=2024/month=02/day=17/satisfaction_surveys_20240217.csv,27096,4d63b211965608c8142f28867756013168e6447668d31fa727e9a2b19729685e,125
satisfaction_surveys/year=2024/month=02/day=18/satisfaction_surveys_20240218.csv,29093,a3bfbd4e295ac734a0eccbf07b490fc6c48234015e3fcc5c14c09f6da83e7af4,132
satisfaction_surveys/year=2024/month=02/day=19/satisfaction_surveys_20240219.csv,58704,605b4dff84fa13e34ebc0c6a358f430ca2616c6fb4f2e8d7712a86d80f3a5ba3,268
satisfaction_surveys/year=2024/month=02/day=20/satisfaction_surveys_20240220.csv,50302,c1160c51aab18900863afaa6c1088fc844f272c6e2fc23646340d5533cf3889e,228
satisfaction_surveys/year=2024/month=02/day=21/satisfaction_surveys_20240221.csv,45818,f3d91fe1c83f1283a55d89afc3a6bddc537f6c84fd6a85ddff766db8b976c976,212
satisfaction_surveys/year=2024/month=02/day=22/satisfaction_surveys_20240222.csv,45150,91f73871ed456c5ccd6c2c2a51111633b490cbfe4340265e9020d8d8687334c2,207
satisfaction_surveys/year=2024/month=02/day=23/satisfaction_surveys_20240223.csv,47802,97c8e0bc3a34a6fd01b282e901393562af6f31024af5b75bab070667a3b2df31,218
satisfaction_surveys/year=2024/month=02/day=24/satisfaction_surveys_20240224.csv,23397,f8ea2fa0590154a34165fbeed2f559b6882c249947f42742c0a4ee03c102196f,107
satisfaction_surveys/year=2024/month=02/day=25/satisfaction_surveys_20240225.csv,25135,187873a94872628f6da5573c5a47a6856be3ebddfa5f8e605eac31d086a8346d,116
satisfaction_surveys/year=2024/month=02/day=26/satisfaction_surveys_20240226.csv,58898,5e7ad0db42e4740ba3536f6ad57c4eae8ecaf4585fb0aa612d383713edd43183,271
satisfaction_surveys/year=2024/month=02/day=27/satisfaction_surveys_20240227.csv,50502,8feeb3037296fbce2883185ef588fd9c50ec2e7d9f1a73794cefa0e72ef41273,235
satisfaction_surveys/year=2024/month=02/day=28/satisfaction_surveys_20240228.csv,45772,aa18c86dc3b85cdf59ef5c699376e43754d74f9123e2e094d2965c82ac3c61f9,206
satisfaction_surveys/year=2024/month=02/day=29/satisfaction_surveys_20240229.csv,41543,2a99d4058997dbfe5c9f6875c27e6fff8de0b0164278ad1b4128d95a24c220a3,187
satisfaction_surveys/year=2024/month=03/day=01/satisfaction_surveys_20240301.csv,48635,66d5ffd3311a7c0266ab053645dfdb368f52a6d0ad526453451f49ba3354c510,224
satisfaction_surveys/year=2024/month=03/day=02/satisfaction_surveys_20240302.csv,21047,d564b702f0d82b60f3ab6888270b879bb326473f3d18cb7dc452c474c93fd236,98
satisfaction_surveys/year=2024/month=03/day=03/satisfaction_surveys_20240303.csv,29125,114d9e40b57bf78862d1646a771d290252140402471c76002a73a4cd9c2f2832,133
satisfaction_surveys/year=2024/month=03/day=04/satisfaction_surveys_20240304.csv,43379,a4ff45c9ef6699e3e8e3ade49e03939b86e77f2a5c924f7682be0adceaadd77b,199
satisfaction_surveys/year=2024/month=03/day=05/satisfaction_surveys_20240305.csv,53901,bca2801e51aa67b37ca36b24c77eff4e2e2af276c46ea9501517856f16db1743,240
satisfaction_surveys/year=2024/month=03/day=06/satisfaction_surveys_20240306.csv,44210,7d9342bcd5e09ab82e2e2f81a90c90d7d9cf4de79a10209a9e9f7621705313a8,204
satisfaction_surveys/year=2024/month=03/day=07/satisfaction_surveys_20240307.csv,42257,9ab1d1253bef3ff513b1cfb73984d7c670b6f03bf191c44c601e3229401474ac,196
satisfaction_surveys/year=2024/month=03/day=08/satisfaction_surveys_20240308.csv,53708,00d3eb3e2a2abb58ae37a2b64bb30a7abb6768dd400cc92ab5d9dbd12734be97,249
satisfaction_surveys/year=2024/month=03/day=09/satisfaction_surveys_20240309.csv,22245,1b63d7c99d2f06776d8c8b7aa421d6734428a4faae606adae0d57544646fede8,99
satisfaction_surveys/year=2024/month=03/day=10/satisfaction_surveys_20240310.csv,24294,21613717ba729c544c74d2ae0577925059a14d4369cddf4c03e346eb25f53435,112
satisfaction_surveys/year=2024/month=03/day=11/satisfaction_surveys_20240311.csv,49123,d6f3322903f86e43e007949aca059030032a37e7f867f28c55f4c5f0987d8625,232
satisfaction_surveys/year=2024/month=03/day=12/satisfaction_surveys_20240312.csv,48575,4ea1abe7b9bb179eeab721479b99fa08c52c31cdde570d50947af193c9d309e2,221
satisfaction_surveys/year=2024/month=03/day=13/satisfaction_surveys_20240313.csv,49238,987b4846d71852ff961ed5d0b25c3fd69ab4a80c8476853753545dd10d2e8b5a,228
satisfaction_surveys/year=2024/month=03/day=14/satisfaction_surveys_20240314.csv,43199,2edd14b8388295bb9229775410f4b39441468ff34f93e3c46b621f44c48f3405,196
satisfaction_surveys/year=2024/month=03/day=15/satisfaction_surveys_20240315.csv,46459,4c5e343a61b8f9738adde9791ca1b24ef8bd08feb9a42850caeecb64f17a0dca,213
satisfaction_surveys/year=2024/month=03/day=16/satisfaction_surveys_20240316.csv,21371,65b26e23b41dc3cb2f31aebe161caf780bbb186180542debad1d74a46ca69d4e,99
satisfaction_surveys/year=2024/month=03/day=17/satisfaction_surveys_20240317.csv,24755,077312b9725925d83e3e3c37fb4c6702a5c1ac647f3d6f8c17a60d774b9c0d5b,109
satisfaction_surveys/year=2024/month=03/day=18/satisfaction_surveys_20240318.csv,51961,d7fc0cc6c103c21aebf6233141cbeced7d3b4b8de46c64432e0d11d8cb2c28d3,237
satisfaction_surveys/year=2024/month=03/day=19/satisfaction_surveys_20240319.csv,39274,fd3cb36d29efbc855a537602644759ddc7242446f581b44185410b3c08d37b9d,183
satisfaction_surveys/year=2024/month=03/day=20/satisfaction_surveys_20240320.csv,44485,28f2638a363b0d4ec7ab0bfa540d4492f2c9e2f829fc4b1dd16b6454c7d527e8,203
satisfaction_surveys/year=2024/month=03/day=21/satisfaction_surveys_20240321.csv,38448,474b34c1f7d5f096fb00fec50cc3c9e2e531a116d8cd8f16bf79216446c1f5dc,181
satisfaction_surveys/year=2024/month=03/day=22/satisfaction_surveys_20240322.csv,51325,3607accb3cf12daa51d113b4a53d815506e022e502899dd75b60547400560c34,231
satisfaction_surveys/year=2024/month=03/day=23/satisfaction_surveys_20240323.csv,26111,c655cab4fde25a9ff626ac19feceace043f311de8e8c0ecc6a7b7f3e217cf20f,116
satisfaction_surveys/year=2024/month=03/day=24/satisfaction_surveys_20240324.csv,29548,02e5acbf0fee702da4a1f324e69b85e20c0915732121ce7965d8da0b9800f376,134
satisfaction_surveys/year=2024/month=03/day=25/satisfaction_surveys_20240325.csv,58467,1474b713394a8a653381c1e097cf7aa1ec5dc787f0595dd7bd10771458457541,267
satisfaction_surveys/year=2024/month=03/day=26/satisfaction_surveys_20240326.csv,55473,8731a96067abf2aa71f9992cc82abc16c1ecc4e13ed0390001e911b9c58aa400,250
satisfaction_surveys/year=2024/month=03/day=27/satisfaction_surveys_20240327.csv,56766,c04567969135cc944b66941f621aabe82b8a7f640f4bc0df1001fd6f0c744d50,259
satisfaction_surveys/year=2024/month=03/day=28/satisfaction_surveys_20240328.csv,55319,61166d464653185fbde25da6ba626975a7965b4e1313fb6ce95d3b0d9e724b8e,250
satisfaction_surveys/year=2024/month=03/day=29/satisfaction_surveys_20240329.csv,48891,44a9e5fba27bf82c52cd4293e0a21a50582e2405502f4d8b53e9dae9c3ae8569,224
satisfaction_surveys/year=2024/month=03/day=30/satisfaction_surveys_20240330.csv,29114,a31f4c62717023cdf4348dce517732dc49f7390064770cc6faa79b6b42756af2,131
satisfaction_surveys/year=2024/month=03/day=31/satisfaction_surveys_20240331.csv,28260,bf11aa2be57dd0f1def1a30642cdbc036c8af689daa472f86d3e05e1a94f155d,131
satisfaction_surveys/year=2024/month=04/day=01/satisfaction_surveys_20240401.csv,56454,45cdad131680be242ed1699119cd6e215b6192d645b6294a8d0c98701870cc72,260
satisfaction_surveys/year=2024/month=04/day=02/satisfaction_surveys_20240402.csv,50831,436cf54943d1f9592f1fbab7eef8f24e9dfbb875a59448dd72450b60e4370135,234
satisfaction_surveys/year=2024/month=04/day=03/satisfaction_surveys_20240403.csv,54650,237968ae623a8689bc1f85f73cfafc681e0cd4acc5ffe19a0957ae92271424fe,250
satisfaction_surveys/year=2024/month=04/day=04/satisfaction_surveys_20240404.csv,41805,c8e7a85f819950cb8572cf19fb7e22a8acab6853011d170ba39509654a9f8939,194
satisfaction_surveys/year=2024/month=04/day=05/satisfaction_surveys_20240405.csv,59244,6a5150cfb81babbc3db3b790f5324918699321078776f6f3843f910ab1e3ec6e,268
satisfaction_surveys/year=2024/month=04/day=06/satisfaction_surveys_20240406.csv,28084,a9ab58066597547ac1c78e64ce86b6c0f427bb71232934d2d4d7c4250cfeb5cc,128
satisfaction_surveys/year=2024/month=04/day=07/satisfaction_surveys_20240407.csv,26070,94c0036e7d1468f590e1ce4e58a9901ad1e3b71a392c9ba113b5e7ba06653dcf,118
satisfaction_surveys/year=2024/month=04/day=08/satisfaction_surveys_20240408.csv,42692,5ffc3075f1662c86e7035ecd327b1dcdd39aba21ce010642c750df5ab02373cb,198
satisfaction_surveys/year=2024/month=04/day=09/satisfaction_surveys_20240409.csv,53771,264345b9308436b48881bc9f6f792b8d3d569e77d0535310b68e4b1e883fe9b3,241
satisfaction_surveys/year=2024/month=04/day=10/satisfaction_surveys_20240410.csv,52443,4a32da565046a20e5ff6f695e7f83b67e3df2adc7418e0efb7343cb4c4ffef1f,238
satisfaction_surveys/year=2024/month=04/day=11/satisfaction_surveys_20240411.csv,58167,b51a23e6239dbc2afc883153e48a5ef36a8770f5440513f5b6e5488435a34f7a,266
satisfaction_surveys/year=2024/month=04/day=12/satisfaction_surveys_20240412.csv,52627,0c34e62bd47b3db1c894430ed107e2a2cdce5011912a620c58124e7572258757,239
satisfaction_surveys/year=2024/month=04/day=13/satisfaction_surveys_20240413.csv,23035,12c05a02829c7f1232d385fd73f2d5f466039ccf7dc44d67d6ae7a400276c247,104
satisfaction_surveys/year=2024/month=04/day=14/satisfaction_surveys_20240414.csv,25625,8acb81d853653804a5ea74e5244db730c1631b62ea34a8ddbf31e3b604a6bb9d,119
satisfaction_surveys/year=2024/month=04/day=15/satisfaction_surveys_20240415.csv,56630,900b944ccd98321e73596263ccedaf0c387cac62e42c37718ebad9f4970d2c05,262
satisfaction_surveys/year=2024/month=04/day=16/satisfaction_surveys_20240416.csv,46670,cb0249355cafca51ea390f1d319aa5ea3446e2aa5e5163c1619d355eb5110c6f,211
satisfaction_surveys/year=2024/month=04/day=17/satisfaction_surveys_20240417.csv,52426,1123709ef643d70e214eec1f07960d2e8030b187e0021c4250137368e97b0152,237
satisfaction_surveys/year=2024/month=04/day=18/satisfaction_surveys_20240418.csv,57706,2d7f59d89d1e92ab9dc804b4d3182da941cd4f49435a020ea9c284278cd31a3c,264
satisfaction_surveys/year=2024/month=04/day=19/satisfaction_surveys_20240419.csv,49672,c874d902b55142ee00c2048fdd13ba222062dc45b5cec24dab70dfa6697c3ca8,228
satisfaction_surveys/year=2024/month=04/day=20/satisfaction_surveys_20240420.csv,25065,b1d3c6a97bd74c4c682635531795a3c83aae443d82dae33ec5dee173c034b889,113
satisfaction_surveys/year=2024/month=04/day=21/satisfaction_surveys_20240421.csv,28112,359549462d19abd88ce68cf05326d45ab83a16f672fbe5a954592002f886de26,127
satisfaction_surveys/year=2024/month=04/day=22/satisfaction_surveys_20240422.csv,50083,4210a92cd6bf1e6e1b3c7cf9a30c7803d652b6db220fd9244839ac935da90cab,227
satisfaction_surveys/year=2024/month=04/day=23/satisfaction_surveys_20240423.csv,45666,81d845786f2c19956220ebb691108631b846b25989ad9e7078ed60151a380d29,212
satisfaction_surveys/year=2024/month=04/day=24/satisfaction_surveys_20240424.csv,46530,521e01acef6dfb7a27180caf095aa543f65c130de9b03449e1091614dfe55ce7,209
satisfaction_surveys/year=2024/month=04/day=25/satisfaction_surveys_20240425.csv,47555,c1edf482aa8e244cb12f21cf796d2cbfb2002a581a2132a67b64cafc47c8e896,221
satisfaction_surveys/year=2024/month=04/day=26/satisfaction_surveys_20240426.csv,52074,3e7528e3038365fd5cae65aa89467c8a125d99b165fc734f08b5429f0cd67af8,239
satisfaction_surveys/year=2024/month=04/day=27/satisfaction_surveys_20240427.csv,25890,6287b522a891de2bf6c5d74a117b1d0f406e725923cebbd60ec49d2e217c62b6,121
satisfaction_surveys/year=2024/month=04/day=28/satisfaction_surveys_20240428.csv,26092,d7640a32b4e4bf88be3fb1b5563097bc8e162d9814844d4910cbd5217b45d1e8,119
satisfaction_surveys/year=2024/month=04/day=29/satisfaction_surveys_20240429.csv,56053,2974d87e07a14c8ef30ea547e1452f4a17ebe40a65bd59b7724f46c2db29ad03,261
satisfaction_surveys/year=2024/month=04/day=30/satisfaction_surveys_20240430.csv,55336,40f852831b77c0a0300b33f06e5cf324c18505771cd1dbc394588b4415876553,250
satisfaction_surveys/year=2024/month=05/day=01/satisfaction_surveys_20240501.csv,44741,1022762882bd14f88faab9def4470dd8399b94bb1a496e9c75e8aaf4e93e6b7b,206
satisfaction_surveys/year=2024/month=05/day=02/satisfaction_surveys_20240502.csv,46467,808aeb8fe02c4efe2d6e5777fca32e7105ffc16b59cc641d12407227471f0e59,215
satisfaction_surveys/year=2024/month=05/day=03/satisfaction_surveys_20240503.csv,55560,a6f0533feb7488b91b18b986889ce6be50185e9370ad6804c3d49705cea89b4d,254
satisfaction_surveys/year=2024/month=05/day=04/satisfaction_surveys_20240504.csv,20474,a0386d720fb76d7e5c3732e1592c72f3eaa349c19c1d8e13d8bd966c48d0f0d9,91
satisfaction_surveys/year=2024/month=05/day=05/satisfaction_surveys_20240505.csv,24410,0dafdba4b2111cbab957e7278667057122c50126c3ad109b729b83a31b00c7d3,114
satisfaction_surveys/year=2024/month=05/day=06/satisfaction_surveys_20240506.csv,46120,23205e97ecdbc7a5086776fdd1ba15bfbec7ef6b8285a92df3322cfef2d7178a,218
satisfaction_surveys/year=2024/month=05/day=07/satisfaction_surveys_20240507.csv,45194,b2f68ba05d989cb11aee32ee0cafe4e82bd448fa39512da4dfdfb3ff1e76d7d1,205
satisfaction_surveys/year=2024/month=05/day=08/satisfaction_surveys_20240508.csv,57693,e6df42012d3f4f31b07045581a141ee528af13ae0ab68e4bf1433b8108af9b25,268
satisfaction_surveys/year=2024/month=05/day=09/satisfaction_surveys_20240509.csv,45874,7fd43d9ea79e84004d03dd965c0687129f7c6717c57889a0abc20a854e064ee4,214
satisfaction_surveys/year=2024/month=05/day=10/satisfaction_surveys_20240510.csv,56522,f8d50d04648e1c74e55f11eb51face54f636230768e44fd661bb830f042ac682,269
satisfaction_surveys/year=2024/month=05/day=11/satisfaction_surveys_20240511.csv,24933,4f64a46cb35ad3177c52d9d6b41a34fe90621ed7ddc06fd4a1e9543e7675b498,115
satisfaction_surveys/year=2024/month=05/day=12/satisfaction_surveys_20240512.csv,25458,8fcfc5802fcc047293f237ddbce28c9440579889ff7cb01a1a7396fac7720216,114
satisfaction_surveys/year=2024/month=05/day=13/satisfaction_surveys_20240513.csv,42928,77fb70676b34dc3dadefab9a01641e54e30e8cb92548b001fe0cea847231d808,193
satisfaction_surveys/year=2024/month=05/day=14/satisfaction_surveys_20240514.csv,42498,a7c973b233db363a898a0faa60e3877ca0b5e2dcd9fa73b9db5e9c2fed426046,197
satisfaction_surveys/year=2024/month=05/day=15/satisfaction_surveys_20240515.csv,40706,a05074412c6ae637f03c62e39ec2625892febd7c78f03d3f50eacaf3e4b698ec,184
satisfaction_surveys/year=2024/month=05/day=16/satisfaction_surveys_20240516.csv,45482,46da11ef1ea6cea52690a8c5fbe9b93672846b25d653bff541420c5512b29902,209
satisfaction_surveys/year=2024/month=05/day=17/satisfaction_surveys_20240517.csv,40032,db798ff718fadb35d0727bbe039f4ff806ce35e1a72a9ac201aff92c3ea76bea,186
satisfaction_surveys/year=2024/month=05/day=18/satisfaction_surveys_20240518.csv,25690,946e75755253c2aacd4f60735c1ba51c2915fa984138306a6183753f952ac958,117
satisfaction_surveys/year=2024/month=05/day=19/satisfaction_surveys_20240519.csv,21360,fd16eb9757f94bc5a4ce8575c981f47b0003d7d304c04803106323e5fa0a64b1,99
satisfaction_surveys/year=2024/month=05/day=20/satisfaction_surveys_20240520.csv,53946,fe09dd414236b5c21448c3233991bf3cd0d0daeb90091c7a2ef17a4699749e9e,242
satisfaction_surveys/year=2024/month=05/day=21/satisfaction_surveys_20240521.csv,45009,fa2651e5653440b7c74394921623d2095d60121dfe9e58ecd6ce3726b484a4e0,206
satisfaction_surveys/year=2024/month=05/day=22/satisfaction_surveys_20240522.csv,42665,ebd998ca492fedf72293be32a92762c22f975150b9242c0b9040a959632ff90c,193
satisfaction_surveys/year=2024/month=05/day=23/satisfaction_surveys_20240523.csv,47356,5fd9e896fa51cbd99d12a031dbb380918b89e7e709f1c7cd527f8264f6503a7c,215
satisfaction_surveys/year=2024/month=05/day=24/satisfaction_surveys_20240524.csv,54027,710585a32e682512f7c001ab6f2970fdc58ff1aa8deacc8bbc2b42167c13903b,250
satisfaction_surveys/year=2024/month=05/day=25/satisfaction_surveys_20240525.csv,21327,6528024e1b8805eea24620c5793710aee68912df4c73347ad3bf6c04fbcd4818,96
satisfaction_surveys/year=2024/month=05/day=26/satisfaction_surveys_20240526.csv,21638,880e14169059acb98d6d9289850a1e501ed3697d6903c4b59621456da1b2524c,100
satisfaction_surveys/year=2024/month=05/day=27/satisfaction_surveys_20240527.csv,48163,0e4b89a2e0ca6b5ee278566d8d6ca4b551065d284e107c1a9dcac57ee0792d5f,216
satisfaction_surveys/year=2024/month=05/day=28/satisfaction_surveys_20240528.csv,49597,2748d7502a84e0084a3875ff09219ad50585a8089b31d7bd750cc5f572036431,221
satisfaction_surveys/year=2024/month=05/day=29/satisfaction_surveys_20240529.csv,52174,6ba4838a6cb72dff5fe9ec09c7b0bc1695eb9acbfbc537110670ea8b6e7f5640,239
satisfaction_surveys/year=2024/month=05/day=30/satisfaction_surveys_20240530.csv,51762,25c7182a56c0e4aee70429441a6a8e8e5942e4056e29093bd11bfb489c07d762,233
satisfaction_surveys/year=2024/month=05/day=31/satisfaction_surveys_20240531.csv,57650,9fb78deba1a8e83af99ccbc2f67b6138785251a7f61f052345da29ad68b25401,264
satisfaction_surveys/year=2024/month=06/day=01/satisfaction_surveys_20240601.csv,28292,663c6b4ce29403cc59faf380266393dd73bd789a33c09d7bb3d739b945f9e46f,130
satisfaction_surveys/year=2024/month=06/day=02/satisfaction_surveys_20240602.csv,24642,dd97cc614b69bfdc4a68bb76e2779d584dc39ec2e19fa23ac2d806427a43dd07,111
satisfaction_surveys/year=2024/month=06/day=03/satisfaction_surveys_20240603.csv,44151,f97dab10374420f89ebedb8d42a17ba9d67f50ef9bec734b89f5a9c9a146f932,202
satisfaction_surveys/year=2024/month=06/day=04/satisfaction_surveys_20240604.csv,50526,add46f91419978d3e8a8c73cdeb1eaac21d93014e5d1712ca3feb70d589c44e7,231
satisfaction_surveys/year=2024/month=06/day=05/satisfaction_surveys_20240605.csv,52010,c8a6926e8c9f10757bfcb94dd360888de50e9c9df1cda0aed550fa64eee1b2f3,237
satisfaction_surveys/year=2024/month=06/day=06/satisfaction_surveys_20240606.csv,48325,464841b32a2a0a40b459fbb9cfe1f2eb551a9bb8088c369b7c1dd5859989f671,223
satisfaction_surveys/year=2024/month=06/day=07/satisfaction_surveys_20240607.csv,54104,5aad69b3f47e757e6a99c2d74f4c2eddd323c2e54a85cae0cb7a550cf049d623,249
satisfaction_surveys/year=2024/month=06/day=08/satisfaction_surveys_20240608.csv,20442,d1af9dc801c2d8c699885c45368e488fd8906b435ffc4cf190e0de120b2755c3,95
satisfaction_surveys/year=2024/month=06/day=09/satisfaction_surveys_20240609.csv,24701,769a9911faa07a813c08a57fbcdce638bc3fe4a421ca308d45da5e97501eb548,113
satisfaction_surveys/year=2024/month=06/day=10/satisfaction_surveys_20240610.csv,47020,57ba1c6f2af542d276f94c9fde187154411f998984a2cf0fae1e204f8aabebe9,212
satisfaction_surveys/year=2024/month=06/day=11/satisfaction_surveys_20240611.csv,49463,c21ad54666e2951f6b5e23d9059ea470eaf5323e579ce04ba8969e6c3f042083,227
satisfaction_surveys/year=2024/month=06/day=12/satisfaction_surveys_20240612.csv,56378,0c44ffba6ddd194a15c374ce436b66acae2551cbe743d2b9e6b7706c20ba2a72,254
satisfaction_surveys/year=2024/month=06/day=13/satisfaction_surveys_20240613.csv,40781,8e54aef10c71cbd7d4fb4f1869dabeca6f5ab44871dd16e677d51eda54085309,189
satisfaction_surveys/year=2024/month=06/day=14/satisfaction_surveys_20240614.csv,43465,33f72f1828267b798267928e5341782566ce1411fb47a661abc88d531ac126b5,201
satisfaction_surveys/year=2024/month=06/day=15/satisfaction_surveys_20240615.csv,25204,50f5a0eb426c66239589e9064d3338897d7d73c8e3deb4cf371ac175b957eec8,116
satisfaction_surveys/year=2024/month=06/day=16/satisfaction_surveys_20240616.csv,24595,804a9aeb08d35a8198edd67a937cded94d085d9b968795db02852cd93f2bfc7c,111
satisfaction_surveys/year=2024/month=06/day=17/satisfaction_surveys_20240617.csv,55061,72b7eb29657985b1d2fa37c18c4444d1c0954f2e5076fab8772989b7622cfe02,259
satisfaction_surveys/year=2024/month=06/day=18/satisfaction_surveys_20240618.csv,46260,90f72e8d35d23bedd3d8b996961671f00e45ce4dc09e3c9705cf98570d244368,210
satisfaction_surveys/year=2024/month=06/day=19/satisfaction_surveys_20240619.csv,57501,e78f6f84787e96ca1c986dc4cd59d625245ebae7d2a33bb73fe037a361810380,266
satisfaction_surveys/year=2024/month=06/day=20/satisfaction_surveys_20240620.csv,46020,8fca5b7f2aea67248d297d48ac2c44079d0fcba6cfc967733994ba459bde6059,212
satisfaction_surveys/year=2024/month=06/day=21/satisfaction_surveys_20240621.csv,42427,b4582b29532175aa4cc70d1f3dacb6ff86de4d5dfb0f7d96389d037e46da16bd,194
satisfaction_surveys/year=2024/month=06/day=22/satisfaction_surveys_20240622.csv,28923,6f849d702fd860506a1c96faccedf325b18f935bade82b6a9aac723ddaaf8665,129
satisfaction_surveys/year=2024/month=06/day=23/satisfaction_surveys_20240623.csv,27906,770be3eb1382164803cfca60c4b3fc0004550440b3edcebfbf4e8e42cc626d64,127
satisfaction_surveys/year=2024/month=06/day=24/satisfaction_surveys_20240624.csv,51863,1a462ba4196e70646159c7bcc8388a0dbd69424a1013d5c9f1cc1a7545c3c5e0,237
satisfaction_surveys/year=2024/month=06/day=25/satisfaction_surveys_20240625.csv,41233,865afe451a51f59ee029884f9228779ba417ffa2eb6c150f7bd80bccf2c07c6c,192
satisfaction_surveys/year=2024/month=06/day=26/satisfaction_surveys_20240626.csv,54230,e724da2d7f60c33f016587dac7bb4405d5fe7054fb1fa3512aacfe57c288e02a,244
satisfaction_surveys/year=2024/month=06/day=27/satisfaction_surveys_20240627.csv,44833,149cd2982de6c85301376dc4721190720a123fdc65be8b35dda5b6eff9982ae8,208
satisfaction_surveys/year=2024/month=06/day=28/satisfaction_surveys_20240628.csv,48272,eb9f1ea23a416fea8a0607f50eda72813a551bfdc454ed8a7184a98c2cd4c270,220
satisfaction_surveys/year=2024/month=06/day=29/satisfaction_surveys_20240629.csv,25496,3175ed5d55bcffef01db14af4e192c8653247c4f9492d5c6376dc40eb5fe6149,113
satisfaction_surveys/year=2024/month=06/day=30/satisfaction_surveys_20240630.csv,21055,46d045272ada15b3e4d9fbfe926048e5ea3fd16bd6c14ff56a9127e6de00d802,93
satisfaction_surveys/year=2024/month=07/day=01/satisfaction_surveys_20240701.csv,57984,f6daec7ee0a04c299ec9bdfb20cdff2929ea73665d0ce0df3ff7f27acfd09364,262
satisfaction_surveys/year=2024/month=07/day=02/satisfaction_surveys_20240702.csv,54261,9e2a34a228be204434ab5238aa676b74704e7274cc8fb6d20563bc6d21ac1db7,247
satisfaction_surveys/year=2024/month=07/day=03/satisfaction_surveys_20240703.csv,41203,2b5e2598538d3b1bced166ae8b4ed103009d7808f8951515c546566fea18fd68,190
satisfaction_surveys/year=2024/month=07/day=04/satisfaction_surveys_20240704.csv,50317,6beb4d2ecd9f0b2a049a4b132423126602116499be3a5a3bdbb3d0f7169c6034,229
satisfaction_surveys/year=2024/month=07/day=05/satisfaction_surveys_20240705.csv,52780,c6a8766a20419acb641a44419354d0faf48e97ee2e2e7fe170e583d78f8ad783,239
satisfaction_surveys/year=2024/month=07/day=06/satisfaction_surveys_20240706.csv,25908,14df09855b2649a324c82f997c7a4eaf20499ef1c46621b8962adaab66a8ee5d,115
satisfaction_surveys/year=2024/month=07/day=07/satisfaction_surveys_20240707.csv,24761,8104475559ad713f5843dfe32cde730f4e14e25693b182f00dd926228d9fe73e,114
satisfaction_surveys/year=2024/month=07/day=08/satisfaction_surveys_20240708.csv,41590,052205db47efd0886e63c145e2fd41f6fe6ae058334791385a87b938e86cee87,187
satisfaction_surveys/year=2024/month=07/day=09/satisfaction_surveys_20240709.csv,51945,86d8ceedf418cd26a64ff86fc49070f0fca4159c144b6817502a178936b8c824,236
satisfaction_surveys/year=2024/month=07/day=10/satisfaction_surveys_20240710.csv,47717,7a5970de0b70ea3f1f07cdf1028d9e1be55158c045998b04511d314250b113d9,217
satisfaction_surveys/year=2024/month=07/day=11/satisfaction_surveys_20240711.csv,50681,8b0ed47fa96065e40a80442a302f402dac4a6076cd13476e5a3b7814b67a2654,231
satisfaction_surveys/year=2024/month=07/day=12/satisfaction_surveys_20240712.csv,42362,7ffed8788b2391a60461cdec9d24890718c15f772e568a83bd4486e725d9c03c,198
satisfaction_surveys/year=2024/month=07/day=13/satisfaction_surveys_20240713.csv,26179,37fb1be0da4c37422497af58cfe8ec299c0772ed5d06525d3446b2cc8d8e3c6b,119
satisfaction_surveys/year=2024/month=07/day=14/satisfaction_surveys_20240714.csv,24392,fdd18a242d3bd9f0158f6809b9b10c9867d4cd2d587afb5ce67dd8e7504a9a98,113
satisfaction_surveys/year=2024/month=07/day=15/satisfaction_surveys_20240715.csv,41157,1aeae977c7e45eecc028188568876032441f5fdce06bdd63c5781efb56cba674,189
satisfaction_surveys/year=2024/month=07/day=16/satisfaction_surveys_20240716.csv,40126,cbee3495cbce9dd9891fd08ddf593686331d9f171fd3d3adc2f91bb11afe189b,184
satisfaction_surveys/year=2024/month=07/day=17/satisfaction_surveys_20240717.csv,51215,bee8d48910400c292bf39da54ea019d277f879392c8636aa692855153ca96802,235
satisfaction_surveys/year=2024/month=07/day=18/satisfaction_surveys_20240718.csv,48058,aeb8e47fb6efdffe6dbe219bca84078c9141f2b961cc420240a9fc2193fa2fc5,218
satisfaction_surveys/year=2024/month=07/day=19/satisfaction_surveys_20240719.csv,56774,3e256aeb1e2c55fb32c56d632d6a9186f384e2bd5c5c874a9e62c523c43d7d1a,258
satisfaction_surveys/year=2024/month=07/day=20/satisfaction_surveys_20240720.csv,21794,d6ed7613d2bd7c5f2ce63df750d7c2f230c3ee343e05a38a3dbbed6064275bf2,98
satisfaction_surveys/year=2024/month=07/day=21/satisfaction_surveys_20240721.csv,24722,327a896726adcfd09346115ce2ece2f428db6226bd01380998785d7ab01b8ae9,113
satisfaction_surveys/year=2024/month=07/day=22/satisfaction_surveys_20240722.csv,55687,8212067aa9af71c6c4ca06df87af39f2ab1346e6782978b0698aa37492fa1abf,254
satisfaction_surveys/year=2024/month=07/day=23/satisfaction_surveys_20240723.csv,56400,6fff02a6ab7c84669159aa2b39d9da207a16da3eced7f494885c73b8d0dc9871,258
satisfaction_surveys/year=2024/month=07/day=24/satisfaction_surveys_20240724.csv,38244,f05ba79034663cfe8758aefa507b01cff4c52b1ab5bc91e68ac934e201c17d85,181
satisfaction_surveys/year=2024/month=07/day=25/satisfaction_surveys_20240725.csv,40797,e5aaf544d102df127658b6f07f1aea4f8375df2e4bcdae16b71d49b04aaba606,189
satisfaction_surveys/year=2024/month=07/day=26/satisfaction_surveys_20240726.csv,57177,d518cf10cf42704efc120796f060b075a4b911a76a5fc3e10dc8b575a73cb9dc,263
satisfaction_surveys/year=2024/month=07/day=27/satisfaction_surveys_20240727.csv,26361,309fa2ea85cffa5fa13de0e5aa11f389e550ab7b0671622531ad626a7c253e34,123
satisfaction_surveys/year=2024/month=07/day=28/satisfaction_surveys_20240728.csv,27277,33365f76370b4147914da80ba78abcb382497628cbbb6db410f3f50150436b7b,123
satisfaction_surveys/year=2024/month=07/day=29/satisfaction_surveys_20240729.csv,57868,18aebf71bbe50ddad2320c43fd81d9b70eecd507f95f09073d0dca1bae01d06b,265
satisfaction_surveys/year=2024/month=07/day=30/satisfaction_surveys_20240730.csv,51252,b4c56bc1ddf8b82237edf0eda385a5f7627f5329b7d17b71490b74bb06b192f5,231
satisfaction_surveys/year=2024/month=07/day=31/satisfaction_surveys_20240731.csv,52139,98d3061ff61eea8d9f0a0c8ea055bff579520239ec41ece4f86e85105d02a85a,237
satisfaction_surveys/year=2024/month=08/day=01/satisfaction_surveys_20240801.csv,58826,cf26160c29ab9101e3ed8f6a9c73e5373a16a27698595adc3272e13ccfa3857c,269
satisfaction_surveys/year=2024/month=08/day=02/satisfaction_surveys_20240802.csv,51911,20cefd4e0730d5c4a8adcf05fffc03027a07e80603f9dd550620c4fe3dbc09e9,234
satisfaction_surveys/year=2024/month=08/day=03/satisfaction_surveys_20240803.csv,30143,ea440e97f1ae6cb58acc5075cfa613a14e30ea6115f16eaa6e703acf2e8e319a,131
satisfaction_surveys/year=2024/month=08/day=04/satisfaction_surveys_20240804.csv,27164,e574c7c6c25e1bce8afba88a7d8ecc97fd4089d45bfe3cd69f86c5bacddfdff4,122
satisfaction_surveys/year=2024/month=08/day=05/satisfaction_surveys_20240805.csv,46973,9f0a34567bc09809ac2e8f647a754e2a5bfe3f94cf4b88fc9b535fe0dd0e0a6a,215
satisfaction_surveys/year=2024/month=08/day=06/satisfaction_surveys_20240806.csv,56796,b3e58528043ad9e886d810c9de5cae16c6ac2df45d80e93a83e150e975fdf650,261
satisfaction_surveys/year=2024/month=08/day=07/satisfaction_surveys_20240807.csv,47768,cce9d0e8b847a3be4a1407af92b1a3027bf80e37638a3a82f4927e788c3af322,219
satisfaction_surveys/year=2024/month=08/day=08/satisfaction_surveys_20240808.csv,53685,e624f42fdec3c3283f7b3061eafaca5c80c35b2fae2e603f6ad5f8d1afb68ee6,255
satisfaction_surveys/year=2024/month=08/day=09/satisfaction_surveys_20240809.csv,45354,ee3c2925a3832a84a2001ad59a66f577d5adbeeca3becf231348e561ddfe30d0,203
satisfaction_surveys/year=2024/month=08/day=10/satisfaction_surveys_20240810.csv,24171,90a5a4fa26aa066ce0e85c72b0011f7c2bbfed306556078e82a5716ac3418eab,113
satisfaction_surveys/year=2024/month=08/day=11/satisfaction_surveys_20240811.csv,29055,48ca789b993ed95ec7b2c4ae521d41188b64e4da687bd4341cbca125428f4e68,130
satisfaction_surveys/year=2024/month=08/day=12/satisfaction_surveys_20240812.csv,57306,4b4fff709510f35f9cac633b1518ccf09b772f9ec6c50c1f3f3505992e6fb138,264
satisfaction_surveys/year=2024/month=08/day=13/satisfaction_surveys_20240813.csv,45093,8531c3d0043ef8e240c01db2b935fc6a65897ac44621faa263941a2a05edf59d,206
satisfaction_surveys/year=2024/month=08/day=14/satisfaction_surveys_20240814.csv,49872,ed7cbee34370061c9f3161ceb4230d580df7166dec146082a2b553fb8b1d0576,230
satisfaction_surveys/year=2024/month=08/day=15/satisfaction_surveys_20240815.csv,45181,25b3958000fd61a7df2a666cd22b1c43b7a8dbb68d65db3cc129675160b2b5e7,207
satisfaction_surveys/year=2024/month=08/day=16/satisfaction_surveys_20240816.csv,55699,3eb7cb88b3163b0d933207332ce25a7164f36c0db5db302810d88d2f2a72dd56,258
satisfaction_surveys/year=2024/month=08/day=17/satisfaction_surveys_20240817.csv,20448,bf17448c1fab0c6b93fb0fbe4b00dbc5fafc0fc8f9e654cc2496e0897c48c029,94
satisfaction_surveys/year=2024/month=08/day=18/satisfaction_surveys_20240818.csv,27085,36449cf423ce6421d5441791c0f80079265263217d99f00a911e4dd0907ec21e,123
satisfaction_surveys/year=2024/month=08/day=19/satisfaction_surveys_20240819.csv,45008,5f4e397cfa64186ae6b774ffbf3806377edfe07923139e8c9e900fdc74d2ef10,214
satisfaction_surveys/year=2024/month=08/day=20/satisfaction_surveys_20240820.csv,55254,b2ad466165dd0b07e1bff8aa1d0edc3bbfc4c6b39470ade5ec50f88b9a077db5,256
satisfaction_surveys/year=2024/month=08/day=21/satisfaction_surveys_20240821.csv,52381,f6046e48d15767fdd362524a8181ebc94efe2c2d4a839663c73bd367f8e60c35,240
satisfaction_surveys/year=2024/month=08/day=22/satisfaction_surveys_20240822.csv,48223,d89168964eb020d8febb780d06247bf789677ea9cb14ebf33ef84d9e1ad376c4,215
satisfaction_surveys/year=2024/month=08/day=23/satisfaction_surveys_20240823.csv,58764,a2c9fb3665e72fb3f8e49c7164ead8e670504155c2454fad1fc88a94e1f3346b,271
satisfaction_surveys/year=2024/month=08/day=24/satisfaction_surveys_20240824.csv,23335,b76109203cc58ded9917152a1d3b25a2ecf6c8040eeac1adf093e457f36e6544,109
satisfaction_surveys/year=2024/month=08/day=25/satisfaction_surveys_20240825.csv,23690,4a952456a6958ca85f59d1fd92c5d4e88c593e4bc58f8171e8f8c76ed22e90c4,109
satisfaction_surveys/year=2024/month=08/day=26/satisfaction_surveys_20240826.csv,44560,577f558b45a23192b86677ffe282f618c82d4e48d30e0a54e1826405db690551,207
satisfaction_surveys/year=2024/month=08/day=27/satisfaction_surveys_20240827.csv,40088,cb679703972250d1d6bf6619af67fb84dd6633c89981b33cd7aa56ede1aa9d4a,183
satisfaction_surveys/year=2024/month=08/day=28/satisfaction_surveys_20240828.csv,58745,493778dc09c9527a5559c2f5d35ae3528fdb576461a99f1cb62bfa2c8a3d3110,268
satisfaction_surveys/year=2024/month=08/day=29/satisfaction_surveys_20240829.csv,47229,17914aea6d3e8e517054e3f16dbc7bb91482c5db896a9a097deb49c3c18239f6,219
satisfaction_surveys/year=2024/month=08/day=30/satisfaction_surveys_20240830.csv,44733,12951f400d26731adbe75770b022e19e92c5d395efca8277a61d221dcdc9463b,203
satisfaction_surveys/year=2024/month=08/day=31/satisfaction_surveys_20240831.csv,24232,9c251f41ecce53fc560cbf7f7e9d8ff8843953ea1a2b89480f0579940543c56c,111
satisfaction_surveys/year=2024/month=09/day=01/satisfaction_surveys_20240901.csv,26127,8fe0dff7754b929b9a96d8577ab81d101ab274a6d7a7f8d603c02e274f6f9ed5,119
satisfaction_surveys/year=2024/month=09/day=02/satisfaction_surveys_20240902.csv,52734,87b958636d534e10d1a4065e3b161d32917855757267ec49ca79e5f6bf153469,243
satisfaction_surveys/year=2024/month=09/day=03/satisfaction_surveys_20240903.csv,43534,70aae79a28d52f54f25280e24ece0899ece61a66288c231c691989226a26bf71,198
satisfaction_surveys/year=2024/month=09/day=04/satisfaction_surveys_20240904.csv,43853,bd6e9961ecf3bcfbe8fb950c963b73ebb3436c88f5f976c931b9fb8da543baeb,201
satisfaction_surveys/year=2024/month=09/day=05/satisfaction_surveys_20240905.csv,57772,3fb7b1c71006cbc9e42502e40f0391f58a73e7b8248d0bef64a5dede8cfba733,265
satisfaction_surveys/year=2024/month=09/day=06/satisfaction_surveys_20240906.csv,57690,18165ba7ebb5ea6308c67852b174c2a5a97b323d076f43aa5e627ea63def3505,261
satisfaction_surveys/year=2024/month=09/day=07/satisfaction_surveys_20240907.csv,23735,5ec4ca74d336fc3f923031e4c6176cdc2c59135339dc022feb027c3930d87e79,108
satisfaction_surveys/year=2024/month=09/day=08/satisfaction_surveys_20240908.csv,28011,9416a3737f5b1d6bd2cb77acff5635d187959e37a500c425b557ce1f2662cf38,128
satisfaction_surveys/year=2024/month=09/day=09/satisfaction_surveys_20240909.csv,40417,bb48871d001d9d817a1c7dabcc1a66f57d7041c4a24baece06e39b9a68bb9b60,182
satisfaction_surveys/year=2024/month=09/day=10/satisfaction_surveys_20240910.csv,57321,d1794c3f32e084a009eea0c4d365e7f4b248eb07b9104156e15ed072312703b4,265
satisfaction_surveys/year=2024/month=09/day=11/satisfaction_surveys_20240911.csv,47421,943b9fdcd1e5b27eeee7b5b6710553aa40f2635e57a3a558cddf0ebdf001df45,217
satisfaction_surveys/year=2024/month=09/day=12/satisfaction_surveys_20240912.csv,55440,9fac16c4fe602bfb6af643a2b673effc575212d6c56f0fb55c2834aab05231d4,254
satisfaction_surveys/year=2024/month=09/day=13/satisfaction_surveys_20240913.csv,57045,d52720fde49aabd85100c3090f170c1eb2856e81ee95f41dea723cf6321e5f32,262
satisfaction_surveys/year=2024/month=09/day=14/satisfaction_surveys_20240914.csv,23782,46d564d6125dece642399344eb895595cdf19e79260f2a6745b76add552b9d01,105
satisfaction_surveys/year=2024/month=09/day=15/satisfaction_surveys_20240915.csv,21377,6b80ef9da683e0499eef37c4f9270d788f771ab27da8a4303230913cc15ee79d,96
satisfaction_surveys/year=2024/month=09/day=16/satisfaction_surveys_20240916.csv,43874,f1ad1703e647fce72791a1d9a22791a7c9b15d5a69bec08dafd74d04bdf4b857,194
satisfaction_surveys/year=2024/month=09/day=17/satisfaction_surveys_20240917.csv,50777,14e85f5e443ed8269a12f1f867544e1b633b85cdcc6b05c7b0a8f9ed4a244f07,237
satisfaction_surveys/year=2024/month=09/day=18/satisfaction_surveys_20240918.csv,55429,3a0cbaa2d5b1dce3d6fe17080e7dae7b3364bc09df486f36202aeca52a8812e7,251
satisfaction_surveys/year=2024/month=09/day=19/satisfaction_surveys_20240919.csv,45244,d89ea16028c26c561fac6479d7f4c94b84dc2871982fc421aa200b9217bf13b3,207
satisfaction_surveys/year=2024/month=09/day=20/satisfaction_surveys_20240920.csv,57478,98db1aec55120155bf8d6819f52c1215036444db9ae1d7d9b3ac77cef0101c54,269
satisfaction_surveys/year=2024/month=09/day=21/satisfaction_surveys_20240921.csv,25925,04619ecaaafc2b8901a8ef29e431e8b5362982bf0ff1f555e821b60c06fdcf91,118
satisfaction_surveys/year=2024/month=09/day=22/satisfaction_surveys_20240922.csv,21236,e253ea30b8146433f5b3fc57935acd74e1e58c9667c3a69f4db141fc71975873,100
satisfaction_surveys/year=2024/month=09/day=23/satisfaction_surveys_20240923.csv,43685,382244aa73aedc96ddab0ffb41dec7131ace15045b21153b308f184527bb8173,203
satisfaction_surveys/year=2024/month=09/day=24/satisfaction_surveys_20240924.csv,53053,6695d16bad0fada809741ab60f384a327e9261ad888f19594a2af5a5c5646428,251
satisfaction_surveys/year=2024/month=09/day=25/satisfaction_surveys_20240925.csv,42713,9f9e97b5a4b648fc132cd74e3c8719b9fcdcd93d97d5262e3b06d748bfa47ebd,196
satisfaction_surveys/year=2024/month=09/day=26/satisfaction_surveys_20240926.csv,51105,922be11da7cad12178961630e90466080f54d14325eca3dae2cdc8bd6f3dd6db,237
satisfaction_surveys/year=2024/month=09/day=27/satisfaction_surveys_20240927.csv,54391,87f2bb77cb8983dc46f889a44c0f5ab03a7564e2c5e4bd010ae9d9a76cda749d,253
satisfaction_surveys/year=2024/month=09/day=28/satisfaction_surveys_20240928.csv,27754,e257505a2d42a32d6ec6e07ace2b76ad96a2e075d11e3a992b67ea87d30e1623,125
satisfaction_surveys/year=2024/month=09/day=29/satisfaction_surveys_20240929.csv,23954,2613a615897be5798b7cb49bd2ee92c4e61d1de73be39d9f83b2a4a68e0df653,109
satisfaction_surveys/year=2024/month=09/day=30/satisfaction_surveys_20240930.csv,46706,b15eca28620bada0ea80ac0de95fcaf1d05640fe04ef4ca1d83bdfaa3d0542c9,217
satisfaction_surveys/year=2024/month=10/day=01/satisfaction_surveys_20241001.csv,42987,74b37a1493990dbdc1e99c773f4375c1a766efaca11f39fc5211de433c7edf50,197
satisfaction_surveys/year=2024/month=10/day=02/satisfaction_surveys_20241002.csv,48563,35d1a95314e24d7d0d1b529d45f43c7138e05ba1eb6348b671299d3cbb1616b5,224
satisfaction_surveys/year=2024/month=10/day=03/satisfaction_surveys_20241003.csv,58190,7b988e02f9fabfa547a5d7fcd03a5a98e2da3197009160a89fa8f371bf88f60b,268
satisfaction_surveys/year=2024/month=10/day=04/satisfaction_surveys_20241004.csv,56079,62af7cbbc5a3f6338f2c2d125fc0e346939605bd6449cdc7ee85954aaac52c8e,258
satisfaction_surveys/year=2024/month=10/day=05/satisfaction_surveys_20241005.csv,24022,86bbc278e36dd4d9f0eb5cc4f3f2de284ee22342bcb603a2a20db1ccee2e0e31,107
satisfaction_surveys/year=2024/month=10/day=06/satisfaction_surveys_20241006.csv,27104,41fe501e113e25f6c41eb51ce30bb1c395578f73d33eba1a5ce44d4f1625fd0b,120
satisfaction_surveys/year=2024/month=10/day=07/satisfaction_surveys_20241007.csv,55964,267f8c5b8ba2906c2a68285a93d10ec356c41fd6ef466f1f8cf178d5a5808391,252
satisfaction_surveys/year=2024/month=10/day=08/satisfaction_surveys_20241008.csv,50534,3fdd0c1ac3bac6fd2342984802dae73bf6d5defbfb2143bf211e58b62f3e4231,232
satisfaction_surveys/year=2024/month=10/day=09/satisfaction_surveys_20241009.csv,56494,e4450f513930dc9e66a0aa78245fdc331992947ce537f0d40f1bc315855d63dd,262
satisfaction_surveys/year=2024/month=10/day=10/satisfaction_surveys_20241010.csv,50211,6a09e705e52eda0f03c9a812169009256c0c7dc2ef8578571d800f37b0712b17,232
satisfaction_surveys/year=2024/month=10/day=11/satisfaction_surveys_20241011.csv,43020,a39aa70a8cc05e62ade6249da401d5ed1bf242973251cfad1da70e8f23d0bc16,196
satisfaction_surveys/year=2024/month=10/day=12/satisfaction_surveys_20241012.csv,27082,85afa74e775c709ac38c23cc86cae69bdecbaa62dd7ba0ea8c7c04f7d5a1e915,122
satisfaction_surveys/year=2024/month=10/day=13/satisfaction_surveys_20241013.csv,28763,df7fa84530245cc8e36d9d1969d371e69f8fc187678a073049e9065d60f831c9,131
satisfaction_surveys/year=2024/month=10/day=14/satisfaction_surveys_20241014.csv,44119,154ae2b49a1c31424de2bf38f52380021595bfbf8b749cf7219d1ac5984187ee,204
satisfaction_surveys/year=2024/month=10/day=15/satisfaction_surveys_20241015.csv,53566,b624d195921525b74507cce6d42b279840020a22db69d5fb5a99e32e8499f45b,244
satisfaction_surveys/year=2024/month=10/day=16/satisfaction_surveys_20241016.csv,52443,5e879b6fdb1dfe107f722262d53af8ba76194d1416f094bc5f714ff38950cb79,244
satisfaction_surveys/year=2024/month=10/day=17/satisfaction_surveys_20241017.csv,39257,d75f91b778fcdfb44bc0a41dca83dbd551ade2cb24042252392d8f2fae299801,182
satisfaction_surveys/year=2024/month=10/day=18/satisfaction_surveys_20241018.csv,55376,e2098c97355bcfd3d1b4795b47bb9a94da18c7bd7f4ee382d836e69c2f089c97,252
satisfaction_surveys/year=2024/month=10/day=19/satisfaction_surveys_20241019.csv,23507,7b566657c6e8f56f57224a5d2805ddac55d5f9982a7abf4451b8b7429e880610,105
satisfaction_surveys/year=2024/month=10/day=20/satisfaction_surveys_20241020.csv,23810,db2c0eb70d156742f31be48cd78f85a5922976763135d8afd40561d2f7c9e021,108
satisfaction_surveys/year=2024/month=10/day=21/satisfaction_surveys_20241021.csv,39225,eee07e37cdb7c193297b4faf2fa895c5a2d04beca65331c41c365b4b4e8757b7,183
satisfaction_surveys/year=2024/month=10/day=22/satisfaction_surveys_20241022.csv,51576,0452cc92a7a84def9b456908d0bc1075280c55b24c57039d574382247254efd1,236
satisfaction_surveys/year=2024/month=10/day=23/satisfaction_surveys_20241023.csv,45035,5f7849ce913a57d95a84ac7f2f446f9f57c38f8f13e673e2894b6a12977b0746,207
satisfaction_surveys/year=2024/month=10/day=24/satisfaction_surveys_20241024.csv,42035,1f236a41be7e7ee9054c28919fdf2f6ec416b76a33f2aa671dcbb176a8e327d2,194
satisfaction_surveys/year=2024/month=10/day=25/satisfaction_surveys_20241025.csv,41788,b438224531afaf50256e95b35feca1c547de6d97384e9696f9725a2e08c36c3e,189
satisfaction_surveys/year=2024/month=10/day=26/satisfaction_surveys_20241026.csv,25179,413bde297670faaf56eb2c2b8a6f2fa95a84b4159859b43305581617b81188b1,115
satisfaction_surveys/year=2024/month=10/day=27/satisfaction_surveys_20241027.csv,22734,abaa481180672c6fd067fdbe633a6f52191fdb89b814cd97265547c9f9d92cae,101
satisfaction_surveys/year=2024/month=10/day=28/satisfaction_surveys_20241028.csv,49382,c846efc93b63e300a771f95a4710ef5252552d7a5a18ece8dafcad92d69f614b,226
satisfaction_surveys/year=2024/month=10/day=29/satisfaction_surveys_20241029.csv,44011,00b072babd031664e00f821c7bf5330b2e10a4fb4dad1ec3fa19cebb9ec0ac9e,204
satisfaction_surveys/year=2024/month=10/day=30/satisfaction_surveys_20241030.csv,57923,19a94cb74039f2c9fe7ee577099e2a0ddcfe4609f198c816e1250b3443706b1b,267
satisfaction_surveys/year=2024/month=10/day=31/satisfaction_surveys_20241031.csv,43419,0bd65bfec94dd6739054002346231a0b03dffedc12ab6562611f65895ae7aa73,199
satisfaction_surveys/year=2024/month=11/day=01/satisfaction_surveys_20241101.csv,47525,0dc77daaeedfb6447451c6a0029872871c5f70bac6a6788c5c42c3afb1c82eb9,217
satisfaction_surveys/year=2024/month=11/day=02/satisfaction_surveys_20241102.csv,26230,448e2ccc10360256a2e5306803e202d58bdb8410e509bdd6e14cba9e98f28d7c,117
satisfaction_surveys/year=2024/month=11/day=03/satisfaction_surveys_20241103.csv,24885,5fb29483db4750968611d37b6fa2ad6020f03680df24963cdb5bce2d392d0972,119
satisfaction_surveys/year=2024/month=11/day=04/satisfaction_surveys_20241104.csv,42200,052cb15841cd5e4a0af4855a305f664ea79256533be47a343c37628667e8833a,193
satisfaction_surveys/year=2024/month=11/day=05/satisfaction_surveys_20241105.csv,52455,faec47e710b83c7c874dcd624d8b178e3a3dec0615ed193429688447fcc30bc0,239
satisfaction_surveys/year=2024/month=11/day=06/satisfaction_surveys_20241106.csv,39165,73db180f24e8f614d5b8c0389cb3cec0204e841ed0e6fd0bdbae5f46e1cad1ce,181
satisfaction_surveys/year=2024/month=11/day=07/satisfaction_surveys_20241107.csv,50889,743d57613be6f706dca245e7d5913b7bef8f067da42df1b339600e46f12ecb33,236
satisfaction_surveys/year=2024/month=11/day=08/satisfaction_surveys_20241108.csv,45985,c8572d6543bb27622979592021f2d0ec24e190a1580c2d161f5158b62a608b2f,208
satisfaction_surveys/year=2024/month=11/day=09/satisfaction_surveys_20241109.csv,26580,02759518730964a30f3bb323994dbd800ecb9f61f42cb5a2a5397cdac53c3e32,119
satisfaction_surveys/year=2024/month=11/day=10/satisfaction_surveys_20241110.csv,21985,bb3e114c09eff0b4c67bf2dfc15cd0dc6459253244976986a8cfc8d62b04c4f0,104
satisfaction_surveys/year=2024/month=11/day=11/satisfaction_surveys_20241111.csv,48901,74f3a10a03781ffc5899f1c0452872e33ee23df43ad7688f8f4e08ef7a95abb0,229
satisfaction_surveys/year=2024/month=11/day=12/satisfaction_surveys_20241112.csv,41038,64aae40ca3bb3edb49cf66e95dd8dc69546cc2de74e94fa92d91442ff3bf6d62,183
satisfaction_surveys/year=2024/month=11/day=13/satisfaction_surveys_20241113.csv,43609,d2c6682560ee4483ec38f8cdceaddd89bce3d19bb4eb797882797634c93479fa,200
satisfaction_surveys/year=2024/month=11/day=14/satisfaction_surveys_20241114.csv,50186,0423e8e0f5dea955aedf12d873f3ff723b59ddf606a2fb91bf25c288e1ff2858,228
satisfaction_surveys/year=2024/month=11/day=15/satisfaction_surveys_20241115.csv,43900,08bf1b58abac9fb2effaebf6ea51590ad0592ea0c7389bd881c1df39c7881a6b,200
satisfaction_surveys/year=2024/month=11/day=16/satisfaction_surveys_20241116.csv,26141,cc7705db3580f909a4d45feae7effb5fa3792e3c7e3a056c4978b63c978c3a1c,122
satisfaction_surveys/year=2024/month=11/day=17/satisfaction_surveys_20241117.csv,28890,d71ce78ef809457d1efedae6a3ed09964fc96121d98a3b01607e42f819bdf895,131
satisfaction_surveys/year=2024/month=11/day=18/satisfaction_surveys_20241118.csv,52570,56f072dd77c462f200409fb58c5e48c503527217b4d539be25b97f25041f8379,236
satisfaction_surveys/year=2024/month=11/day=19/satisfaction_surveys_20241119.csv,54730,fcaa49095579e2ca222c05d3badb831824a77f824d4498469e61aad5383520c6,246
satisfaction_surveys/year=2024/month=11/day=20/satisfaction_surveys_20241120.csv,43867,46a1e134ec4c8ad5eff83b39a1b4445629dfc621576a8fb07045154f42a9879c,199
satisfaction_surveys/year=2024/month=11/day=21/satisfaction_surveys_20241121.csv,39771,eca6112e808f915350c695d04804581cde1526e4fae3c8af4439ee46aa215820,183
satisfaction_surveys/year=2024/month=11/day=22/satisfaction_surveys_20241122.csv,50710,1c2431244112ae53ac98ba5103d15d8d4e353e47169d3f634ab2857c35bedc40,236
satisfaction_surveys/year=2024/month=11/day=23/satisfaction_surveys_20241123.csv,24446,081e70be3a144c5d9a1122dd14ed93297ee48b5555e248f2973e76fa3fb87f8c,113
satisfaction_surveys/year=2024/month=11/day=24/satisfaction_surveys_20241124.csv,29176,47698fb3c40085a66994a4a1c07b75823dbf16c47f226916ccaa3d598fe8f072,135
satisfaction_surveys/year=2024/month=11/day=25/satisfaction_surveys_20241125.csv,42760,10abaf1704134edbfead01953fbb9923e208f4e79f8da2831278af290ed6630d,200
satisfaction_surveys/year=2024/month=11/day=26/satisfaction_surveys_20241126.csv,41136,aeeb4b010037822fc3d015e530fb8092150d8ff9db295387c0177625c674dc4f,192
satisfaction_surveys/year=2024/month=11/day=27/satisfaction_surveys_20241127.csv,45562,1116667c9915255b76a424a194e0b422badfbce743c1507fb84e8fa439e451b7,209
satisfaction_surveys/year=2024/month=11/day=28/satisfaction_surveys_20241128.csv,41901,68d9ec971faad0db3ec205d976af54b0b291e023953f9d8f21ce31accbc573f0,190
satisfaction_surveys/year=2024/month=11/day=29/satisfaction_surveys_20241129.csv,42335,7bd384ad025538f5b9f8c9f9bd46e77aaf9f6b0538b2e47dcab3bc0c4c106cbc,194
satisfaction_surveys/year=2024/month=11/day=30/satisfaction_surveys_20241130.csv,23756,ea049830bc89a8fd71dc67d4abe1e215a50751346aec5c1a416f9c6b273b2a64,108
satisfaction_surveys/year=2024/month=12/day=01/satisfaction_surveys_20241201.csv,23288,b040a77e14f94c3e0ae33ce1edea54249325393747cee1e8310a350c7016625c,105
satisfaction_surveys/year=2024/month=12/day=02/satisfaction_surveys_20241202.csv,56910,d5f0c95b65ef28d2fe184aa648bd4ddaad0076ac607672bc7cc7ec2bd1078822,264
satisfaction_surveys/year=2024/month=12/day=03/satisfaction_surveys_20241203.csv,57836,862a7dc4e52906247ee4b3e3bcadd5b6c385d543c0b7ee180d2483194c64b629,263
satisfaction_surveys/year=2024/month=12/day=04/satisfaction_surveys_20241204.csv,41107,2dc1f0cc7e2c9ce6714c0930a045f33fe7a26b1a1530bc301862763a4cbf994a,183
satisfaction_surveys/year=2024/month=12/day=05/satisfaction_surveys_20241205.csv,51006,8aea3f3d2fe773ff50d2c56acf8aea2c2c2b85a7d85ff55227a832a95baa7228,235
satisfaction_surveys/year=2024/month=12/day=06/satisfaction_surveys_20241206.csv,49999,5d82090c46b3ddae876fb934f96e804a097e94b1b793fdfb5688ee709dd2dd87,226
satisfaction_surveys/year=2024/month=12/day=07/satisfaction_surveys_20241207.csv,27520,a28b9d1c5ff8785c277176bf4d1222f61e92361d844a32caabb5e475477d19c1,126
satisfaction_surveys/year=2024/month=12/day=08/satisfaction_surveys_20241208.csv,28425,f4a94a2974a37bbcbbd12c8cce0994f1e01cfce6d88180cf4aef95a229072122,131
satisfaction_surveys/year=2024/month=12/day=09/satisfaction_surveys_20241209.csv,51003,746115a0da12ff55f934027872c38a3e2d8f5cdd130058f0d11d31a8eb29016f,232
satisfaction_surveys/year=2024/month=12/day=10/satisfaction_surveys_20241210.csv,52291,a2d4b77d7f5bcd26f2fea524b09edd80abd37b191cdc94b69d13a573e1588ebc,245
satisfaction_surveys/year=2024/month=12/day=11/satisfaction_surveys_20241211.csv,44085,055ac3e5da1c618e303bb0bcd642da6ec2ff9f73833326a5acf6b0cb2de37734,201
satisfaction_surveys/year=2024/month=12/day=12/satisfaction_surveys_20241212.csv,43420,dd3501ad137ae4e0f92afc3663ed865ff869a46e8a25e3fb3d24a89df62b3503,202
satisfaction_surveys/year=2024/month=12/day=13/satisfaction_surveys_20241213.csv,54668,c1376a1df562870b1c450aa065342524ae6366faa23813e52bd4c2e85f91508d,251
satisfaction_surveys/year=2024/month=12/day=14/satisfaction_surveys_20241214.csv,21170,b2098a625b3aa6b048f0c2fd553c30801ecfc5063b63f36ab487a7a57a35971e,98
satisfaction_surveys/year=2024/month=12/day=15/satisfaction_surveys_20241215.csv,24092,c7cdc00e4054fc1e22eeec3496b3ede5aa66840cd30e6825b24f3e78b73c77ea,113
satisfaction_surveys/year=2024/month=12/day=16/satisfaction_surveys_20241216.csv,42766,a0a819ae23677c53e3ec376eb93dc7a2cf9001d87cee4e5d66799db84e1466ad,193
satisfaction_surveys/year=2024/month=12/day=17/satisfaction_surveys_20241217.csv,40247,5e71d0740be37645f80ec5ebef731bbdb21e0a791de200381da6648af948d11a,188
satisfaction_surveys/year=2024/month=12/day=18/satisfaction_surveys_20241218.csv,41176,ee5a9a5767d68f0d7d6d9cbab763a7ca38b923d154c8ca6d06ef333cfe9c55ae,189
satisfaction_surveys/year=2024/month=12/day=19/satisfaction_surveys_20241219.csv,51689,1b4479ca31e93b536c402a8f8f432ed45941b2f800f4a3247dd36c372432c76b,238
satisfaction_surveys/year=2024/month=12/day=20/satisfaction_surveys_20241220.csv,41208,d28b2b765ebdab664146d749eaa51f101bc9e5820a33507ce1d38cec8d404a9f,188
satisfaction_surveys/year=2024/month=12/day=21/satisfaction_surveys_20241221.csv,28198,36ac275f49c556adff8111d86b30c8a42b9f5b0b9a52492efc0513f23dc5126c,129
satisfaction_surveys/year=2024/month=12/day=22/satisfaction_surveys_20241222.csv,23173,1ce38a721024c9e6a67e4592c7206c92c660c64519a21aa35835923a95ff4d65,107
satisfaction_surveys/year=2024/month=12/day=23/satisfaction_surveys_20241223.csv,58055,5a15d50e631b907856b4496bb1d7e72c5cbe7020f413a45c27f4a976493beeef,268
satisfaction_surveys/year=2024/month=12/day=24/satisfaction_surveys_20241224.csv,56644,fa345e2e021c64b7b757ec1bedb0dee095668259094132eb48b50644a81fe6d3,265
satisfaction_surveys/year=2024/month=12/day=25/satisfaction_surveys_20241225.csv,42430,737ad78543600f2566754ad7ba8ded95da186c55496a04788e25617bd7147382,193
satisfaction_surveys/year=2024/month=12/day=26/satisfaction_surveys_20241226.csv,45882,cfa73e50ab52391a285981878aa8bddeac7051fd490b66eb0a008134478be2dc,213
satisfaction_surveys/year=2024/month=12/day=27/satisfaction_surveys_20241227.csv,50377,d5d95e656576d551323d2470c560d47b52361eaa90a05d9aecda9e88fb40d5cc,230
satisfaction_surveys/year=2024/month=12/day=28/satisfaction_surveys_20241228.csv,22468,30f179f6e2a63997f067ef9272876262b08e93bbe2b3b75034a3cefd3341a2cd,103
satisfaction_surveys/year=2024/month=12/day=29/satisfaction_surveys_20241229.csv,22693,6fe02625b667ce338d518f7c8d28f676ce1fa812452bcaae1f345afb9ffce8f5,103
satisfaction_surveys/year=2024/month=12/day=30/satisfaction_surveys_20241230.csv,49600,4e76bef7abb9fb4d0927b7b60cbd1f8ebe9a2a7410aaaea74a5a51c29adde403,229
satisfaction_surveys/year=2024/month=12/day=31/satisfaction_surveys_20241231.csv,47195,5b32101ff63c96f1c48101922a07a5a9b8e79c520047f87af894236484d66e8c,212
satisfaction_surveys/year=2025/month=01/day=01/satisfaction_surveys_20250101.csv,57818,282fad0045ef058ebad703bbb81789856dd3c231476e3671e91ead7aea0fd8a1,268
satisfaction_surveys/year=2025/month=01/day=02/satisfaction_surveys_20250102.csv,57814,c3548565280fe1980b6a8883fa9f46aca9f2f657b81998463738700151ff00c8,269
satisfaction_surveys/year=2025/month=01/day=03/satisfaction_surveys_20250103.csv,47582,549bc45acff532cf14f8286c964beedb79f2715422434643d59c3375cf648f5c,224
satisfaction_surveys/year=2025/month=01/day=04/satisfaction_surveys_20250104.csv,20338,ee4be0d2095d97e3c6554fd2b17e903cfb48e24c9b5cfdb1e662e459f1baacc7,93
satisfaction_surveys/year=2025/month=01/day=05/satisfaction_surveys_20250105.csv,22090,9b8a5a92138daf82a6d9740cc64937be13da657dfe7b3bd1620ee3ec9e78719d,100
satisfaction_surveys/year=2025/month=01/day=06/satisfaction_surveys_20250106.csv,40354,1d89c0928ba4cf953b5c1eb049a23f1a68bd8e9d30292829f814d5eaa913327e,184
satisfaction_surveys/year=2025/month=01/day=07/satisfaction_surveys_20250107.csv,60792,1c880bba5145bc6fe3d043103005ceaa10315f1357d9af4c0e8113ede8d6f45f,270
satisfaction_surveys/year=2025/month=01/day=08/satisfaction_surveys_20250108.csv,39101,9d9f922ee1f2b5a1369b21f73138cddb3fb74d32e34a9643772ecae035f37da7,186
satisfaction_surveys/year=2025/month=01/day=09/satisfaction_surveys_20250109.csv,57764,c33483a94cd87278b57e443f9d61e842ead177a4ed2dceddb4224e1198b8d65d,270
satisfaction_surveys/year=2025/month=01/day=10/satisfaction_surveys_20250110.csv,52883,b11bef084dce9ea75b618d627bdd79da493530f1bfca2583dcb5650a5965e692,244
satisfaction_surveys/year=2025/month=01/day=11/satisfaction_surveys_20250111.csv,22944,4ef13706a7d0481107fe75503bafa3f2b14ada8b501c7382fd919e0bb7fa2617,102
satisfaction_surveys/year=2025/month=01/day=12/satisfaction_surveys_20250112.csv,24611,7e8009234d63864cb151c8cbf0ea11cb4bd5fc94da087f186ca6161f893fd6fc,113
satisfaction_surveys/year=2025/month=01/day=13/satisfaction_surveys_20250113.csv,56747,abb3dff635a89f96e9cf64f82beaf7923ec4f7fcabb7bb064c67cfb8c4856ad1,264
satisfaction_surveys/year=2025/month=01/day=14/satisfaction_surveys_20250114.csv,43200,951552018d1d40617a70409fa5fcade9f33ef832884a99b6f9d1c5f37fa19e87,203
satisfaction_surveys/year=2025/month=01/day=15/satisfaction_surveys_20250115.csv,41685,b6b7858e0b96957503a406564b2474e5a215e755389fc5df802e787f473d3226,196
satisfaction_surveys/year=2025/month=01/day=16/satisfaction_surveys_20250116.csv,47171,df2ec475582348c0ab90d2a5b5757291c8b9e94d85bb6dcad3dccb087efd4964,217
satisfaction_surveys/year=2025/month=01/day=17/satisfaction_surveys_20250117.csv,42559,32669aad0be8ff4f8770ff9478450ec0890debad467865cbc987b5eb6eb147ec,191
satisfaction_surveys/year=2025/month=01/day=18/satisfaction_surveys_20250118.csv,24650,59ef0333b41d9b8116a0aa2382f8a3bcdf8a22374e50138cac91100b28c44c72,114
satisfaction_surveys/year=2025/month=01/day=19/satisfaction_surveys_20250119.csv,27589,6e265d5858b10a72a4069024e50c2176c0381d44ec474d7a4190f5ba3fd9eb98,123
satisfaction_surveys/year=2025/month=01/day=20/satisfaction_surveys_20250120.csv,46110,e3416eb4e3ff9a9a8abfb079c20e7d614fd03493232fd360152be3e5af85527b,213
satisfaction_surveys/year=2025/month=01/day=21/satisfaction_surveys_20250121.csv,39476,9d23167cc0ec7a413d4a13212d9daf7c0a6b04dc2f2931f39acdd7c60d9399e5,183
satisfaction_surveys/year=2025/month=01/day=22/satisfaction_surveys_20250122.csv,39009,df7381ea0b3c19424f339ed974192d8cda7dd718b218da12b1c534180d0fab2c,187
satisfaction_surveys/year=2025/month=01/day=23/satisfaction_surveys_20250123.csv,54757,2bd3610167077f7ee26ad929a7c99fe80ce1e94b9b0da67be7af3af51d72cc2e,248
satisfaction_surveys/year=2025/month=01/day=24/satisfaction_surveys_20250124.csv,41945,cd413af335f9ebee72822861bb648f63fba080d40df28e1c8035aa52904da264,184
satisfaction_surveys/year=2025/month=01/day=25/satisfaction_surveys_20250125.csv,28268,a08ed376a50e5fa15c475fdb750dce35b0fd5e494bcf4d507c15af32d498044e,132
satisfaction_surveys/year=2025/month=01/day=26/satisfaction_surveys_20250126.csv,24389,3d8ab83a82c5c0b0cbeb0418bbc91e9a08809d860269e39c78a7aa889899a339,112
satisfaction_surveys/year=2025/month=01/day=27/satisfaction_surveys_20250127.csv,54427,8c3f69b4f9a345e9c816b2315501764e76c599dcfb542407ed1bc2dab95cd311,250
satisfaction_surveys/year=2025/month=01/day=28/satisfaction_surveys_20250128.csv,45592,aabdb015f7b8bd71d0efada93261021c5b97f2a601a8e3fb98b1e6ba48a68b22,208
satisfaction_surveys/year=2025/month=01/day=29/satisfaction_surveys_20250129.csv,52347,24895bf7a5e002d195565199e3bcb0929a5a8abfd5b4c2032ddd5e4c8ae32814,237
satisfaction_surveys/year=2025/month=01/day=30/satisfaction_surveys_20250130.csv,55668,d1501098dec6530223b47296d6da5d38cd21433ec2a60918e4c84399bb8d4ff4,254
satisfaction_surveys/year=2025/month=01/day=31/satisfaction_surveys_20250131.csv,43730,5beaca5b3ff0096eb5e849ae0d9c2ef157d6b89c0ef657126f955c2d34dfcdff,203
satisfaction_surveys/year=2025/month=02/day=01/satisfaction_surveys_20250201.csv,20996,9b080fe36c08ea935f8c7205ae790a634bf4e7e175472dd151dd056c342efaad,94
satisfaction_surveys/year=2025/month=02/day=02/satisfaction_surveys_20250202.csv,24454,e3e9010bf350ba3227876d0caecb492fc08740eb6325b12c3149c64f08388680,111
satisfaction_surveys/year=2025/month=02/day=03/satisfaction_surveys_20250203.csv,54205,7b33c679a2f787f994f08776b24b6964b5a8a37b7b236a800573469f8fb270db,247
satisfaction_surveys/year=2025/month=02/day=04/satisfaction_surveys_20250204.csv,42277,a9356a89229d682addfc9e7f5721fb4f9746deb6292be1191c942e89e9b97015,193
satisfaction_surveys/year=2025/month=02/day=05/satisfaction_surveys_20250205.csv,45674,abd053d5cebc2c931537381d142da2e3a17f53a0855a0bb6186385e3a93a2d8f,208
satisfaction_surveys/year=2025/month=02/day=06/satisfaction_surveys_20250206.csv,46835,f1dcf8c08b819e519970941521cbe026cbbe64c5c38c22d52976ab8f0972d2b6,215
satisfaction_surveys/year=2025/month=02/day=07/satisfaction_surveys_20250207.csv,47846,0592b5f34cb1252e297c544337e55fc5e94de964ed41711c9c5bd81bd24e1c58,221
satisfaction_surveys/year=2025/month=02/day=08/satisfaction_surveys_20250208.csv,26878,64da2a3c21240b1a200f9830f130d75e0ab8b99412cf668b0795ca3143a6bc23,122
satisfaction_surveys/year=2025/month=02/day=09/satisfaction_surveys_20250209.csv,22465,b56df39427f26e359b36dd6d276e50fa76429f2735177fd3975427e60d670f04,104
satisfaction_surveys/year=2025/month=02/day=10/satisfaction_surveys_20250210.csv,57293,1a8a81b3c61017e39122bc63ec0aa85ba04f30c73ed811134b50a9b2745d01c6,265
satisfaction_surveys/year=2025/month=02/day=11/satisfaction_surveys_20250211.csv,55205,01e8255aa61b16791d7885342098264729e76a0895f3bc144195c97d9b439637,258
satisfaction_surveys/year=2025/month=02/day=12/satisfaction_surveys_20250212.csv,45908,f821c4f46196339152297c99891e1f12df765fb53ed2c92128c66e5beda89f7b,210
satisfaction_surveys/year=2025/month=02/day=13/satisfaction_surveys_20250213.csv,46223,10e82d173a85ddcef1c378086e8b1e565e867c5495d138eca99fc477e4793ab8,212
satisfaction_surveys/year=2025/month=02/day=14/satisfaction_surveys_20250214.csv,56174,6a71bb85fdef65018f03a8ceb6883403a39330f85ff154e5f7e6e23b75765ffc,254
satisfaction_surveys/year=2025/month=02/day=15/satisfaction_surveys_20250215.csv,22507,cfcc98f3d6639bc6ede3079e5a9c06c99d0e0d9c51036b8c5c082ea465e842e7,103
satisfaction_surveys/year=2025/month=02/day=16/satisfaction_surveys_20250216.csv,21143,e2048b0fa034cb4d6cf40a9841badfa66cf779b26d26de12081bafd45e3561b2,98
satisfaction_surveys/year=2025/month=02/day=17/satisfaction_surveys_20250217.csv,57517,5626209753ccc652be2a4b787ac23eececa5697366d806f0c4c09022510d6b31,261
satisfaction_surveys/year=2025/month=02/day=18/satisfaction_surveys_20250218.csv,40403,bed836cc297085dcdc2e7434f54390da856aa2f167cef1dcdb7c8e9fcdb8490a,188
satisfaction_surveys/year=2025/month=02/day=19/satisfaction_surveys_20250219.csv,47878,d225cbb39c5fb608f6011a8eb010907448bda5e8c3f0a344130842370e1e4b45,226
satisfaction_surveys/year=2025/month=02/day=20/satisfaction_surveys_20250220.csv,49699,679028df1b30495ff779299768f1cb1dc557792110316aaa9eef09ec95c637bb,235
satisfaction_surveys/year=2025/month=02/day=21/satisfaction_surveys_20250221.csv,48895,98070e585b4ebb19c5ff24f2270de04a1623857b4460e67c82059f5cacb5a617,223
satisfaction_surveys/year=2025/month=02/day=22/satisfaction_surveys_20250222.csv,22389,838a3703479e7731459f7145fd8ef3d387ab61a50b1a23e050907dc87c4f69c6,103
satisfaction_surveys/year=2025/month=02/day=23/satisfaction_surveys_20250223.csv,21231,64f56bc7025fc9f29f4434c91dae949d990899a1f697610e0480e70e107ba7d2,94
satisfaction_surveys/year=2025/month=02/day=24/satisfaction_surveys_20250224.csv,43720,8ebcc7f8063aae9cebe21a7b9ad491043dff399d02718312791fb455003e80a2,202
satisfaction_surveys/year=2025/month=02/day=25/satisfaction_surveys_20250225.csv,46065,0fcd69765087268a17771d309cb01c98b9a7f02f64422264955370b3418832f4,212
satisfaction_surveys/year=2025/month=02/day=26/satisfaction_surveys_20250226.csv,49444,62a488c9adc2608ba24e62977dac235d85be9cf4a0fd33164e47f8488cf705aa,230
satisfaction_surveys/year=2025/month=02/day=27/satisfaction_surveys_20250227.csv,49180,50f76e745a3b6b43a8f09497372673153386691c5abece5fd7f8b50333067d14,221
satisfaction_surveys/year=2025/month=02/day=28/satisfaction_surveys_20250228.csv,49643,7fbbb370ea679272efa2c0d6ea5c626ac35f25343f1132dfe9fdec3619e96a96,224
satisfaction_surveys/year=2025/month=03/day=01/satisfaction_surveys_20250301.csv,28438,42305a777a4945eb74f1e940435b2dfedda75b9e1b1545da1d5c3da7f8bbb182,128
satisfaction_surveys/year=2025/month=03/day=02/satisfaction_surveys_20250302.csv,20470,c0ae729369d3b1d17717c3fad271467512a67684f1286cb22baeb8bb429f1854,92
satisfaction_surveys/year=2025/month=03/day=03/satisfaction_surveys_20250303.csv,47708,1f224b0174f2cd4d5b35bf7ad710d0152cd6c114ef3ecbb8d8001eea7c723972,218
satisfaction_surveys/year=2025/month=03/day=04/satisfaction_surveys_20250304.csv,51143,ed545339456785257252922a2ee82bef96a45a0c6df1abbca25501330672ead8,232
satisfaction_surveys/year=2025/month=03/day=05/satisfaction_surveys_20250305.csv,58587,811ceef5110b8a9ec90c6187fadbe9408c5ab0a55a1a181b37b5a4c7ddc058b7,266
satisfaction_surveys/year=2025/month=03/day=06/satisfaction_surveys_20250306.csv,50975,f49b26b4dca4b7406aa1c794a11645b4ae34ef5c94b5b174a03b6464cd476589,234
satisfaction_surveys/year=2025/month=03/day=07/satisfaction_surveys_20250307.csv,44346,f09f0614e1d0cf68c3433df2a4a1a94726ec922a6323506a9e95800eb41bd2dd,204
satisfaction_surveys/year=2025/month=03/day=08/satisfaction_surveys_20250308.csv,25391,8768f0eb090bc329821f64c8ee56d63a48813d6ce4a77f25412373f61ec9c616,113
satisfaction_surveys/year=2025/month=03/day=09/satisfaction_surveys_20250309.csv,26454,0ba63f937e6e4e2bf54b66c0fec0ea1356c5f713f0e68768822719277b8e9584,120
satisfaction_surveys/year=2025/month=03/day=10/satisfaction_surveys_20250310.csv,51297,228d4063c263a4f7f99337e4211bd3e23c26466c3ab456af7a923cf9d3f79107,238
satisfaction_surveys/year=2025/month=03/day=11/satisfaction_surveys_20250311.csv,56459,9d584d4eaba82cd2b6d27fdb554684608540a67ebd0e1099e85b1accd3cfb820,260
satisfaction_surveys/year=2025/month=03/day=12/satisfaction_surveys_20250312.csv,57828,8a640c213cfad7877a5e54bd73bad3198aaee759e1bf4633d99d3386e81be8fa,268
satisfaction_surveys/year=2025/month=03/day=13/satisfaction_surveys_20250313.csv,56183,e70b406d340c9291e26c3c2619308699de8b362402d6a2d5cd24be3dfb2b5051,258
satisfaction_surveys/year=2025/month=03/day=14/satisfaction_surveys_20250314.csv,46286,3a08f6c49872a1a5b8a54daba1f9fea8471592cf6c5034f8e3199d1c615e7a6f,209
satisfaction_surveys/year=2025/month=03/day=15/satisfaction_surveys_20250315.csv,28476,9be4e1e8982673366434256ae10527ac4296489b3a5974af6d4218bb16e76ee5,128
satisfaction_surveys/year=2025/month=03/day=16/satisfaction_surveys_20250316.csv,20252,e301d2c223db3cd04a456395f3c6a07d49374441429299f22ee9931db13727a1,92
satisfaction_surveys/year=2025/month=03/day=17/satisfaction_surveys_20250317.csv,48756,c7dfe76e5b14cce5e62a6d7d66b3fcaaf48160edb11c3bad0344b1c78c43dc75,223
satisfaction_surveys/year=2025/month=03/day=18/satisfaction_surveys_20250318.csv,45030,96b874ce650b7e86b81492a821dcf8c430e016b084518a0cd1ea61be7a8c41d0,208
satisfaction_surveys/year=2025/month=03/day=19/satisfaction_surveys_20250319.csv,46711,b72848b62fac004dbf67163609094321f550c56ca84c16d02fcc013983fca823,217
satisfaction_surveys/year=2025/month=03/day=20/satisfaction_surveys_20250320.csv,57731,d74ea4f131a454c4ccec42ca9b0f327160908f470dee4ff6179d1a24514bd657,268
satisfaction_surveys/year=2025/month=03/day=21/satisfaction_surveys_20250321.csv,42838,13c28edc17b877a704d4893132cd6d3534a407b09524534a120d79189668a114,193
satisfaction_surveys/year=2025/month=03/day=22/satisfaction_surveys_20250322.csv,22515,26f62ba3400e19976dd57d02b354d9f62cbca037050900bd61687740505149be,103
satisfaction_surveys/year=2025/month=03/day=23/satisfaction_surveys_20250323.csv,29725,3aefd75339f1a4cfcdf9f86e66fd14f9d7abdec80634bbccb19dae02c96c3fcc,133
satisfaction_surveys/year=2025/month=03/day=24/satisfaction_surveys_20250324.csv,51651,4b472fa5d3f1939fea5709a86296307eba95fad3cfac1a83a85771c66e4ae6be,234
satisfaction_surveys/year=2025/month=03/day=25/satisfaction_surveys_20250325.csv,56082,05412d52966dc2bddfaec8271043b653e4d9e831a73ece7e8b7cc38f9f1166fe,258
satisfaction_surveys/year=2025/month=03/day=26/satisfaction_surveys_20250326.csv,52339,70028fa87f6bd0745ceb95b7f1d7b903060a8ee6442211407e7a6bffd0aecdc4,237
satisfaction_surveys/year=2025/month=03/day=27/satisfaction_surveys_20250327.csv,57879,d17b50dd24c95563b47881d0e97ab1639e4c2ed454d0027f19b1daf567f8ad5e,266
satisfaction_surveys/year=2025/month=03/day=28/satisfaction_surveys_20250328.csv,46965,422ab8aa1e4fb3f2f41f4e73f43f07bfcd81d2c29eec7ad682b1efe9d0cd1bb3,217
satisfaction_surveys/year=2025/month=03/day=29/satisfaction_surveys_20250329.csv,21024,baada395c27fab1c5729fdff658f0b20cb51ccc0897d2497bd45b11cc5c4530a,100
satisfaction_surveys/year=2025/month=03/day=30/satisfaction_surveys_20250330.csv,26482,d2906bc0a5e01ce377df53d13cb256361b09e6d57dabfa5ca96576600a625b77,123
satisfaction_surveys/year=2025/month=03/day=31/satisfaction_surveys_20250331.csv,44681,7e539eaa6dda744e6bf8d2d04a167dd19922d588832ac4acf5d6e9c85fe24aaa,203
satisfaction_surveys/year=2025/month=04/day=01/satisfaction_surveys_20250401.csv,52501,89e0783e74bae052b0b4026f410f583c0e2bed98aef47e0eaaf5eb39bedf3417,238
satisfaction_surveys/year=2025/month=04/day=02/satisfaction_surveys_20250402.csv,51044,48e2b656aedfff65bd969558e24a52d0c2d6f05447afffe389399ff33a46884b,233
satisfaction_surveys/year=2025/month=04/day=03/satisfaction_surveys_20250403.csv,58766,b913e9d6cf44621652fc2e6c24fe100ee6ca027a9b5ce580238871099dd97c3b,269
satisfaction_surveys/year=2025/month=04/day=04/satisfaction_surveys_20250404.csv,40556,361061b592552c80bc6c4e3fdbe599e68193bfd44e636eb61e81fd291774aa65,187
satisfaction_surveys/year=2025/month=04/day=05/satisfaction_surveys_20250405.csv,29327,816212e202b13f3dd60a67a6026e77e2d3521bd7da9a66c1b6048abb07fb814e,133
satisfaction_surveys/year=2025/month=04/day=06/satisfaction_surveys_20250406.csv,24261,b5fc703616b3dbe918735a0ccf020d6177a8c23e37e4b5cd0ddd4e4211ccc280,113
satisfaction_surveys/year=2025/month=04/day=07/satisfaction_surveys_20250407.csv,47259,8071adf1a20027f747127bbe74ca75b0c14031dc3e1e86e8678f1e009180b468,217
satisfaction_surveys/year=2025/month=04/day=08/satisfaction_surveys_20250408.csv,55752,fc4f729d892f1dc90b09904519e14b3719e3067f2291bc9a1bf1332729d96848,256
satisfaction_surveys/year=2025/month=04/day=09/satisfaction_surveys_20250409.csv,44974,35ea5eb351e767b055c9ed8d98e454ea8220f6d0f9184f4635189ef8f10509c4,203
satisfaction_surveys/year=2025/month=04/day=10/satisfaction_surveys_20250410.csv,56055,2d43dedfb073cbd65a6376e61a3ddd39d66d6ab944106e37fca3b7d19c928b3a,255
satisfaction_surveys/year=2025/month=04/day=11/satisfaction_surveys_20250411.csv,40938,7ab90b5d3b0b1e7bc33ed6848d312d21483d90665b76160fa0b61ca7aa7129f6,186
satisfaction_surveys/year=2025/month=04/day=12/satisfaction_surveys_20250412.csv,21278,add039322e590c394ee83c25bb499b1b545e765b172430363dc31938ff0def73,94
satisfaction_surveys/year=2025/month=04/day=13/satisfaction_surveys_20250413.csv,22517,b165ce3283e695befc81a8c97c01b4ceb05570746701f75db408fb341a418f82,102
satisfaction_surveys/year=2025/month=04/day=14/satisfaction_surveys_20250414.csv,57171,81874790861b1c871e0d41f25b57a75d15edee5ed7a50a183ffba14581fcb418,263
satisfaction_surveys/year=2025/month=04/day=15/satisfaction_surveys_20250415.csv,45148,e960ba646a1cd00fbf13a40506832ef91d6cbbd8ee53f3531520203ab3f93159,206
satisfaction_surveys/year=2025/month=04/day=16/satisfaction_surveys_20250416.csv,55713,fe1676ddc2a85361a5feb4d575b661cd4ee13f50eb42f0af8d072e4204645af9,253
satisfaction_surveys/year=2025/month=04/day=17/satisfaction_surveys_20250417.csv,50457,f1d34d5fba68a3c90ff824724760766c5fd0019e59ad3d19356e3a48e93340b1,231
satisfaction_surveys/year=2025/month=04/day=18/satisfaction_surveys_20250418.csv,43460,3660aa2e811b13e68a6edbfdd14194ba2e2906c652c83c11ce1b3492c783c7de,200
satisfaction_surveys/year=2025/month=04/day=19/satisfaction_surveys_20250419.csv,27097,97e557e67fde0d711a2b7dbbbe440e4150618a6d2be7fe4534308f095015ecce,123
satisfaction_surveys/year=2025/month=04/day=20/satisfaction_surveys_20250420.csv,23226,99f6028f0afbf0808569b40ee43b317fcb3367721cd21dc7c3b5528b70d5cc0f,106
satisfaction_surveys/year=2025/month=04/day=21/satisfaction_surveys_20250421.csv,44325,2e4a1eba3364691b23c12eab8f2968fb9feeca55da3ce635c6bc7fb6796607de,204
satisfaction_surveys/year=2025/month=04/day=22/satisfaction_surveys_20250422.csv,56626,10097191c3116b14a34e076d3972c339b975526b311e641396411643b3f6038a,259
satisfaction_surveys/year=2025/month=04/day=23/satisfaction_surveys_20250423.csv,41747,812e6bde8dac7d19bae4a6180f37b347b0554406b71e44f7fa90f576d0f4058f,191
satisfaction_surveys/year=2025/month=04/day=24/satisfaction_surveys_20250424.csv,52404,665c317da005abd8c8d42219d9b4cabe579435fbb44770c90975b480c31175ec,241
satisfaction_surveys/year=2025/month=04/day=25/satisfaction_surveys_20250425.csv,55354,cb3b9b2153ff93ad11432e75563431769528ceb4242f014edd3adfd4a19c7fff,251
satisfaction_surveys/year=2025/month=04/day=26/satisfaction_surveys_20250426.csv,27712,be78eba0dfc68c14610c15b7b49c83f72d618533ead880894d9badfbeafca372,124
satisfaction_surveys/year=2025/month=04/day=27/satisfaction_surveys_20250427.csv,23844,74916556d8c92e2cda7fbd296b12cd3ea70a6cd5c7161ab7c30c64e430193488,110
satisfaction_surveys/year=2025/month=04/day=28/satisfaction_surveys_20250428.csv,54694,9a664dee17c464453e459aeba1ac7212d91273353abd0b3b90fae4a9e5d34f13,245
satisfaction_surveys/year=2025/month=04/day=29/satisfaction_surveys_20250429.csv,50787,d0dfdf00ae21516dc93e6bfdb1f6d48a2109d347a1a6ffaaea8a452703aabe2a,230
satisfaction_surveys/year=2025/month=04/day=30/satisfaction_surveys_20250430.csv,48492,4ccabf80899fd23792c8733f993b5cf3ef35c5f179e72fa4a5d095b651f28550,224
satisfaction_surveys/year=2025/month=05/day=01/satisfaction_surveys_20250501.csv,52207,3edb0c486f187601c51f3014ad705c95907beaeec3fa48d8f3bf31a2e672d133,239
satisfaction_surveys/year=2025/month=05/day=02/satisfaction_surveys_20250502.csv,50935,4d2334be604f0e4c1ceae65bf253cd975658b6fab16e627c908028ab974f0769,235
satisfaction_surveys/year=2025/month=05/day=03/satisfaction_surveys_20250503.csv,29921,9a2d590b72b353eb52eb81a2716d2f4e3748dfe718bf4a0c680eb9f586ed93fb,132
satisfaction_surveys/year=2025/month=05/day=04/satisfaction_surveys_20250504.csv,20850,c3d11f5ee1c7fb85e4465342324f0eba261812bb26c884b0584f85cf43068e35,97
satisfaction_surveys/year=2025/month=05/day=05/satisfaction_surveys_20250505.csv,53916,475143c072e752eb517d6b0c58f593039fb21d1d955e35f67255159933dc12d5,246
satisfaction_surveys/year=2025/month=05/day=06/satisfaction_surveys_20250506.csv,43649,ca911d86b218f241a28bb2c0e5ba4d2f5d85dee1de77193cdaef2d05e0acf9e5,196
satisfaction_surveys/year=2025/month=05/day=07/satisfaction_surveys_20250507.csv,41822,7c8f275d5818e2c108b33430bbdb54b3cba6a905a11f3c1b34384c4c60d87731,191
satisfaction_surveys/year=2025/month=05/day=08/satisfaction_surveys_20250508.csv,41539,16848dffcd2eab0232a8c88d68b204f5b257f04c779db88cfc4bc8311228a2d4,186
satisfaction_surveys/year=2025/month=05/day=09/satisfaction_surveys_20250509.csv,41226,efee15332bbd4af51b41d1cb55ba59d34118c646d7f2da00b9a6b8c2307e48a7,192
satisfaction_surveys/year=2025/month=05/day=10/satisfaction_surveys_20250510.csv,23368,669f291f4d92821a0d53641adbb9095c603710278f317673a45099a9e341750f,106
satisfaction_surveys/year=2025/month=05/day=11/satisfaction_surveys_20250511.csv,29498,af2de0428b7039da571bafa943b87426a52b1cd447737254efcebd2f477e5015,134
satisfaction_surveys/year=2025/month=05/day=12/satisfaction_surveys_20250512.csv,56004,d453e36f70aff5e2be1e609232f41ac9a25e39347da5d36050cc67278eb65b22,258
satisfaction_surveys/year=2025/month=05/day=13/satisfaction_surveys_20250513.csv,43452,398a3ea93a19868a430f04724fc6877a0d78e8905eb2a13cbba185a0289f9cfc,197
satisfaction_surveys/year=2025/month=05/day=14/satisfaction_surveys_20250514.csv,50092,5baef5d9bceffff6cbc243336b42d567cd826638a9624e3e83fe04931c487533,228
satisfaction_surveys/year=2025/month=05/day=15/satisfaction_surveys_20250515.csv,55940,02650e38314d1c0987f69cba1aeebcacd6044c9a33766b6c469cb13f2e0e4d4a,257
satisfaction_surveys/year=2025/month=05/day=16/satisfaction_surveys_20250516.csv,49397,35ae93fc1ee38facecd0af5e829b405149726c4734e25a00ffe0be8960663c64,226
satisfaction_surveys/year=2025/month=05/day=17/satisfaction_surveys_20250517.csv,21524,fdd0799c1c10a05f28a9676ed304eaa32614c879eaab0e76e5f42e30d6ab797b,97
satisfaction_surveys/year=2025/month=05/day=18/satisfaction_surveys_20250518.csv,21608,0d181cc41c4424e881319b1e9b77a71cf10ab5256c3e08029fc43a541f820289,96
satisfaction_surveys/year=2025/month=05/day=19/satisfaction_surveys_20250519.csv,50599,b8aa02e1de55938b012e239181e6864c472671e9aa7e3df06622cdb8b75de0bb,228
satisfaction_surveys/year=2025/month=05/day=20/satisfaction_surveys_20250520.csv,44684,ec1c98d823cc76e283796919af54f80396d886127fe5c72eeb3a07d336523340,206
satisfaction_surveys/year=2025/month=05/day=21/satisfaction_surveys_20250521.csv,55191,b9e44c89be4ca02fa59026faf4c8b5059c234664d9acb27db673063f406b399c,252
satisfaction_surveys/year=2025/month=05/day=22/satisfaction_surveys_20250522.csv,57103,eeb3cbe1a2d6731681bf3864d9641f8828afe998dea35459341016cc735eb49f,261
satisfaction_surveys/year=2025/month=05/day=23/satisfaction_surveys_20250523.csv,53463,ccf4781545c3555205d66aeb9117fefd8d6b67f43d3735f162c773c6b62997fd,245
satisfaction_surveys/year=2025/month=05/day=24/satisfaction_surveys_20250524.csv,29377,4d7f439ff5b178af6e5dc6a4c57d448b4cfa5fd225f0fb0f89bad23dd20b41e3,131
satisfaction_surveys/year=2025/month=05/day=25/satisfaction_surveys_20250525.csv,29314,5f69d2ba57fc7f52dc3229aa4e3ba55af3d2b42e8f468675881ed710147f4442,134
satisfaction_surveys/year=2025/month=05/day=26/satisfaction_surveys_20250526.csv,51365,57ee914017cf7534eca9fc21993b374b083cc1b46509c84591f0c5176d8535e8,234
satisfaction_surveys/year=2025/month=05/day=27/satisfaction_surveys_20250527.csv,56833,b2268056e823c90c9d70be3c9d1198ad6f43e9ae00b063b13dd42653d03e9988,258
satisfaction_surveys/year=2025/month=05/day=28/satisfaction_surveys_20250528.csv,49905,aad0483b637f76203248f59cb2194db44b48d22382394d5c21075a4435b2866e,230
satisfaction_surveys/year=2025/month=05/day=29/satisfaction_surveys_20250529.csv,56318,18b62f4272ad22f94178ace9bae6df985de0401607d1849924d0277bc163fb9b,259
satisfaction_surveys/year=2025/month=05/day=30/satisfaction_surveys_20250530.csv,46152,359f5a43e7337c1ad49d58128ceabae52b8b650c9378ce1d08ff56f40397603f,210
satisfaction_surveys/year=2025/month=05/day=31/satisfaction_surveys_20250531.csv,27510,8c117388205982836fff189982dd48f7e1dca95e5e5d63a353505810804533fd,126
satisfaction_surveys/year=2025/month=06/day=01/satisfaction_surveys_20250601.csv,24781,bcfcc90c572ef56bdac94c4913499b21aaf1a0d6c716593ca6e3722873f4d3fe,115
satisfaction_surveys/year=2025/month=06/day=02/satisfaction_surveys_20250602.csv,41110,8797ab8df5689a890f32ccac5de3788a2f57792487d40bd55a33ac79cf2460c2,188
satisfaction_surveys/year=2025/month=06/day=03/satisfaction_surveys_20250603.csv,41350,495fbfeea17e981a8f596038da3c50faf3a92f8b959ee760ee59eb4b0aeb35e9,190
satisfaction_surveys/year=2025/month=06/day=04/satisfaction_surveys_20250604.csv,46368,24bba15050999d88d649d12083cc0facce0ca53e406fb8a2c4d6848564cddcfc,212
satisfaction_surveys/year=2025/month=06/day=05/satisfaction_surveys_20250605.csv,43475,c299a404cc41bca6baf2808bc833341985c34c72d8f5958045bd61ff7e14bbe8,194
satisfaction_surveys/year=2025/month=06/day=06/satisfaction_surveys_20250606.csv,43816,e4d41d77b2e715e226535d13fd5ba019fac81aa9fb173eb3268dcb1472edbf55,199
satisfaction_surveys/year=2025/month=06/day=07/satisfaction_surveys_20250607.csv,27124,8c1572060be41ef81b61942416328a02d51573f955d4eccafc8707288d31941c,125
satisfaction_surveys/year=2025/month=06/day=08/satisfaction_surveys_20250608.csv,27562,b6cb08ae57fd65efd858f8154d67a0b25c7cd48ffd848467f00c74d9eb5fe280,126
satisfaction_surveys/year=2025/month=06/day=09/satisfaction_surveys_20250609.csv,42456,6d130261a63400c6cef2e10ae3d2b082e65d99ea8b4ce1dfd8967fda57f4caef,196
satisfaction_surveys/year=2025/month=06/day=10/satisfaction_surveys_20250610.csv,52968,2f7d50610f1e67b339636be6e7a02318345465ece9580a3d4ea4d7118835de96,243
satisfaction_surveys/year=2025/month=06/day=11/satisfaction_surveys_20250611.csv,52188,82a17670c1def293b3113540664c6ecac0c15e02231c6960813c5f9682e1934e,238
satisfaction_surveys/year=2025/month=06/day=12/satisfaction_surveys_20250612.csv,48100,8e43a61fe202960e99d1747624833dd3a097867b39a9ec1af8851a7fda6a9d2b,227
satisfaction_surveys/year=2025/month=06/day=13/satisfaction_surveys_20250613.csv,49666,80a65aa09eaed0cf3b6e00ff76b97a86fceba2a681f3885df7ee994dfb9d8090,226
satisfaction_surveys/year=2025/month=06/day=14/satisfaction_surveys_20250614.csv,21124,ee45c0bb945046afa588548c96ef7d7e29528f137ed78430b49c5a0419f50046,96
satisfaction_surveys/year=2025/month=06/day=15/satisfaction_surveys_20250615.csv,21037,4be5cbfb0fd6fcbfc2383f4246b2fb3d0f0affeb90c86c04f975d2f43892c20a,96
satisfaction_surveys/year=2025/month=06/day=16/satisfaction_surveys_20250616.csv,48303,ae7d27cab88de246b620bade96f3c456bcb4a971c079e9c6261c8d50b38e0c89,221
satisfaction_surveys/year=2025/month=06/day=17/satisfaction_surveys_20250617.csv,42162,6444e6afd10923309119c4cc31778dc59f3addd58eda628dc4b42a6126ab7618,193
satisfaction_surveys/year=2025/month=06/day=18/satisfaction_surveys_20250618.csv,48454,724cf2bb1769db373e78bd0384c970204bc323ab89e3acfa493bea77e56e485b,225
satisfaction_surveys/year=2025/month=06/day=19/satisfaction_surveys_20250619.csv,55326,0624c9bb3c79fed6c2fc0eb99dde5a18740cc252bf8d12ef45aa984a3adcb4e3,249
satisfaction_surveys/year=2025/month=06/day=20/satisfaction_surveys_20250620.csv,59286,b69b0a4852a5994727ce710de9b1ecdda790dc76603d08664b419a1460c5e0e7,268
satisfaction_surveys/year=2025/month=06/day=21/satisfaction_surveys_20250621.csv,20937,ba596d0b08fbfe0909f6eea1cd8323a9e71e5965a90ee74f6ef9519bdf921d4b,98
satisfaction_surveys/year=2025/month=06/day=22/satisfaction_surveys_20250622.csv,22548,987f9919c37e62841d74906243a5474fa40e45481435b136543025a9813b7a70,104
satisfaction_surveys/year=2025/month=06/day=23/satisfaction_surveys_20250623.csv,54810,32e02cac110fa326d5898603c708e31fa670253169c437e6115d23eea5aed549,246
satisfaction_surveys/year=2025/month=06/day=24/satisfaction_surveys_20250624.csv,44324,40638b1c9d92940596b86c24f86ee2f2e5009706528f3dc0cca82c45fa2f856e,204
satisfaction_surveys/year=2025/month=06/day=25/satisfaction_surveys_20250625.csv,55889,9f1d348ff99bd4ac80840d39776976f47c7a17ab4a3b519c14bc44be80915f3f,257
satisfaction_surveys/year=2025/month=06/day=26/satisfaction_surveys_20250626.csv,44109,0faf938221a53c810533fe4786b395578811e1cbbda8bef8f3f197903a66e3c6,199
satisfaction_surveys/year=2025/month=06/day=27/satisfaction_surveys_20250627.csv,58036,b60d2ba101c7087fdaf3e50a5cd5dfd828e986049fb096543f918e0c4e2e1607,270
satisfaction_surveys/year=2025/month=06/day=28/satisfaction_surveys_20250628.csv,27737,60f936203338e0be32bb85fd6e1d23ba14c270ae2ee6f77f0bfed91ab396fb09,128
satisfaction_surveys/year=2025/month=06/day=29/satisfaction_surveys_20250629.csv,23106,31bafad41feb524e0f1027c8802fb8ab3255cff00dfe5a5fd6342d7f352be092,109
satisfaction_surveys/year=2025/month=06/day=30/satisfaction_surveys_20250630.csv,45406,e5bcf6f8186c139bea41fb661fdd8e3d89be151d11bcc385dae07cf704754683,210
satisfaction_surveys/year=2025/month=07/day=01/satisfaction_surveys_20250701.csv,50368,3bafce2e8f4f34a98b00df7c000dc2f4b4514004821d5917350b1e1e9ec66878,232
satisfaction_surveys/year=2025/month=07/day=02/satisfaction_surveys_20250702.csv,52558,59c01f4022fdb993f55cabfa73f81aa05e5b5495002605b28f0785afecdb4ac9,238
satisfaction_surveys/year=2025/month=07/day=03/satisfaction_surveys_20250703.csv,45910,f23c339d8188108bc1af0e722b646b530fe926ffb993252f8b44a8e44720ffbb,212
satisfaction_surveys/year=2025/month=07/day=04/satisfaction_surveys_20250704.csv,39794,7b97a245617842513e138b76e5785902d12c4fe86bb2fa6fc807e98b2ecf2eb9,183
satisfaction_surveys/year=2025/month=07/day=05/satisfaction_surveys_20250705.csv,21693,81c1d8cefc97e9ae1e9cf0e7d8de745642477ff8206409921df030a70d38c18a,97
satisfaction_surveys/year=2025/month=07/day=06/satisfaction_surveys_20250706.csv,24038,acf9ac29678ad67bcb7dd6918be70022f9bbd7f0adb9d163f0128d1742b6c179,113
satisfaction_surveys/year=2025/month=07/day=07/satisfaction_surveys_20250707.csv,54812,408c96fb6c9154ec45676606733650059222b1cc71d4b1cc8ee8508ebc4785ea,254
satisfaction_surveys/year=2025/month=07/day=08/satisfaction_surveys_20250708.csv,45464,c345e6f26fd4f33ab1263aa647b9e6134bc3c57e65971975d1b9f93c45d63e46,210
satisfaction_surveys/year=2025/month=07/day=09/satisfaction_surveys_20250709.csv,48369,1e85c5372929baf68cc5214e0651c02146c41ddb597187d51df49bf593308fbc,224
satisfaction_surveys/year=2025/month=07/day=10/satisfaction_surveys_20250710.csv,39998,e6a338bf2f1b71336abf5f6abc16a63fb453a1d57ff2c6f7fb44300486e55930,188
satisfaction_surveys/year=2025/month=07/day=11/satisfaction_surveys_20250711.csv,52313,97892916bf8025c4b570efac13287cb76aecf5076730adb4077ebbd4ccd63b2a,240
satisfaction_surveys/year=2025/month=07/day=12/satisfaction_surveys_20250712.csv,26541,77460b7ee720153704184c15d5dc904175831f2b7e250b4e8809dbd8d15628c5,120
satisfaction_surveys/year=2025/month=07/day=13/satisfaction_surveys_20250713.csv,26595,909174e7f8b9fc51a991b3fcf1456505a3a3ea1f8c323ee7cdab4d15df076254,123
satisfaction_surveys/year=2025/month=07/day=14/satisfaction_surveys_20250714.csv,45454,7bbba597ad256d9d2d331cac28accdbf39343f606a3170555e4f3ae1225e3ebc,206
satisfaction_surveys/year=2025/month=07/day=15/satisfaction_surveys_20250715.csv,52187,a1a1fd0eca8672a94bd78916aeb645390d3eeb3764a867140f98b36bc8182bc7,242
satisfaction_surveys/year=2025/month=07/day=16/satisfaction_surveys_20250716.csv,56575,7b3d507d11f2f1750d6979f65361840fd8bd0997e147d92aa369072260767a06,263
satisfaction_surveys/year=2025/month=07/day=17/satisfaction_surveys_20250717.csv,46764,29a783a2ea55fa1154c10188a1bfa8c05a7f807ebf87e0309b0cd636ddba3e38,214
satisfaction_surveys/year=2025/month=07/day=18/satisfaction_surveys_20250718.csv,48637,b24a7c7575bc2c9471fdf5dda787ea2f6d0143f6e75484167612a8fcda27ecb8,227
satisfaction_surveys/year=2025/month=07/day=19/satisfaction_surveys_20250719.csv,22712,779ac1fea802d77f0cd022acac626fa69202fb19d8106561bee810077ace89b7,108
satisfaction_surveys/year=2025/month=07/day=20/satisfaction_surveys_20250720.csv,24903,630eb33e989086e077f1ae90de70099c8fd81ebde6fa2ccec00e05a5da9b0adc,113
satisfaction_surveys/year=2025/month=07/day=21/satisfaction_surveys_20250721.csv,46802,65776e4f59d09c3c4248bdff1b4767fcb850a251d74f62f453991e516ccbddbf,211
satisfaction_surveys/year=2025/month=07/day=22/satisfaction_surveys_20250722.csv,53710,3831cdee96d8d4010be86cf861d612e1267987697904264083ee4faafd966514,249
satisfaction_surveys/year=2025/month=07/day=23/satisfaction_surveys_20250723.csv,54500,8f0279505cd6c0e83b978b7f6dc7b2f07bd4b965ec19f8f4b8189fcf3f8f096c,251
satisfaction_surveys/year=2025/month=07/day=24/satisfaction_surveys_20250724.csv,54121,d1bc071fe4f832da00f3da7771afaf573f3f3288a3f5c5ff3aed457c5ca05aad,250
satisfaction_surveys/year=2025/month=07/day=25/satisfaction_surveys_20250725.csv,53285,fa120a30daf1d83430f0beee7b9786c4686e8909a31a005f1dcf1ad5b1dfa6e9,244
satisfaction_surveys/year=2025/month=07/day=26/satisfaction_surveys_20250726.csv,27883,6713b780e651fc1c9e46f2eaa14996fb9b8b83e251b336869d5671ad2e5521bd,126
satisfaction_surveys/year=2025/month=07/day=27/satisfaction_surveys_20250727.csv,26425,775e2a4113dcb5f3785eb881c7ab62866bd6d037848eed7ece06342dc82ca25c,121
satisfaction_surveys/year=2025/month=07/day=28/satisfaction_surveys_20250728.csv,46512,3c35abc345488989665135e3c002be617bcf0f606510f6ae7f57b5c830161152,216
satisfaction_surveys/year=2025/month=07/day=29/satisfaction_surveys_20250729.csv,54737,3dafaf76122dc1b212bc9fe39f7819f7d32478ea2c2f19112c7e5e6a1fc56894,250
satisfaction_surveys/year=2025/month=07/day=30/satisfaction_surveys_20250730.csv,40917,57445b47f7657991407c858daac5cf39dc752c7fdd4a024dccce3cad47f47af2,188
satisfaction_surveys/year=2025/month=07/day=31/satisfaction_surveys_20250731.csv,41142,0610eec4a2cafc56cb9f3cf9edbc2dd638c10522ab094665468c2cbd04e33c99,192
satisfaction_surveys/year=2025/month=08/day=01/satisfaction_surveys_20250801.csv,45511,698405fb2e1bf9ab698dda69b9bdfe6f11537f250f3e7dd8e6970de41aa17143,207
satisfaction_surveys/year=2025/month=08/day=02/satisfaction_surveys_20250802.csv,27268,5a486881ab8c49553c8a997a3ea7f52da1bd798cc754f8d1e7e3f27eddc63f12,126
satisfaction_surveys/year=2025/month=08/day=03/satisfaction_surveys_20250803.csv,25382,448c1a85bfe444e532870e759170ca06ec372b1a4a571d57fe212604a755a4a4,115
satisfaction_surveys/year=2025/month=08/day=04/satisfaction_surveys_20250804.csv,42920,f62db3bf67a1ea82e842e82ffca3a5d2c5aa7a0640460cf79ed807ee9fc57cd4,194
satisfaction_surveys/year=2025/month=08/day=05/satisfaction_surveys_20250805.csv,58226,cb76525402d191d0dd395a0edd82acecc4816f418ea1eab54329f5f81463c3d1,269
satisfaction_surveys/year=2025/month=08/day=06/satisfaction_surveys_20250806.csv,56024,5387300dbc4f257c22d320e7b482d2d9fd5b46e0fd1bbd5aeca41e3ca31a4ee0,255
satisfaction_surveys/year=2025/month=08/day=07/satisfaction_surveys_20250807.csv,51365,7eba9df594df3d664b7fba89c488a469634cc99df689e7d79f126a74a85dbde8,238
satisfaction_surveys/year=2025/month=08/day=08/satisfaction_surveys_20250808.csv,43993,a29fa2545901f2704fa60eaf8ffbe74435447d21f548be7908511c7f5f6dbb21,199
satisfaction_surveys/year=2025/month=08/day=09/satisfaction_surveys_20250809.csv,27610,90e84fd1f6eb94e55854e037888cb55328c0d767d2467432dcd0bcb070873f2b,128
satisfaction_surveys/year=2025/month=08/day=10/satisfaction_surveys_20250810.csv,23241,5ba4bbe49be02d95ade8972dc5724dd0cbf06d5735f441a7d7b2daa2c89aa738,106
satisfaction_surveys/year=2025/month=08/day=11/satisfaction_surveys_20250811.csv,51689,f76f39e820aeaa173609fb83453ff4a5fca3d2b24e9e6d83e1195558e6ad80cd,242
satisfaction_surveys/year=2025/month=08/day=12/satisfaction_surveys_20250812.csv,48844,7fe042d5f6b2697dca3ab3672cf0de9a6dd6b73860686decb1702c16e7672beb,221
satisfaction_surveys/year=2025/month=08/day=13/satisfaction_surveys_20250813.csv,42969,8ae60531f8cef5db2aa68183af7caee3a291e34257d7877813742eede9dd1746,200
satisfaction_surveys/year=2025/month=08/day=14/satisfaction_surveys_20250814.csv,44126,f08a564cc766138f6d5f647b67803316a6e820f39461d04502a9a1600c1d7f87,201
satisfaction_surveys/year=2025/month=08/day=15/satisfaction_surveys_20250815.csv,43256,4ffa2d28141545384c59cd06954ff60607cd7574d45e07cf3f544b4ade2be1b2,201
satisfaction_surveys/year=2025/month=08/day=16/satisfaction_surveys_20250816.csv,27963,3f1f63c960a7f74d48ac749506a3c70e3d72ba02f02e2bb12222d66871f804e1,127
satisfaction_surveys/year=2025/month=08/day=17/satisfaction_surveys_20250817.csv,23051,9a83c64f5bd340e4368875614e5b703bf6f68e6edf044c5335bfd6551cb904ca,103
satisfaction_surveys/year=2025/month=08/day=18/satisfaction_surveys_20250818.csv,58218,e8ac8d4cc01cf566835e3766f050acc8acd2e9315738634673ba0e06ce0107f3,261
satisfaction_surveys/year=2025/month=08/day=19/satisfaction_surveys_20250819.csv,39686,5da99fbb2cb72a7cef0629b46b934c00935f8c01471a9c1fc92399a3c5f8c1c0,182
satisfaction_surveys/year=2025/month=08/day=20/satisfaction_surveys_20250820.csv,56275,9d2f52f6f8b41f3bdb71a8cc000d5767f44c37d9375a30f6f869a747687b8357,253
satisfaction_surveys/year=2025/month=08/day=21/satisfaction_surveys_20250821.csv,47311,5ca81671ee6c89419b9ec8281eabd42b933abfd9279e70af79cb221a292f7628,214
satisfaction_surveys/year=2025/month=08/day=22/satisfaction_surveys_20250822.csv,58720,5e263af672d7ef226119f54d500d6731fd05172cf5d1090c2d19fe8ab87d27e3,268
satisfaction_surveys/year=2025/month=08/day=23/satisfaction_surveys_20250823.csv,22511,8b7e538a0409c776ff449923d50ef7ec1626edfdf275a31e197842d76806b70a,105
satisfaction_surveys/year=2025/month=08/day=24/satisfaction_surveys_20250824.csv,20613,cb08f0f0959cd3a0577ae1cef24cb2568ad351b5049c8236b8f4e8a5ad0ef2c4,94
satisfaction_surveys/year=2025/month=08/day=25/satisfaction_surveys_20250825.csv,45750,c19001e3d73acc2367d92270db30e2075fdcf701b58cfa2d7c4aaa95591ab5a6,213
satisfaction_surveys/year=2025/month=08/day=26/satisfaction_surveys_20250826.csv,58212,4cb24848a112ecb80fb906ad30e8b058b061f194d208a0bf3e575043af81db28,261
satisfaction_surveys/year=2025/month=08/day=27/satisfaction_surveys_20250827.csv,55157,bdb762abbbcaad7808c0d5470f404c019030465d2f5ce67924b728acf00e1bba,255
satisfaction_surveys/year=2025/month=08/day=28/satisfaction_surveys_20250828.csv,52222,67084ad048621004905ce92616172471c0b839028aace53a069b9d05f47387d1,244
satisfaction_surveys/year=2025/month=08/day=29/satisfaction_surveys_20250829.csv,41713,ab02644c211d4083d2786ee93156834cceaa01e222fdb330d47d3863a3f874d7,189
satisfaction_surveys/year=2025/month=08/day=30/satisfaction_surveys_20250830.csv,21473,bf1838e706ca439274bc7daaa68db9585511f22d1a0b8d8a48d47a8ea44bc884,101
satisfaction_surveys/year=2025/month=08/day=31/satisfaction_surveys_20250831.csv,26925,5482368f3d5322b2308c21cd967ecfeb9a162c393f89fd73b2a7c9be827d85dd,121
satisfaction_surveys/year=2025/month=09/day=01/satisfaction_surveys_20250901.csv,51944,793363eace0bdf98273d78c2acc91388cade604d9c8b7526af68004ee264768b,244
satisfaction_surveys/year=2025/month=09/day=02/satisfaction_surveys_20250902.csv,43748,0b2448250551ec165d0d721c7a5953fa3402f32419992481468a695bd0ebbbb8,200
satisfaction_surveys/year=2025/month=09/day=03/satisfaction_surveys_20250903.csv,53078,32cc5d79e68d8b48e5c4d15a38c8de6bee97af5d50efd69c5dc5a7bb3fab8c9f,243
satisfaction_surveys/year=2025/month=09/day=04/satisfaction_surveys_20250904.csv,56652,717c874fb71adc015fc662d7fa16d05b425276a6c436c37b920f67dacb4b8c7d,258
satisfaction_surveys/year=2025/month=09/day=05/satisfaction_surveys_20250905.csv,43669,520fe3467506628c12b1daf1aa4f5426ba1b940c5722c64733865f39e73b9393,203
satisfaction_surveys/year=2025/month=09/day=06/satisfaction_surveys_20250906.csv,25581,63ae6cbff980fe0c6c7ad037ab1135fc2100a9dc9cc7eddcb87968cb588fb766,115
satisfaction_surveys/year=2025/month=09/day=07/satisfaction_surveys_20250907.csv,23011,61ba5e2460cb495da3751f96aa5bf47824b75803198de5581b72ff3939ff202e,101
satisfaction_surveys/year=2025/month=09/day=08/satisfaction_surveys_20250908.csv,44548,9b1d3c8288eb6fd03784368219451eb823e3b02d6e19e919f94121d26fd9f7f4,206
satisfaction_surveys/year=2025/month=09/day=09/satisfaction_surveys_20250909.csv,57594,824f63a9f8ce4197442d0b2190e5ff987dc7e7191f0c978a254a0524a202c419,261
satisfaction_surveys/year=2025/month=09/day=10/satisfaction_surveys_20250910.csv,43258,6efb3c3a01825974df72a196a1e44ee913bd328cc7419b429160ba7a79e53b2d,195
satisfaction_surveys/year=2025/month=09/day=11/satisfaction_surveys_20250911.csv,47920,be4ed381718142de945e95586f3e7e19b6fc967aca72f86dfa5a0db1579e54af,227
satisfaction_surveys/year=2025/month=09/day=12/satisfaction_surveys_20250912.csv,49969,6f5834791ed9f711bb04f16d7298bab66e5ebfa1de86ce6c97c36b6351bd666d,227
satisfaction_surveys/year=2025/month=09/day=13/satisfaction_surveys_20250913.csv,25066,db073ee4d60ab951880837f36e89fa304b0c85c0e86162bd7dfb2b5d46564b3b,114
satisfaction_surveys/year=2025/month=09/day=14/satisfaction_surveys_20250914.csv,23219,678fe3dd6d5ac1bbce89a2853da1210db0f27a0edb562dede705ed6e2404ed2b,106
satisfaction_surveys/year=2025/month=09/day=15/satisfaction_surveys_20250915.csv,41601,ac1c0ff055d47c460ad2201634bd7564df38f2f56ee4e33721afe026e8118178,187
satisfaction_surveys/year=2025/month=09/day=16/satisfaction_surveys_20250916.csv,45441,7be69b177f256148059d113822e0b947e0ed1815f027e2ed002d44f9af64fda7,207
satisfaction_surveys/year=2025/month=09/day=17/satisfaction_surveys_20250917.csv,57277,bf055a4b057a01855a0547808e2dc9d23ec3b25489dfeebb6fa7c482dadb1bf9,265
satisfaction_surveys/year=2025/month=09/day=18/satisfaction_surveys_20250918.csv,54903,5f91a9dcec0e74779e8793cd7ba63600ec159dec78c28b2a206cc3709101f675,252
satisfaction_surveys/year=2025/month=09/day=19/satisfaction_surveys_20250919.csv,45227,89235af82fb4029df7d247457a2a2aa5ac15d66fa3537a7096b929faffee5273,210
satisfaction_surveys/year=2025/month=09/day=20/satisfaction_surveys_20250920.csv,26252,35ebd9e623db09e6315b2c6f80a05ea6835b6b0dae3c7629d301e0774db3c407,118
satisfaction_surveys/year=2025/month=09/day=21/satisfaction_surveys_20250921.csv,28168,38c774035a12a7f3ee1746783fd9fa4d65bf5aa6268800f92c2ebbd8abafd0ad,130
satisfaction_surveys/year=2025/month=09/day=22/satisfaction_surveys_20250922.csv,56396,fc88ce886fffe0ca94c870188f715df8b12a3678c862bea02956059556beedd3,258
satisfaction_surveys/year=2025/month=09/day=23/satisfaction_surveys_20250923.csv,58158,3715cd7122cb2b5a1a12f650eb1f214042188bc467cc8c2312aa96f5e20c3843,267
satisfaction_surveys/year=2025/month=09/day=24/satisfaction_surveys_20250924.csv,53056,cbda9d24a5acd0b1cd7867aed76d2aee31724dc890b7661e19bd76ae74c890df,241
satisfaction_surveys/year=2025/month=09/day=25/satisfaction_surveys_20250925.csv,56202,0897c5b4ddc025225148c17961a8fd955c97a75b82bfb259d4cf1220fbc6542c,255
satisfaction_surveys/year=2025/month=09/day=26/satisfaction_surveys_20250926.csv,54156,26dac11e1bbda2ee74cbfb3f60a8e392ff5fd04cf6980da7723820ed6c57fcd8,249
satisfaction_surveys/year=2025/month=09/day=27/satisfaction_surveys_20250927.csv,27029,f519eede734295d12ddcfe90d41d8bd14a007d2a53b54406a0c800de3fcabd65,123
satisfaction_surveys/year=2025/month=09/day=28/satisfaction_surveys_20250928.csv,23580,0c1d159d2779e30e0f58fda30750d4f7637e483fdbc7f40f044c812f702393db,109
satisfaction_surveys/year=2025/month=09/day=29/satisfaction_surveys_20250929.csv,53373,a0973edb0956bcb339ec7b5bd55dd8db87b9cf41c78008be610b4bf92ee5fdc6,249
satisfaction_surveys/year=2025/month=09/day=30/satisfaction_surveys_20250930.csv,41469,f992a2ba1ecf615179ff475903d34e5ae32b4d4599dc04347a38a626aeffad2a,192
satisfaction_surveys/year=2025/month=10/day=01/satisfaction_surveys_20251001.csv,40029,0ba818ab435923448b736436266cd45915815aa4f67a58d8d3656121899c306d,184
satisfaction_surveys/year=2025/month=10/day=02/satisfaction_surveys_20251002.csv,49845,d028316ff2c9c93c69f54a6fdc2e1800b3c9b43019fe6ba81cab390d25ddcd66,228
satisfaction_surveys/year=2025/month=10/day=03/satisfaction_surveys_20251003.csv,52937,700c45bce9278ccdf92d8c79f1578e49c0027a5a0d47a501539bfcc950836788,246
satisfaction_surveys/year=2025/month=10/day=04/satisfaction_surveys_20251004.csv,26514,5950f68ce2dd7fc2708a15ee1c8dabad9ccd18e7dc7f837a049167ded14af485,117
satisfaction_surveys/year=2025/month=10/day=05/satisfaction_surveys_20251005.csv,28568,f1db173fa8ab2182a19dd24fe04f22088886727626842db763d3dfcf26111cd0,130
satisfaction_surveys/year=2025/month=10/day=06/satisfaction_surveys_20251006.csv,53474,ef668cbdd7fc418441954ba3579e47e470376d4cb4560b961821b18a842259f7,245
satisfaction_surveys/year=2025/month=10/day=07/satisfaction_surveys_20251007.csv,48156,f7acf8e3711556034b5880e61ba8f3b0700a12a0944031ff3911429f490c8787,220
satisfaction_surveys/year=2025/month=10/day=08/satisfaction_surveys_20251008.csv,48644,19c054ea99cc27e2b58129899b01eb43c4e55d25dc2668cef8c08e8a5ac9cafe,223
satisfaction_surveys/year=2025/month=10/day=09/satisfaction_surveys_20251009.csv,40879,f5b92a07c8b57fbe9be8f413f007cc8ed3b0bf2db806cf9439bb2705d19d9ba2,188
satisfaction_surveys/year=2025/month=10/day=10/satisfaction_surveys_20251010.csv,45966,bdbf3906a4fa69010282af009639e4ab42d87fce65d7e9bfac686c3187f7a767,209
satisfaction_surveys/year=2025/month=10/day=11/satisfaction_surveys_20251011.csv,22969,7eb5cbdb50482bc0426a35192ffc1bd1dc00a188a1b2cd29ace5d56a51513693,106
satisfaction_surveys/year=2025/month=10/day=12/satisfaction_surveys_20251012.csv,22823,32eb9dc12659f4b3d8be5ad387fa93b469ad93063d588ecba28b693270a7707f,103
satisfaction_surveys/year=2025/month=10/day=13/satisfaction_surveys_20251013.csv,57823,5198a459d53e726fcc3484fe2af50220fb2995bc2ce6b86f9ba358c195b6c599,265
satisfaction_surveys/year=2025/month=10/day=14/satisfaction_surveys_20251014.csv,50506,01eb9a7f19d042762f56d47acf06ccc563e6b8dedfb6f3dcd31c3b5b2d68217a,230
satisfaction_surveys/year=2025/month=10/day=15/satisfaction_surveys_20251015.csv,57252,f8cf871f40868345135e34aa3f79d1eec01ec463eb55b16382e1baa85215a93f,258
satisfaction_surveys/year=2025/month=10/day=16/satisfaction_surveys_20251016.csv,53613,bfa12a918a268f1fb076255f59a3f4b5967f598317bda668eea8a50e83912f66,248
satisfaction_surveys/year=2025/month=10/day=17/satisfaction_surveys_20251017.csv,49443,ff5f286065eb400f8e9cc4fbb620be3713be1b6630126388801a67005a942288,229
satisfaction_surveys/year=2025/month=10/day=18/satisfaction_surveys_20251018.csv,24388,28141173cc95efd70ff46a912b3c02c0a07c44aa2005c8e30787f91b48855d58,112
satisfaction_surveys/year=2025/month=10/day=19/satisfaction_surveys_20251019.csv,21575,32a58931748f9dc20dfe2c0773596bb336eb60a9256275ea26cee22ef8d8bba5,99
satisfaction_surveys/year=2025/month=10/day=20/satisfaction_surveys_20251020.csv,54808,c63b979cec291b5b8d3643a75c92512a456cfb8cace047debf6c7a0ba8054663,258
satisfaction_surveys/year=2025/month=10/day=21/satisfaction_surveys_20251021.csv,50004,546cdb43e1e68438e9a16308366eb26686b4ca705405f03d4aa3a03f4bf0a215,224
satisfaction_surveys/year=2025/month=10/day=22/satisfaction_surveys_20251022.csv,39566,2d3c94a7d45a3fd5c61619eb83487bde5d5f05a5f5bf4aacbb8226fa6f8d9f9d,183
satisfaction_surveys/year=2025/month=10/day=23/satisfaction_surveys_20251023.csv,49369,5fdd2d7ca01e6ebae3ae91efc5cde1e39ba5fd8243748e31b383f90c8679ced2,228
satisfaction_surveys/year=2025/month=10/day=24/satisfaction_surveys_20251024.csv,43115,84e861d749538ef4a4f26f706af3e8ca9398e30c087bf406beb81c7eff72e31d,197
satisfaction_surveys/year=2025/month=10/day=25/satisfaction_surveys_20251025.csv,20374,bbd651fdc155343c13e1b750db528121812868d173959820bbe01d28c7ba2f15,92
satisfaction_surveys/year=2025/month=10/day=26/satisfaction_surveys_20251026.csv,21183,72861ad3e80c0914ad7967dc5e8c342246218e2fbc9f48236b89f3e3d92012bb,96
satisfaction_surveys/year=2025/month=10/day=27/satisfaction_surveys_20251027.csv,43295,c9421d619295aab5d50965a26a966aeaa3f7ec21283e96631b9187861fcd3e87,201
satisfaction_surveys/year=2025/month=10/day=28/satisfaction_surveys_20251028.csv,39100,236992a160ec400961dfb502f07277544805f94b8990e752e4df5c05df64cb35,181
satisfaction_surveys/year=2025/month=10/day=29/satisfaction_surveys_20251029.csv,42436,d01aaef8786956bbb808355aa43679f9dbf22ceaaee07e84dffd02ed176248c2,203
satisfaction_surveys/year=2025/month=10/day=30/satisfaction_surveys_20251030.csv,46781,fa498616660030a46a1dafa6d08c14c0bb7b94bdacf06ebfb408e135888b598b,211
satisfaction_surveys/year=2025/month=10/day=31/satisfaction_surveys_20251031.csv,40393,8117574a447a47b03ab5998510c4878d0af89c30ba860136b8762818d5489653,182
satisfaction_surveys/year=2025/month=11/day=01/satisfaction_surveys_20251101.csv,21436,0c9dbb92e897e825f8789b8d493d48cf4919b82864ac7de004f03f87d4f18afd,94
satisfaction_surveys/year=2025/month=11/day=02/satisfaction_surveys_20251102.csv,21530,0fd42d6e8b6a6878c207e8f45113453b1d71f3ab2ccaefe6969fa8abfc29d20b,99
satisfaction_surveys/year=2025/month=11/day=03/satisfaction_surveys_20251103.csv,55503,2b702735a79bde902d77786a7f02809aac908b1a02ca318192395941ecc86627,258
satisfaction_surveys/year=2025/month=11/day=04/satisfaction_surveys_20251104.csv,50399,82c6149f44e4bcf214401417f21bf16867b7466329a147e8a6168a19b30e8d1d,228
satisfaction_surveys/year=2025/month=11/day=05/satisfaction_surveys_20251105.csv,51889,62534f75126a035c65bf560d6bbd7d667ec1f25d79a841c53c4750d00f21fdbf,238
satisfaction_surveys/year=2025/month=11/day=06/satisfaction_surveys_20251106.csv,50673,b9e1609beb3c51326b679c6235ce7ab3df0de86b6a3b5349ca40cc7ae43ee315,234
satisfaction_surveys/year=2025/month=11/day=07/satisfaction_surveys_20251107.csv,57702,9186409e215d454436dfd0a701a767b896cb14328dc400b0be101c628c02fc91,265
satisfaction_surveys/year=2025/month=11/day=08/satisfaction_surveys_20251108.csv,28119,3e590270ea15860989baa7f3245b349bbeb6c00ad70d514d0983c54107f7e1ed,124
satisfaction_surveys/year=2025/month=11/day=09/satisfaction_surveys_20251109.csv,27178,adecc43e97c2686de5d607e0a894871f44165f31f0f0e0abd6a05c8afc3e66c0,125
satisfaction_surveys/year=2025/month=11/day=10/satisfaction_surveys_20251110.csv,41418,a2f564b37277419d3ec32277c409c0fa8b7a3d76d36cc2fbce4735b209fae9d9,188
satisfaction_surveys/year=2025/month=11/day=11/satisfaction_surveys_20251111.csv,56068,77e71111f3c8354359096906983f80a68de290eec1bad77bc7973b19eb21efdd,263
satisfaction_surveys/year=2025/month=11/day=12/satisfaction_surveys_20251112.csv,43182,dedd76e28e7ab43df5061d3f9345eb8f13ad685f08b6ae5b007edfcd39385860,202
satisfaction_surveys/year=2025/month=11/day=13/satisfaction_surveys_20251113.csv,51372,cf21ec3fe63b3c361f501e8e8eae7f059e944f952f1af6baac22a22dd9e74fb7,237
satisfaction_surveys/year=2025/month=11/day=14/satisfaction_surveys_20251114.csv,48856,e3a660e93df8687a915454f3d129a7dc99a57baf5b665af835aea422e2d9ca0f,220
satisfaction_surveys/year=2025/month=11/day=15/satisfaction_surveys_20251115.csv,20834,ca00e0ff88b3ef30a53569d58d4dee7d69ed9963f156164a28a866b62d6d07d6,96
satisfaction_surveys/year=2025/month=11/day=16/satisfaction_surveys_20251116.csv,20387,a766f7935be80af5064f7871627b10831d0a148050b438a87bec409acb6b2256,91
satisfaction_surveys/year=2025/month=11/day=17/satisfaction_surveys_20251117.csv,48118,c8ea70aa25f49665dcc8c41a7d6cf6d491138182878570b80b3aa518f490f103,223
satisfaction_surveys/year=2025/month=11/day=18/satisfaction_surveys_20251118.csv,59233,1ff231cbf5b8c1d6be09152c9d997c48ae15ead2c04286f94479e0ac3aa222ef,269
satisfaction_surveys/year=2025/month=11/day=19/satisfaction_surveys_20251119.csv,54238,1a1388d8f30a52084d7d1d185549b26a0560247de41a92b127e34f668d99ad7c,246
satisfaction_surveys/year=2025/month=11/day=20/satisfaction_surveys_20251120.csv,54592,f5ae22ffd49fe189d87b7d099e8bfc03daa984947c86941393cdb6245715cdf5,254
satisfaction_surveys/year=2025/month=11/day=21/satisfaction_surveys_20251121.csv,53968,713f84bc831197cdd1eef780d86097701602f666daa84e8267a420a004c03702,246
satisfaction_surveys/year=2025/month=11/day=22/satisfaction_surveys_20251122.csv,22323,af67b7ba526885b839c9dd302699a97776ef14806377b1f163b697f4a987ccfa,100
satisfaction_surveys/year=2025/month=11/day=23/satisfaction_surveys_20251123.csv,29011,9320f1b6fe7655f4bdc76f9ed8e5184e6366944b562869ee210e3e56fb72f1f9,130
satisfaction_surveys/year=2025/month=11/day=24/satisfaction_surveys_20251124.csv,57177,4f7d049e3f14f5601828670d95d74993748f76355520ed060bcc453dfd48a989,264
satisfaction_surveys/year=2025/month=11/day=25/satisfaction_surveys_20251125.csv,53613,55877d1b78730f3840beeb6f62d4e010c958fcac5215015a5161d3e5cdf14d33,246
satisfaction_surveys/year=2025/month=11/day=26/satisfaction_surveys_20251126.csv,59583,1515c82e483e1da91756da747ea6d679b593e0b567e0f2a8d0dc7bf51a62d561,267
satisfaction_surveys/year=2025/month=11/day=27/satisfaction_surveys_20251127.csv,41940,5a7566c8bb881bfb2ccc9c72e33d7d913af9938fc2500ad6202b4b181dea825a,194
satisfaction_surveys/year=2025/month=11/day=28/satisfaction_surveys_20251128.csv,48472,d31613e29004776354242dadd6db8894e60ed5c15bc21a64f4a9c3a5d71e6aaf,219
satisfaction_surveys/year=2025/month=11/day=29/satisfaction_surveys_20251129.csv,28422,eebf040fd5d31eb852c8a1235d958bd05c82190b3c1cfac758c6d4b4f9500a42,130
satisfaction_surveys/year=2025/month=11/day=30/satisfaction_surveys_20251130.csv,27301,747d009927b00dc4e77c461fe0a37b67a62a1391fc34d606901423e7788f1dd0,122
satisfaction_surveys/year=2025/month=12/day=01/satisfaction_surveys_20251201.csv,46420,5490da65c4e6759a883b8041bd29fe4bccb62f8410b3870191c5343837ab7362,210
satisfaction_surveys/year=2025/month=12/day=02/satisfaction_surveys_20251202.csv,54526,b4543bcd321a41ced73c1f8cd7f03bb1688727afc5580d6fcb3b2aeab9987e69,249
satisfaction_surveys/year=2025/month=12/day=03/satisfaction_surveys_20251203.csv,42493,f0496e03fc69f03d08d6b081b9c0deba745af193808e04192394fae3501da254,196
satisfaction_surveys/year=2025/month=12/day=04/satisfaction_surveys_20251204.csv,49671,3709f0e63f5fbb3d81cbea85ae55df206a1cae079af42e4f108816de52b8a4e6,228
satisfaction_surveys/year=2025/month=12/day=05/satisfaction_surveys_20251205.csv,52692,f2fe44c37fb96c132edfa6a9cb14fa54fccd349e2873c279c6ed102ee7062f22,241
satisfaction_surveys/year=2025/month=12/day=06/satisfaction_surveys_20251206.csv,23672,d9962114f9e78ddf9c5d14983aa0e82a556e449df64a1124172818b1ca7a3fc5,106
satisfaction_surveys/year=2025/month=12/day=07/satisfaction_surveys_20251207.csv,22488,b19ea27efc55a10b5cc4d1dd28c7c9195a3f5f29b08ef920fe9ea75b32653f8e,101
satisfaction_surveys/year=2025/month=12/day=08/satisfaction_surveys_20251208.csv,56215,233d84b86cf29dc88f275980ab8f38e75d65362fa35e0ac290710b91c14427b3,258
satisfaction_surveys/year=2025/month=12/day=09/satisfaction_surveys_20251209.csv,56746,d2f73b144e6baf8c1b785e36901174814f71085f888d2baaefb7e1383317c8c4,258
satisfaction_surveys/year=2025/month=12/day=10/satisfaction_surveys_20251210.csv,49124,325ab7c623037367c30cd15d5b16d3ce3cadf742a663f10666ab9c31ff663e33,227
satisfaction_surveys/year=2025/month=12/day=11/satisfaction_surveys_20251211.csv,57195,2fcb2c8bf1b8bbbe7519e3e24db18e1dce81b8db86ee84d2ddb58c74ab12a703,260
satisfaction_surveys/year=2025/month=12/day=12/satisfaction_surveys_20251212.csv,43720,ebb179dd3157ad214e96c2e78d3a075f571c3e6d6e881381dd51436eb03dc226,199
satisfaction_surveys/year=2025/month=12/day=13/satisfaction_surveys_20251213.csv,24806,ceaddabadd87fbc492ff8b1eeb7b491119a003e899c3497a5f2fb55fc50504a0,113
satisfaction_surveys/year=2025/month=12/day=14/satisfaction_surveys_20251214.csv,23359,cc4e57562bf480f42bef35463c8a012bab11bc5cee8c91030ddc5e94779f6dfb,107
satisfaction_surveys/year=2025/month=12/day=15/satisfaction_surveys_20251215.csv,49145,e36449b8d5387e75df37430a99b0ea75ad8012b9831d7b3083544a2ee81f8ff1,224
satisfaction_surveys/year=2025/month=12/day=16/satisfaction_surveys_20251216.csv,53545,a7dd1585c5e1aaaa98b0225dcf280353147f886df484db4abf9fb33b661bd35a,243
satisfaction_surveys/year=2025/month=12/day=17/satisfaction_surveys_20251217.csv,41517,f44b33ce09401db299dcc64409fa6ba38bef06ed7d1829a7945bdbcbe34d4ff6,189
satisfaction_surveys/year=2025/month=12/day=18/satisfaction_surveys_20251218.csv,51672,6676ffe65c93f8d639982ecc9f9934e4a25b100d37b92a6345179b07aac0c374,236
satisfaction_surveys/year=2025/month=12/day=19/satisfaction_surveys_20251219.csv,47157,6dc12a1ccf18b97bfb049ec3e8a9b2ce414968f6169448cf715f0f380f3fc76b,215
satisfaction_surveys/year=2025/month=12/day=20/satisfaction_surveys_20251220.csv,26050,113196e81a5c19bc24ccd057551de7e5c0047cc1aad52cf81ee8ae3793cc1f98,120
satisfaction_surveys/year=2025/month=12/day=21/satisfaction_surveys_20251221.csv,28765,2e041cd70af3075417a28cfc89897ffcd9a1f92811b6e56e79b0cfee18143f6f,130
satisfaction_surveys/year=2025/month=12/day=22/satisfaction_surveys_20251222.csv,50691,83592e00496cc7ba57e167a241624544fc4f15db5c809765f8b65d948187a497,226
satisfaction_surveys/year=2025/month=12/day=23/satisfaction_surveys_20251223.csv,54521,b7a8693c9d2ee435116fa5442c0892622a65a99e1ddf2b9a0976b4d3ab4d0475,249
satisfaction_surveys/year=2025/month=12/day=24/satisfaction_surveys_20251224.csv,46529,d98f09d344eece957e43d944fc496451cbb1d4c4e689f044d76436efa21e0307,214
satisfaction_surveys/year=2025/month=12/day=25/satisfaction_surveys_20251225.csv,39711,873e632a73e0322c7adfc80128b0a0daffa1aceb8168df1379030cab2cb4db28,184
satisfaction_surveys/year=2025/month=12/day=26/satisfaction_surveys_20251226.csv,51996,3a063788651a890147e4d33c7116c1af2e3272b3abc0460574ce54de08ccc695,237
satisfaction_surveys/year=2025/month=12/day=27/satisfaction_surveys_20251227.csv,20251,0a9b237e63499971c1f3e49c225f22350aeddc3e7e7597c9336337759efa27b1,92
satisfaction_surveys/year=2025/month=12/day=28/satisfaction_surveys_20251228.csv,24667,aacdb78d38aa826891eec327f51d2121b58bef7f4deda79fe53c852a7bdfd039,113
satisfaction_surveys/year=2025/month=12/day=29/satisfaction_surveys_20251229.csv,49195,cf4f124be575bb1628cfe8750921fe12e93bd5399fe7ca5b314923ec61f4d195,227
satisfaction_surveys/year=2025/month=12/day=30/satisfaction_surveys_20251230.csv,47501,44a893d5d3afb9c48fccebc501f220613597852c0c9162f39a26d042dad08090,213
satisfaction_surveys/year=2025/month=12/day=31/satisfaction_surveys_20251231.csv,56060,cf2014900056dcccb8edc3d7b7aede0d9076e60fc87e7154459f1fbb3d7a53c2,256
satisfaction_surveys/year=2026/month=01/day=01/satisfaction_surveys_20260101.csv,55250,83b009af8fe2375cc87c82e7ca2efe990beff8a54b68d2c8aff0f6080f590e66,257
satisfaction_surveys/year=2026/month=01/day=02/satisfaction_surveys_20260102.csv,42861,c161676b950b63f049b1cbae37fb172cef62524a88b7a16d24c000d4b7066fdf,197
satisfaction_surveys/year=2026/month=01/day=03/satisfaction_surveys_20260103.csv,27788,c99281c40189bd09d18f81da611c8a94767d304f6a1d18fd022f62cbe95c7916,131
satisfaction_surveys/year=2026/month=01/day=04/satisfaction_surveys_20260104.csv,28825,2d16f532b71be0f4887eebf53456cc728db0d056ddbb4005aa47d5ef9379fa22,132
satisfaction_surveys/year=2026/month=01/day=05/satisfaction_surveys_20260105.csv,40316,92c7c6c9897a70593b3ad6c99703ddba7368bafedf56529f10e822153b3a6944,185
satisfaction_surveys/year=2026/month=01/day=06/satisfaction_surveys_20260106.csv,41023,f24d28e5888c096c6fd87dd42c3ab84d689d79f7df1dd70a729cde8e4b957328,186
satisfaction_surveys/year=2026/month=01/day=07/satisfaction_surveys_20260107.csv,48493,6e7a07281bff1d6e35736b97a7f49d2ce3af57c7b5b92c2f196abe8c362f93e1,224
satisfaction_surveys/year=2026/month=01/day=08/satisfaction_surveys_20260108.csv,40819,b464f2f9c0f0dcc2a6effba409913efdd5af35ffdc23567c06d868fd5e29622f,184
satisfaction_surveys/year=2026/month=01/day=09/satisfaction_surveys_20260109.csv,47413,283a1a2d2d132b35ad446618be66b5d78c9d08bec8508efdad406dd3d72636c5,215
satisfaction_surveys/year=2026/month=01/day=10/satisfaction_surveys_20260110.csv,23122,389147f5d36d07f8b99b78304e7c5bccf87a940b54a6ecdd63fdc81855d04c8c,108
satisfaction_surveys/year=2026/month=01/day=11/satisfaction_surveys_20260111.csv,22527,d488442f738e6728b7f5de44d75839874d02f85076c865e6d4ee568f5991b279,104
satisfaction_surveys/year=2026/month=01/day=12/satisfaction_surveys_20260112.csv,43716,1223d060c2370dd81cda7c414b8fd88fa2168c3fd2443ae2ae8ccaf94d1748eb,200
satisfaction_surveys/year=2026/month=01/day=13/satisfaction_surveys_20260113.csv,39995,b574f3223b0c9fa451b7940cc6a689896624b472ba9a37b3badb01a36a4da358,183
satisfaction_surveys/year=2026/month=01/day=14/satisfaction_surveys_20260114.csv,44906,37125eff73b1a84a7566e759814c119d86e71a2adf24220f49a019c7151ab16c,205
satisfaction_surveys/year=2026/month=01/day=15/satisfaction_surveys_20260115.csv,57972,1eda8883911d79dd2762fee93a3716b2636b580c702e0a0b80eb0003a68278ae,263
satisfaction_surveys/year=2026/month=01/day=16/satisfaction_surveys_20260116.csv,46022,f7179317472e05adb24d7f19493d0b56a1af5906ae731965bde627395d525cb4,215
satisfaction_surveys/year=2026/month=01/day=17/satisfaction_surveys_20260117.csv,26684,270437174d99e098355fdee302fb7dacb77bdd89f7970fea901a141450b2d2f5,118
satisfaction_surveys/year=2026/month=01/day=18/satisfaction_surveys_20260118.csv,23955,762b3408e5f741fba44168f727cfe60a086a09f78f532d718c0322bfd97e698c,110
satisfaction_surveys/year=2026/month=01/day=19/satisfaction_surveys_20260119.csv,55323,814bb55f3c7e81947cbfd4445dd3a2881c6e41119831e50700068d1989f48e4a,258
satisfaction_surveys/year=2026/month=01/day=20/satisfaction_surveys_20260120.csv,54667,286e918c90ea484813e83df0ee4dc8f625ca31266c67a5a948d2a82be051eeea,250
satisfaction_surveys/year=2026/month=01/day=21/satisfaction_surveys_20260121.csv,47373,261026fbf8bc883a2d0133210648bb5e4ded88f37ddc34fc781e72774b1fdb21,217
satisfaction_surveys/year=2026/month=01/day=22/satisfaction_surveys_20260122.csv,58019,2e4734c08e398ff2fe007de166de59432441eb254c6814ad0fa9038d83b13a65,264
satisfaction_surveys/year=2026/month=01/day=23/satisfaction_surveys_20260123.csv,40802,a2cf33665ee6577dc18d1f45a348e2263eaac3c4095aea688c8a7e60e67fd383,188
satisfaction_surveys/year=2026/month=01/day=24/satisfaction_surveys_20260124.csv,21030,4a779d602252229f6d0001f6e781aaec1b51af00383aa5603fc2c4984209a80b,95
satisfaction_surveys/year=2026/month=01/day=25/satisfaction_surveys_20260125.csv,21401,b42a6f583e6a84d939ed6a38ef31b5d4a542223b33127f3cc22de309ef6b5e32,94
satisfaction_surveys/year=2026/month=01/day=26/satisfaction_surveys_20260126.csv,56794,424b7e2f450dc7ca6a3f520e5177655265e46a2d8ccb053459e9d210d7b2b083,264
satisfaction_surveys/year=2026/month=01/day=27/satisfaction_surveys_20260127.csv,51480,d0434d02f4bf1207529c1201b24a5d9de3f5b220d72d66ba19cffec024ee2e4c,234
satisfaction_surveys/year=2026/month=01/day=28/satisfaction_surveys_20260128.csv,39958,59ed5866968e5303bd8d97f742f24d7770386982f008487a36ccd9101ac93b55,183
satisfaction_surveys/year=2026/month=01/day=29/satisfaction_surveys_20260129.csv,41980,3e3cb96315795060c458c09ffc22d804a205a3c97fbf59398b4a6a97dbc5c7e6,189
satisfaction_surveys/year=2026/month=01/day=30/satisfaction_surveys_20260130.csv,51937,5cfe16bd8ddd569d257cdba2524a0bc0134239094c91cf43ad7f3d3907d218e7,237
satisfaction_surveys/year=2026/month=01/day=31/satisfaction_surveys_20260131.csv,22012,4b1fe50319f78b97d4120bbd376a206c849eb4f279d12d2e6529d8226749f228,100
satisfaction_surveys/year=2026/month=02/day=01/satisfaction_surveys_20260201.csv,29033,fe9798a3adec0e66d4ff60a8af5ecbb6d2472cca08e65afb935b0560db74f728,130
satisfaction_surveys/year=2026/month=02/day=02/satisfaction_surveys_20260202.csv,42162,889ed42f4e1b55dcdbc4b2879a946ee27e07ab053c686d4760c4d9e5d96f5293,194
satisfaction_surveys/year=2026/month=02/day=03/satisfaction_surveys_20260203.csv,46769,24786aa36bbc73af270e6fbb52cd2480321b470cc3bcaf02b3d7b8d1cecb2109,214
satisfaction_surveys/year=2026/month=02/day=04/satisfaction_surveys_20260204.csv,38492,ab120b17af9f4b2ad03473d4b8d9f994e93e5f9e5d59840a87ca56ba2d1e23e0,181
satisfaction_surveys/year=2026/month=02/day=05/satisfaction_surveys_20260205.csv,57674,7015fa7f24bc07d4c17fb4fd419309e07bb0c580bcc9bdd018e7d4a4b469d54e,265
satisfaction_surveys/year=2026/month=02/day=06/satisfaction_surveys_20260206.csv,56404,be811156f1f52135c37c63d91a785bfe6cd450c8411ec3187f528ff6f6927c3d,258
satisfaction_surveys/year=2026/month=02/day=07/satisfaction_surveys_20260207.csv,28082,691d99c276b6def187c9c511a7283ba32273b767961d40189d52762292035e0f,127
satisfaction_surveys/year=2026/month=02/day=08/satisfaction_surveys_20260208.csv,25763,3d62737cec9c68f8f2e9b4e38731f9029fe3d2b2a9f344941f93f09b74fd577d,120
satisfaction_surveys/year=2026/month=02/day=09/satisfaction_surveys_20260209.csv,44964,31262a754536fd9cc5194e479380775e563180110cdc9f630313f98f89de5a30,205
satisfaction_surveys/year=2026/month=02/day=10/satisfaction_surveys_20260210.csv,51457,294342f974484eaad21e2ada1724936fb1f7a527449136eb44cee0d8ea309643,236
satisfaction_surveys/year=2026/month=02/day=11/satisfaction_surveys_20260211.csv,57997,26a977d524e698af44febb3a95978bf47e10a896e4e8e5914f0c698c6b74c1e2,266
satisfaction_surveys/year=2026/month=02/day=12/satisfaction_surveys_20260212.csv,40839,92653c9a766b294f501cbd17253b84962281dc823251f24f4d73ae560364d373,188
satisfaction_surveys/year=2026/month=02/day=13/satisfaction_surveys_20260213.csv,58903,730c67a1d9dadc798bfa83ea6625cf1bc8459f17a570f7e627b7663e162f3213,271
satisfaction_surveys/year=2026/month=02/day=14/satisfaction_surveys_20260214.csv,27829,94af59358be78a89c2e631b2d7e62915fc2b706ec7cad928674e8ff428bbdc9b,126
satisfaction_surveys/year=2026/month=02/day=15/satisfaction_surveys_20260215.csv,27047,826ddce0e7f616615dd4fc81485eb9c5ee7eea18440ab5b8563feec9b019f827,119
satisfaction_surveys/year=2026/month=02/day=16/satisfaction_surveys_20260216.csv,45184,821abf7ffe62fc59b7dfce90269d739d894d3234f246f226a592d8fd3f2fc98a,205
satisfaction_surveys/year=2026/month=02/day=17/satisfaction_surveys_20260217.csv,40333,f3837c90267deb0d59025c35864b18edede823e334796212bcb862e90ac876d6,185
satisfaction_surveys/year=2026/month=02/day=18/satisfaction_surveys_20260218.csv,41695,e862768d964d802f64f32ae1f5321915d74c5f786d625df6b119820d26d80fbd,193
satisfaction_surveys/year=2026/month=02/day=19/satisfaction_surveys_20260219.csv,44774,d0a82f42b660596a68e568f68811f6f114e5b4fd7a4ff88a582a05844e4a92db,204
satisfaction_surveys/year=2026/month=02/day=20/satisfaction_surveys_20260220.csv,43824,a3a9d87d560266f43fefe6d07f6c037390a664e31d3be62eb953e0190fa8eee8,204
satisfaction_surveys/year=2026/month=02/day=21/satisfaction_surveys_20260221.csv,29018,adadfc0ed0932779333b66c028eff497251f950c2ffb938d6630685d32963386,133
satisfaction_surveys/year=2026/month=02/day=22/satisfaction_surveys_20260222.csv,24849,051803e200b818ec57f954c6c0796af35452e50c367028a45b83682a957938bc,113
satisfaction_surveys/year=2026/month=02/day=23/satisfaction_surveys_20260223.csv,55191,af0bce14ef528d06722f10e6ab86d4af1acb6c3472a7a8f722ee4dc4667bce61,254
satisfaction_surveys/year=2026/month=02/day=24/satisfaction_surveys_20260224.csv,53265,deb7d62aede97e30a122869694f5ccf9de43da6a4853ca4ee0caaf1d003c74bb,244
satisfaction_surveys/year=2026/month=02/day=25/satisfaction_surveys_20260225.csv,58518,5ebcb6d65a03d0cadd4873af81aff4157923494782a4683623ded26e0a74b71c,264
satisfaction_surveys/year=2026/month=02/day=26/satisfaction_surveys_20260226.csv,46806,c66d6ed082a0fe9feec46bb3d1662db733f64ee89e0db240a14c2a2adcdd2f1b,219
satisfaction_surveys/year=2026/month=02/day=27/satisfaction_surveys_20260227.csv,58372,ca77fcff47951c3d7dc53f5f9987551a75a7b20bfb6d05b3c91d68fcad8dc4b1,268
satisfaction_surveys/year=2026/month=02/day=28/satisfaction_surveys_20260228.csv,28441,a990619e62b92f2f062fe8775a2055f580b9d59d7a63580ae4f269e0be2aab14,128
satisfaction_surveys/year=2026/month=03/day=01/satisfaction_surveys_20260301.csv,28283,7bbac91856420fa5473976522afa2132e22b7062d8a7bca6d972d72de4aa4f97,128
satisfaction_surveys/year=2026/month=03/day=02/satisfaction_surveys_20260302.csv,56686,68b41d5760c51def38431b9099a32481e19252ea8998729e0757d673d09079df,259
satisfaction_surveys/year=2026/month=03/day=03/satisfaction_surveys_20260303.csv,49055,dd346440122f0b261b5872ed9b2b80a61269f20c257271fc5b7ac9f374c4d289,229
satisfaction_surveys/year=2026/month=03/day=04/satisfaction_surveys_20260304.csv,57894,8abc57af50c17dcacbd4899e56e4d1f512c0014baefa2858a96e79f18512201b,263
satisfaction_surveys/year=2026/month=03/day=05/satisfaction_surveys_20260305.csv,58069,70db164256287ad19a1fd62cc7f6403b19a5ffea60bfea7b696de108915431d5,261
satisfaction_surveys/year=2026/month=03/day=06/satisfaction_surveys_20260306.csv,45740,ac165a63781b76f856a555579351559380acfb1c2f3b6797e0453d99835323e7,210
satisfaction_surveys/year=2026/month=03/day=07/satisfaction_surveys_20260307.csv,20617,05aa40e566cd7c03ff60041f8e4bd1e329ccac2053c506fa54cc83955b42a744,95
satisfaction_surveys/year=2026/month=03/day=08/satisfaction_surveys_20260308.csv,28346,b196f582a4ff3cf388863133a1ce96cc6ed2791abcd4609eb38bbcdda0819617,127
satisfaction_surveys/year=2026/month=03/day=09/satisfaction_surveys_20260309.csv,51565,458be49979c690685f63e75782e8e843fd043b0a3b2a599632ccca2c14e2dfe9,241
satisfaction_surveys/year=2026/month=03/day=10/satisfaction_surveys_20260310.csv,40567,aa8d1c2f1fb283103945a614b046949a4a59ad6129e066d85034b45d112752d7,186
satisfaction_surveys/year=2026/month=03/day=11/satisfaction_surveys_20260311.csv,58243,da8cdfdf72b5a49b19cf382375d9dbe3c3d757deb5de3722e4f40ad1373fd4e8,270
satisfaction_surveys/year=2026/month=03/day=12/satisfaction_surveys_20260312.csv,58266,04e0421da9c194d440b2d692584d953f4efab015fbd8c08343c1c8aec7c6c304,265
satisfaction_surveys/year=2026/month=03/day=13/satisfaction_surveys_20260313.csv,55099,8be835d773edf1f1a5ca95b8d8e4a798f800f01f6618e7f87caf5b69ff496edd,249
satisfaction_surveys/year=2026/month=03/day=14/satisfaction_surveys_20260314.csv,25238,171493a19b1e7ee2b4edf4c4f189fd70b30265072862c08890d6f995e551afab,115
satisfaction_surveys/year=2026/month=03/day=15/satisfaction_surveys_20260315.csv,27720,eacde7f412564b44e652292eb1a21d54a79ec7c77733e116a4d5375e20478bc9,126
satisfaction_surveys/year=2026/month=03/day=16/satisfaction_surveys_20260316.csv,53461,7bf3b0abd8ec2a9e80133227ec29e0d60ba3a6a45998be5faddeface81672a2d,248
satisfaction_surveys/year=2026/month=03/day=17/satisfaction_surveys_20260317.csv,56460,f03a06740b11959b92335afb4a0990160844e994f4f872185c2b3416f8813b95,257
satisfaction_surveys/year=2026/month=03/day=18/satisfaction_surveys_20260318.csv,51716,f9ae340a913c48642b5a673983ea39e07cc366fdbcbb9dbbb97ba2243c40d91a,235
satisfaction_surveys/year=2026/month=03/day=19/satisfaction_surveys_20260319.csv,51334,e3067289157360c2f0773627abb01bd0f2f43d999a162de455a2e39a3839906b,232
satisfaction_surveys/year=2026/month=03/day=20/satisfaction_surveys_20260320.csv,58269,7f2eec58d58f7cbb497ad70494d7c1e38fc0244ae5ad01f8774167e4da15a3f1,262
satisfaction_surveys/year=2026/month=03/day=21/satisfaction_surveys_20260321.csv,24993,e675693be353f20526380782e5feab078ef95fb424c21640a0831ed367ef0276,113
satisfaction_surveys/year=2026/month=03/day=22/satisfaction_surveys_20260322.csv,26312,e32f96a46559a68d600057986a7701d897f06fdbe2e6c8f9caaeab8d462b3394,119
satisfaction_surveys/year=2026/month=03/day=23/satisfaction_surveys_20260323.csv,56771,6bcacf4e7c0e07ba3191403bf82ecdccf58cacf63e7f7e49215c1f1008638012,258
satisfaction_surveys/year=2026/month=03/day=24/satisfaction_surveys_20260324.csv,46883,a13de47fdc479fd798627e87f11680cef675c8b200f8608781161e1bb211ea70,217
satisfaction_surveys/year=2026/month=03/day=25/satisfaction_surveys_20260325.csv,51301,702f03b3b6660267b9217b123aecda508582ef73ddea1f80924af426c62cfb7b,233
satisfaction_surveys/year=2026/month=03/day=26/satisfaction_surveys_20260326.csv,55159,c577667b619dea6b64a73593d5fa70a26ea4ffdc4fc9e03d8cbda1d4a4c52f58,255
satisfaction_surveys/year=2026/month=03/day=27/satisfaction_surveys_20260327.csv,41276,053e5a7291ca672390ea72cb95bcaa11cfda09d76f45329febb96c0a32500724,188
satisfaction_surveys/year=2026/month=03/day=28/satisfaction_surveys_20260328.csv,26958,54584ac4ca8b25c9d5860ed14130bb5eea520a7363677bd500ec0916d951764f,122
satisfaction_surveys/year=2026/month=03/day=29/satisfaction_surveys_20260329.csv,29564,42b8786da52ae8e5261b2bc90a3b53fe7e07bfe81341c3bade22f3dd82d7f5f1,135
satisfaction_surveys/year=2026/month=03/day=30/satisfaction_surveys_20260330.csv,51850,cfea4d84440ed30c8a39b77827fdcda9cd934cfc0be641d2dcadd6ec7f3697de,242
satisfaction_surveys/year=2026/month=03/day=31/satisfaction_surveys_20260331.csv,49676,433f6e9db8c9ac32d47be8de3050085a87d501e3dbe4a060c5e2d2ea72933c26,229
satisfaction_surveys/year=2026/month=04/day=01/satisfaction_surveys_20260401.csv,45588,960795c79998711a242e004038abd0e8a79af9b2064082c6d4620b3764835551,212
satisfaction_surveys/year=2026/month=04/day=02/satisfaction_surveys_20260402.csv,52100,7015d6bf02dcb3f6f51229df509a28fe8200a2f9b84bbfd0dbb06cef54341f8f,241
satisfaction_surveys/year=2026/month=04/day=03/satisfaction_surveys_20260403.csv,40292,095584b6903f9bb96bdce05ccc68fe4f299e32b0869b3c3b1e733fbce9f646ee,183
satisfaction_surveys/year=2026/month=04/day=04/satisfaction_surveys_20260404.csv,25201,2af284bed2570ec7c81d3b56113fa25147ff784e87c8c825749efaeecc4f6ec8,114
satisfaction_surveys/year=2026/month=04/day=05/satisfaction_surveys_20260405.csv,28160,c0eb5864af2aa0384199a850338ed8c5d32fd2ce979fc8777ddd1e96ba467609,131
satisfaction_surveys/year=2026/month=04/day=06/satisfaction_surveys_20260406.csv,39848,93209ecceb831e7cdea03f0b1abe58347b582ef946663bb91585f8be8b18a0e1,187
satisfaction_surveys/year=2026/month=04/day=07/satisfaction_surveys_20260407.csv,52752,97c222d5ff8159fc7673c95231a8dadab8bc92f59ea2f69e48293b0b05b3946a,241
satisfaction_surveys/year=2026/month=04/day=08/satisfaction_surveys_20260408.csv,41391,fae57eff4b9bfed5b6f93671e2668851a04d3e77e8058e68668ea860b6b4f2d1,192
satisfaction_surveys/year=2026/month=04/day=09/satisfaction_surveys_20260409.csv,40374,fff8d557e0ca9eab9747b409c4521ae5a2dd45289d713b77b2c663cbe99dbd55,182
satisfaction_surveys/year=2026/month=04/day=10/satisfaction_surveys_20260410.csv,47553,b5ca371085d55815b66714755cf366ce8e6e081ea65350de31ca015b17c743dc,218
satisfaction_surveys/year=2026/month=04/day=11/satisfaction_surveys_20260411.csv,26968,c8286a6679bba36d2d167b8695092d4d4f86b5be35085ee77c0e22a4f03c37b9,126
satisfaction_surveys/year=2026/month=04/day=12/satisfaction_surveys_20260412.csv,24421,29e635d15a13456348c1796c35e214f5c38edab8eb8be060167bc717a6ec169a,109
satisfaction_surveys/year=2026/month=04/day=13/satisfaction_surveys_20260413.csv,57354,ef28b52092e1471efe88be8bbafe63397da15d9618aebc9653acba975ee4851a,264
satisfaction_surveys/year=2026/month=04/day=14/satisfaction_surveys_20260414.csv,48707,8979a7d316557989055c38c99b23f0b26e40660ce4df75d8d53af5dd27e878be,223
satisfaction_surveys/year=2026/month=04/day=15/satisfaction_surveys_20260415.csv,43457,8ee6d92a0d9779bdad0173c141b71178f6c65c61e25f19f7c61f837bffefc109,198
satisfaction_surveys/year=2026/month=04/day=16/satisfaction_surveys_20260416.csv,41755,3fbadd479b25590b0657722a972fce3bf47df2f51c2121dd0674059d9f77343a,192
satisfaction_surveys/year=2026/month=04/day=17/satisfaction_surveys_20260417.csv,46450,1d03c31b3f6bf795f8c4291a8fde50d93aa57e0997e3f17b5fc17e0cfd93cdf3,214
satisfaction_surveys/year=2026/month=04/day=18/satisfaction_surveys_20260418.csv,28693,49f90f46b8678993885792443528930485514e03168988f77d99b954949f2a9b,133
satisfaction_surveys/year=2026/month=04/day=19/satisfaction_surveys_20260419.csv,19292,4d222a05940f0cc6da3bb13cda00b4d7260fead127c2069953d8e543bfd47aee,91
satisfaction_surveys/year=2026/month=04/day=20/satisfaction_surveys_20260420.csv,56604,c2192f15fd35062b25e649960681791c70d853a3f986e672ad00837a2e64e0a1,256
satisfaction_surveys/year=2026/month=04/day=21/satisfaction_surveys_20260421.csv,41813,71f8e3be7aaf633081b392464b1f168f97acdb7e484a32f4fafb3d88fffb8111,193
satisfaction_surveys/year=2026/month=04/day=22/satisfaction_surveys_20260422.csv,56419,a978ceb09e49b71866146dfbf9f33d597fdfb3da4dbbd58433a1d5fca055cd39,261
satisfaction_surveys/year=2026/month=04/day=23/satisfaction_surveys_20260423.csv,47199,756733e11a3c8be5706fa4f4425709e39ee36616307254ff13a589233b49c0db,215
satisfaction_surveys/year=2026/month=04/day=24/satisfaction_surveys_20260424.csv,58138,96800088ae5f6f11abdb8d50773386c5aa72f4c6d2d224f3d4003e7e3c62487d,264
satisfaction_surveys/year=2026/month=04/day=25/satisfaction_surveys_20260425.csv,27488,65eff341859b17f29e5d8893e201585e2f1e1100947e55817c002cb1c0d325ee,123
satisfaction_surveys/year=2026/month=04/day=26/satisfaction_surveys_20260426.csv,26259,8f26c8919c15feaa2edf0b65b232d69e0868b9f22eabb7b20ec8ab6b16446feb,118
satisfaction_surveys/year=2026/month=04/day=27/satisfaction_surveys_20260427.csv,48776,148f320ec06b842b212d49780a62464e7d21f17811636b3b205ee8487cf14c25,225
satisfaction_surveys/year=2026/month=04/day=28/satisfaction_surveys_20260428.csv,50119,f559e4a435fab4887ef37376df21d1e3675a737379f665154ba5b408fd38451c,230
satisfaction_surveys/year=2026/month=04/day=29/satisfaction_surveys_20260429.csv,57108,ae4367902ca4857b5c43e07d13afc1d82884b8b25bde5f03c829974c1d3fab84,267
satisfaction_surveys/year=2026/month=04/day=30/satisfaction_surveys_20260430.csv,48924,5f9190f16b590c8698cf829cc660cceb5040a4b0a4d6a2728cacf4f5d32ce632,222
satisfaction_surveys/year=2026/month=05/day=01/satisfaction_surveys_20260501.csv,41707,7ddaef9623911aae8f4fcba1e1c9d1c5cb7eb354c91d8a661b5ee9d9dd1a5c84,189
satisfaction_surveys/year=2026/month=05/day=02/satisfaction_surveys_20260502.csv,22052,a00bffac5d9e1cc6e001a29fa8d6c65657ca22535967e9d2026a3697c1b19849,101
satisfaction_surveys/year=2026/month=05/day=03/satisfaction_surveys_20260503.csv,28897,fc2dd00db65b1578a0c36cc7feded390b34a0506667a7fd9ddc4f4d771dcc8eb,133
satisfaction_surveys/year=2026/month=05/day=04/satisfaction_surveys_20260504.csv,44185,81c78466eeeb68a6c4873c9211bbb3c9c882c83f53c25a01a7f1544facf5067b,204
satisfaction_surveys/year=2026/month=05/day=05/satisfaction_surveys_20260505.csv,56004,977259a5f6c8ac0b4638b9f85ee08bca5df3d1a69781c6a3742dfab8d4325495,253
satisfaction_surveys/year=2026/month=05/day=06/satisfaction_surveys_20260506.csv,44443,f8b670b63812d6e13e93c7d484b7b01f3e80d8f62093e3d2743925a9a2425318,205
satisfaction_surveys/year=2026/month=05/day=07/satisfaction_surveys_20260507.csv,41839,a2904ab3fd0363ae6d1b76f64741831c33f4c0915e1de053f8e1582f44706c69,192
satisfaction_surveys/year=2026/month=05/day=08/satisfaction_surveys_20260508.csv,54245,3d0625ac2039e04764a16031b10cad6ba3537a001b6e6732bf2d799471aa3508,244
satisfaction_surveys/year=2026/month=05/day=09/satisfaction_surveys_20260509.csv,24847,3e6146f8e76bf828f1a1e69a49be88f432c5b4e2b236efe14cdf8e7f81d8dc5e,115
satisfaction_surveys/year=2026/month=05/day=10/satisfaction_surveys_20260510.csv,28348,ed2f7b8d3dd229ea4261c899918a4eec5fc7bbaca031f4f3f51f817d8de7b39f,128
satisfaction_surveys/year=2026/month=05/day=11/satisfaction_surveys_20260511.csv,45700,a3f7d20108eb624e40f4779c7930d5c5bd5520de847596051a0459686f4ab734,208
satisfaction_surveys/year=2026/month=05/day=12/satisfaction_surveys_20260512.csv,45054,acaa6e3938197795f12b4444395d46348a7c66d49f979d702d40ea8876d515ef,204
satisfaction_surveys/year=2026/month=05/day=13/satisfaction_surveys_20260513.csv,47575,0617d5c4ba65c5a6ba783dc1bcb1a1204ae8008004c8af5b2e0d9f1daf7c42f5,218
satisfaction_surveys/year=2026/month=05/day=14/satisfaction_surveys_20260514.csv,43992,ebfcf67c3aac3b8a1d9fbb11b361188d40dd3ebc1c2936eb2ba252b02fabd836,204
satisfaction_surveys/year=2026/month=05/day=15/satisfaction_surveys_20260515.csv,56289,5395b8fcef59558aaf0befea77fb7f0fc0953dda5db4e1f89672175c7266110c,255
satisfaction_surveys/year=2026/month=05/day=16/satisfaction_surveys_20260516.csv,27193,fee142fdb6f19b3a54eab68b2e6dc56e71cd33413d26a7b997d116d5844bfe91,122
satisfaction_surveys/year=2026/month=05/day=17/satisfaction_surveys_20260517.csv,26977,628c0e540778d6d1fd17be527881840b0c6ad3c139af2342d65d6d94360c8190,128
satisfaction_surveys/year=2026/month=05/day=18/satisfaction_surveys_20260518.csv,47026,27fe5ff1a15a6ffc99a77cb4918870fd28322b804cddcb24cd8a119910c19c0b,216
satisfaction_surveys/year=2026/month=05/day=19/satisfaction_surveys_20260519.csv,41367,0fcfd561463c8996f5e4bcafe9d38333bb72188b2f1becc2b2ab5e959dcc2c60,188
satisfaction_surveys/year=2026/month=05/day=20/satisfaction_surveys_20260520.csv,58303,04d68710f755b36a2a13a0827e94b73cecbec26d215645db68d2bc6bd096da01,265
satisfaction_surveys/year=2026/month=05/day=21/satisfaction_surveys_20260521.csv,45757,f6448c5ec94a5e6672c569568092a76973c9e32b13f44c10a7150f288d6bb08f,208
satisfaction_surveys/year=2026/month=05/day=22/satisfaction_surveys_20260522.csv,42404,6c6069bfabc0881cc09dab226ddb8df5cb5a99d4796302220c244e90a2009781,197
satisfaction_surveys/year=2026/month=05/day=23/satisfaction_surveys_20260523.csv,29775,cd7884f862b0f24f07621942d4400d47fc01dc86c1426810cc45f526a18afdb3,130
satisfaction_surveys/year=2026/month=05/day=24/satisfaction_surveys_20260524.csv,26072,653b5c0310abf13ca5abb80a5d55616a68507dfc4dcece6e47a8a0d58126ae60,119
satisfaction_surveys/year=2026/month=05/day=25/satisfaction_surveys_20260525.csv,55922,5f3773d3574cc81ba2ea65e0d7a342ddf3d342f900e3668c3e968602748645a5,259
satisfaction_surveys/year=2026/month=05/day=26/satisfaction_surveys_20260526.csv,48887,c5058736a0aa0d0a21de17f65140fe23a4f2e343ce84d1c6ed62dc3b26e815b8,225
satisfaction_surveys/year=2026/month=05/day=27/satisfaction_surveys_20260527.csv,52801,14f731818cbd54823efa475138c6edc7c90fbab9e436b52d122635ada3823ecc,245
satisfaction_surveys/year=2026/month=05/day=28/satisfaction_surveys_20260528.csv,39979,1a86f5dd58991d4a0220e283f687fecf6e1b6864cb970a29904025760efa9eef,182
satisfaction_surveys/year=2026/month=05/day=29/satisfaction_surveys_20260529.csv,47946,f5ffa016c67a70c052e2264a7d7bd36307881f5630cd37c84bfc164e8691295b,219
satisfaction_surveys/year=2026/month=05/day=30/satisfaction_surveys_20260530.csv,23465,4c8118687038d575e4fd5720f7c162ed63d011c9c478505fb784dc892ccb1075,105
satisfaction_surveys/year=2026/month=05/day=31/satisfaction_surveys_20260531.csv,27021,92472a7f3a96113e42456343ac6e646700a5c1abf3644d92ce2b3c0ab82b6b83,124
satisfaction_surveys/year=2026/month=06/day=01/satisfaction_surveys_20260601.csv,57374,54884c21b0074d5cf9adb1937ef9e4efd47e93a68963976ec7672b30f7f200b5,266
satisfaction_surveys/year=2026/month=06/day=02/satisfaction_surveys_20260602.csv,48640,a62cb4b9c70b6c5c648b76088cb73558dd6576436f7a4f9650d95a396c398893,227
satisfaction_surveys/year=2026/month=06/day=03/satisfaction_surveys_20260603.csv,44496,559fb0d938ad62c7c648a7263330e3aef667b8efabee0d5bcca836fdfa769951,206
satisfaction_surveys/year=2026/month=06/day=04/satisfaction_surveys_20260604.csv,47397,28092ac0f778723cede1fd8acfa9e06cd6533765fe312d1403c983d814d8d0a6,220
satisfaction_surveys/year=2026/month=06/day=05/satisfaction_surveys_20260605.csv,40025,7021a964345001e04dfdcbd462e4d124fb97679638ad83933c06bf02cf85132d,184
satisfaction_surveys/year=2026/month=06/day=06/satisfaction_surveys_20260606.csv,27393,be97133b223cc6c4a0e9f7e133330c55881afd617e9a7f9eba45b4f9db023f14,125
satisfaction_surveys/year=2026/month=06/day=07/satisfaction_surveys_20260607.csv,28971,cf2d1ffd38bd1adfe4cd9f0265e37fc798fb4869b8bfdaa37a0041af8a3f0298,128
satisfaction_surveys/year=2026/month=06/day=08/satisfaction_surveys_20260608.csv,57720,a600810f922a8887762667c28065fa305db7dcf2eec45b197a88a0226a5ce94b,268
satisfaction_surveys/year=2026/month=06/day=09/satisfaction_surveys_20260609.csv,45671,9aa994d2f1e3ccbc71db4548a73f0b8fbdf4c74d8eb911d2414cc650df124330,207
satisfaction_surveys/year=2026/month=06/day=10/satisfaction_surveys_20260610.csv,51709,23daceb9a4e78b6a5c6548bf513829ce6af1245516ede244e86cab77d1f880dc,243
satisfaction_surveys/year=2026/month=06/day=11/satisfaction_surveys_20260611.csv,49720,02d50ab9097e55d51362beebc66a330f2082a8cb0ff434e65822589bde4b960c,230
satisfaction_surveys/year=2026/month=06/day=12/satisfaction_surveys_20260612.csv,42833,f3ccb08c16334b42508aeb516bda8892c7606b87ffdeedc44e252e01d4e6761a,194
satisfaction_surveys/year=2026/month=06/day=13/satisfaction_surveys_20260613.csv,26039,07b9363daedf731a17fd6c0a2809a5fb497657295c947801271ab001b4e184f7,117
satisfaction_surveys/year=2026/month=06/day=14/satisfaction_surveys_20260614.csv,23069,a8bc06775391ab7ea89e3f5e74490024873bf40da398e400e32a7a6144fae03d,108
satisfaction_surveys/year=2026/month=06/day=15/satisfaction_surveys_20260615.csv,55673,90f49551ebbdac89cbace874ca39f4df87e699a2c8ad7b07d11c654cd8c7410f,260
satisfaction_surveys/year=2026/month=06/day=16/satisfaction_surveys_20260616.csv,54915,2525424f4bb1b67fad740c9a3fe68a92ea670075a597de45acc71abcb85e1856,251
satisfaction_surveys/year=2026/month=06/day=17/satisfaction_surveys_20260617.csv,39896,8e012c68c85c0000be9d04ff276e928876c0dd99189139e917b3d5dc8c04fadc,183
