arquivo,bytes,sha256,registros
transactions/year=2023/month=06/day=17/transactions_20230617.csv,526368,b49e81fd5c5fb19dcb8330543c845cab0d7a23091c423b91c383a9173e80f68b,2886
transactions/year=2023/month=06/day=18/transactions_20230618.csv,530336,a79097d5cb306348bce82d7d2883e9a57c20ac5de08f0e5932478deb0414a489,2907
transactions/year=2023/month=06/day=19/transactions_20230619.csv,756975,8f1eb0313bb0eb223685da9eec5b573ed0733f21a6f4dd0393bff724fcdc409e,4142
transactions/year=2023/month=06/day=20/transactions_20230620.csv,779363,eea87b87c295fa566b772162f0076c787af7e9f5ac170d956eab83f75c5a10de,4273
transactions/year=2023/month=06/day=21/transactions_20230621.csv,895956,69ca34b660434be46b708d9148769c5271eb3676d12826001f83ad3938c6864f,4893
transactions/year=2023/month=06/day=22/transactions_20230622.csv,816327,f82b6e11135e352edfa34e6340d7530828ae32727239a42d9af97b7f3f9e6bc9,4478
transactions/year=2023/month=06/day=23/transactions_20230623.csv,978990,73fa199bee52b961e7e1e3a91974e4c722a23df9ae5a98adc1aafd0dc76359ff,5360
transactions/year=2023/month=06/day=24/transactions_20230624.csv,522796,f649fd3ab390143aad5b143423038be355170db7eab7d98a77bacaab23198ead,2856
transactions/year=2023/month=06/day=25/transactions_20230625.csv,520122,d5a269727872fc5bd2feaeb54b6a7e12b101311736879fc6a2a7af1d43fc0a75,2844
transactions/year=2023/month=06/day=26/transactions_20230626.csv,911434,0b434d95c667b53839906e8f5f4d8796b62eaf9d01ced566a449bdd0a0f83f52,4981
transactions/year=2023/month=06/day=27/transactions_20230627.csv,816858,b6a5c5b93ed63d1fc451419e5ea2256e3a6f0f9bf3469897a857341ffa56f2b4,4465
transactions/year=2023/month=06/day=28/transactions_20230628.csv,765685,e73cc22d3dd2c0cd0fe0a2869b7f60310f61d9644ab22913202d2db5cc194614,4187
transactions/year=2023/month=06/day=29/transactions_20230629.csv,803344,ec0b92becaa38d3e5c331439c843334c069136e9b3aa30a2fc3572331c0c0abc,4388
transactions/year=2023/month=06/day=30/transactions_20230630.csv,869762,2a9ba5e51473b42109cd48755a57efd6f0cde2fc61a5fcd592c12c0ef700e599,4758
transactions/year=2023/month=07/day=01/transactions_20230701.csv,448189,a17eea7af008ea18c7a4ff435905403243fb3abd1474333066c50616a7bbcbb0,2456
transactions/year=2023/month=07/day=02/transactions_20230702.csv,515714,fce56eee70a23eeb80386081eb74a804f9c21fba9c276895dca6035ef652d17a,2826
transactions/year=2023/month=07/day=03/transactions_20230703.csv,981513,aaf16eb52b6996ea1249bf6d105d248157e31be8d2671d9ca693817a6b25631a,5375
transactions/year=2023/month=07/day=04/transactions_20230704.csv,778972,549bd6d335a6aa623d9747e3f3a378057704d017f128b2dcca095ee457f87390,4263
transactions/year=2023/month=07/day=05/transactions_20230705.csv,692808,1b20e18da90896a5cbffc9a020554c867f48200482127a8bf45a5ed402b846c6,3797
transactions/year=2023/month=07/day=06/transactions_20230706.csv,951353,66b140e85e3ca18763d0d33a4be149b10162354892c72843c9650449c5e9a589,5209
transactions/year=2023/month=07/day=07/transactions_20230707.csv,912927,a3ff87edf8b914961842c643d4f5ead4739aaeb43deb6df702aa5d97e544ac2a,4996
transactions/year=2023/month=07/day=08/transactions_20230708.csv,521269,a419132a4abdfd35ad8c683208ac08590bb877d67553a833460dd7cfe5f8e17d,2851
transactions/year=2023/month=07/day=09/transactions_20230709.csv,591937,6046b680c9b29eaa88e80dd536cb6352628e7265b8e45abc02596cf8f187f40a,3225
transactions/year=2023/month=07/day=10/transactions_20230710.csv,712135,ef0e1ccc2b9c0f49ba1af8edacaa7d39666a427363d00e16bca16e8f1b19ceab,3901
transactions/year=2023/month=07/day=11/transactions_20230711.csv,678230,bc51883e28b886337b09f01cb42c6b2f555da65f20ef2c8c1fbe77f2fba0165e,3712
transactions/year=2023/month=07/day=12/transactions_20230712.csv,803179,37541a343ca117744d129292260c18f9a452084585f2ece8c3f8cb013ec3d18e,4401
transactions/year=2023/month=07/day=13/transactions_20230713.csv,886031,c25318ee26ba212c69306cc56ecaae26d57cc365cdc00fbd427b63cc1a16bdbe,4843
transactions/year=2023/month=07/day=14/transactions_20230714.csv,676006,4a66686d0a6ebe30d1e69a8e190dce8f3d4f8854f5f9eb632204326fb439e735,3711
transactions/year=2023/month=07/day=15/transactions_20230715.csv,444457,adacb0acf06ef738e1bdfc10f22e2c83899ad0f30ab65b29573667558acfa682,2428
transactions/year=2023/month=07/day=16/transactions_20230716.csv,448478,fb6e640fbb1a85fba1fab6ee441479325277d2452383221aadeaad687d305f57,2454
transactions/year=2023/month=07/day=17/transactions_20230717.csv,826803,ca3319149a9287529aa6f11029cff2967474210e9d4a5005812930b632c37c95,4523
transactions/year=2023/month=07/day=18/transactions_20230718.csv,670489,03167162ee51a1b769f74ab93f0b7dccfa0da026e4a2d7429f9d450c54871784,3670
transactions/year=2023/month=07/day=19/transactions_20230719.csv,985832,16ae0b170e0ef29e4534cd325cdeb2d7b8f67dcd8395532309f85dfba58fff21,5397
transactions/year=2023/month=07/day=20/transactions_20230720.csv,965530,7d6fefd812811fd9d5e7f69a59ef61d0dde6e8a29fde4a95f78e19fd3ba86a75,5281
transactions/year=2023/month=07/day=21/transactions_20230721.csv,896969,e5be8fbc4db0466a230be905f65765cf99b6deb3f460c09ea43dc15bd8d40f3e,4915
transactions/year=2023/month=07/day=22/transactions_20230722.csv,486314,3cfc78039055fb9787cdf4256b2bf4118ba48dbb08d25f03bbb991c9e439834e,2665
transactions/year=2023/month=07/day=23/transactions_20230723.csv,492833,742c9f8c63af57dd08c3f92b93d100fc68ae5fd2d8b2dc9727faaf3a9b7c36cc,2697
transactions/year=2023/month=07/day=24/transactions_20230724.csv,689032,78d1c38471c9ff4e7bf6ae38fa14ab470815d1877cf40782925df6ac1cbe36b3,3768
transactions/year=2023/month=07/day=25/transactions_20230725.csv,854738,657d86081942c71905c7cfe564bf050245fe4740e0a74d87c67ff0bb9d5c932c,4677
transactions/year=2023/month=07/day=26/transactions_20230726.csv,956516,5cc820ab13fd6ca57400ad2ad478f4c8ac9f5b5d85b584f9360ebe9b68047e3f,5241
transactions/year=2023/month=07/day=27/transactions_20230727.csv,865600,7041d9a5d6e5c48ee45a47008e554bd5b56d5a011c1d5b64f7f2ca7f6c8f7193,4733
transactions/year=2023/month=07/day=28/transactions_20230728.csv,772535,bc1e1c3f97edbb633f5737cb510dde4b21e3074898c21b69040e8f2ab18e397e,4224
transactions/year=2023/month=07/day=29/transactions_20230729.csv,438786,7f49e27fb3ffe44e9f9a5f34ca9fada816963502fcc62473446a2e19f55bb22a,2404
transactions/year=2023/month=07/day=30/transactions_20230730.csv,445474,30be72232f301b78e64c1187460adc188508c955278d3c64ba3c71e513c8a121,2439
transactions/year=2023/month=07/day=31/transactions_20230731.csv,736969,9ac1456d1db558cb07fe77d7aecac36aa0da4697c0595ce0737d89b5abaee8ea,4039
transactions/year=2023/month=08/day=01/transactions_20230801.csv,710900,b86010b452d41349ad3c7ff45cc56881cd2215676583380a694798996d32d1f1,3893
transactions/year=2023/month=08/day=02/transactions_20230802.csv,892417,3c5fa3162a1ad3804390b9edc4847124d137853f22cb3ccee57cfca6ffc5a6fc,4896
transactions/year=2023/month=08/day=03/transactions_20230803.csv,933037,024cf80414b18d22af056673e795996edb4cc920ddd17a062f0e36e4af9ba34d,5113
transactions/year=2023/month=08/day=04/transactions_20230804.csv,818762,021b7e845792300625c1081424359018b5ccf3a9f7e108c5dcc6a76cc3b4d18e,4474
transactions/year=2023/month=08/day=05/transactions_20230805.csv,420587,3bcca702fc5fc93f71926e40ccf22899010119f0dd97a0bf339b2c368f09e178,2305
transactions/year=2023/month=08/day=06/transactions_20230806.csv,477014,4b32e6c67f3e894187722ce94cff0e2108b703973b3974ae964532827e332ee4,2614
transactions/year=2023/month=08/day=07/transactions_20230807.csv,952929,c63ab1d7c5722302936f965c8a9896d07ec9b957bc384a05c01845b0aeae996f,5224
transactions/year=2023/month=08/day=08/transactions_20230808.csv,942969,a36005b16f0f701216f1b9ab285c68da4fd0d1ad6fbd19a88649f718be865fb6,5161
transactions/year=2023/month=08/day=09/transactions_20230809.csv,947429,f79be0e424bbf6466d593d9cda261f981debfcad3781c13b14e0eaeb23c166e2,5179
transactions/year=2023/month=08/day=10/transactions_20230810.csv,852014,a8e5607d7182ecbe59f60fee45ee5fe677b9f43d2ff59008adb8857a3526d9c7,4666
transactions/year=2023/month=08/day=11/transactions_20230811.csv,681097,9a027f3adba3404ab462e702fe6cd4b47a58bfa266591706bdab1175b494e21a,3723
transactions/year=2023/month=08/day=12/transactions_20230812.csv,528292,6c9b2c965a65fdcb47a7e0bcdf3cc5ef84150048ff626c34505e812465441ad9,2889
transactions/year=2023/month=08/day=13/transactions_20230813.csv,442629,02a8232e21db996e9f67150a3ca70930b21cd1132b9766994ff1fc09f0504814,2421
transactions/year=2023/month=08/day=14/transactions_20230814.csv,960028,da42f2bf3c20e45edc0856df822f6cbe3d7a2d3d1533d1b8e6cd18a0284a3517,5242
transactions/year=2023/month=08/day=15/transactions_20230815.csv,963287,876fdcf9d71d03933894d950d635e577165b01f727ee03f59eaeddf179e5fc0a,5271
transactions/year=2023/month=08/day=16/transactions_20230816.csv,771596,d93edeef9c7831a19251e696fdfa009004ab3d084126d2f87b09d534db8cb5c2,4224
transactions/year=2023/month=08/day=17/transactions_20230817.csv,700665,c47eca1a3c98978e7952ea16ebe614ab6ee8690baf6a5c37467f266c3119cbcf,3846
transactions/year=2023/month=08/day=18/transactions_20230818.csv,920469,efdcadc5e328930d9ee7ba6312501b8e40548f75d51d8fe2681d454ae60448b8,5034
transactions/year=2023/month=08/day=19/transactions_20230819.csv,429857,95694c09906bd6e8c5d9f75b4b91727fc7e28db141d26d0cf1e6be1a1eae6eac,2355
transactions/year=2023/month=08/day=20/transactions_20230820.csv,493204,641b2fb62445eeb48543c609d62b7d5414a239600b4356df33516e0804518bc6,2700
transactions/year=2023/month=08/day=21/transactions_20230821.csv,776294,fedc33f542541e279d593a6209e0f7b39f13e602f0ef64c6c422df5e8d4d6fb7,4249
transactions/year=2023/month=08/day=22/transactions_20230822.csv,693922,c853d071173e3195e720126851e5610438bb9f92034f3c41baa1492040432553,3810
transactions/year=2023/month=08/day=23/transactions_20230823.csv,871658,26cc17eab2ba7e2d473cc0e00eb290fa8748fcae1e3911380d8ad8c2f1bd27fa,4780
transactions/year=2023/month=08/day=24/transactions_20230824.csv,882650,299bf7b1a38e6090b75ad3c0e1448ee4228902554223c51d988741c6e7b464ea,4834
transactions/year=2023/month=08/day=25/transactions_20230825.csv,970497,d600baa9bd8d9e5aadf5539c4b861ea281ced166978aa6bc877261474895c760,5309
transactions/year=2023/month=08/day=26/transactions_20230826.csv,574607,4d1bc9f529f8861a530e241a96ce018018ba42af087441dbcf3a6fd82bede3b5,3136
transactions/year=2023/month=08/day=27/transactions_20230827.csv,435643,36d7156ba254abd9ccc2b3c176f9aaceaa236adc5e568cf395cebb8ff6d2bd07,2386
transactions/year=2023/month=08/day=28/transactions_20230828.csv,753529,bee3629267450f8617c059ff0f0c1ad5ffbdba74bb5a7718c3a1060e1a1d8b87,4121
transactions/year=2023/month=08/day=29/transactions_20230829.csv,828247,cb1f687833950e445e6260b6bf2fe1fc1efbcbce6a299d732d439906bf419e7d,4539
transactions/year=2023/month=08/day=30/transactions_20230830.csv,796389,2d66b357b2bfb9f518c9d25328cb90335eb4ea64614ea1829970892c6178c5ea,4366
transactions/year=2023/month=08/day=31/transactions_20230831.csv,944038,11c979f197f13ae5ab8a39a59259420b0c5c3d4b14f3a8446f624262a288b512,5159
transactions/year=2023/month=09/day=01/transactions_20230901.csv,749081,78930efc958c8d056169272c7ee93ae746590f81d5708e7559d8c1b572c998f3,4091
transactions/year=2023/month=09/day=02/transactions_20230902.csv,546291,643d836b2db91d5629794548d37a2362bef69130d8bcc002d14ed598600b33e6,2985
transactions/year=2023/month=09/day=03/transactions_20230903.csv,470289,152089248ddf01445792923b36656f4483d4f9188cb2eca248a28dd6660d47cb,2578
transactions/year=2023/month=09/day=04/transactions_20230904.csv,850391,b2927509f29f0ced4474166516f7f5b53c6d188674d2ec001745f076503dc7ee,4653
transactions/year=2023/month=09/day=05/transactions_20230905.csv,782120,8858969a511a533365d8bb5d5e4c48fd551c23d9c539b5ecbeed84fdf7ae2c5b,4278
transactions/year=2023/month=09/day=06/transactions_20230906.csv,819577,289f31d3ee3927609bf8290bae3e974b3b04efa818c2be9bc633c4333c1988c2,4484
transactions/year=2023/month=09/day=07/transactions_20230907.csv,998497,754de17babbe774266e689f0fe909ff51cba085bda9746f7fe4c245582b4d7c5,5449
transactions/year=2023/month=09/day=08/transactions_20230908.csv,868195,3cf0d7c771688838929b94bdd60da8c138e30b2bfe97eb44859b6819eb593a34,4757
transactions/year=2023/month=09/day=09/transactions_20230909.csv,426149,cb1625252c38e39e54f1957e774506bd25bc2b647308d3adb2b2a09250c9e57a,2330
transactions/year=2023/month=09/day=10/transactions_20230910.csv,450581,b9478a042712687e19b671b0cb1c742acdc9bd3cfc6b4618fc969ed96fc8c68a,2469
transactions/year=2023/month=09/day=11/transactions_20230911.csv,838277,037391bbf8e6b3077b030c23980e9c7ebccdf3473d6fec45cfdc3b1f35a806e3,4583
transactions/year=2023/month=09/day=12/transactions_20230912.csv,930427,3165b50902324825cb573a47195d8e29a6fe8f1f9d63e42c3e9d74e77116089f,5107
transactions/year=2023/month=09/day=13/transactions_20230913.csv,863570,890f507aebb5fef89b695f0f17d953c65a0165cb0055a61b03af8aa93f9ff069,4727
transactions/year=2023/month=09/day=14/transactions_20230914.csv,726354,e156715893e1f0c68363b74f664011f835565d7e8aab5373823cf39d95a3b62b,3979
transactions/year=2023/month=09/day=15/transactions_20230915.csv,737475,2af31697886c3a082c11c2023d7536342f648bc0e04e8628503ddacfd7fd946d,4037
transactions/year=2023/month=09/day=16/transactions_20230916.csv,556036,3050715a9e5c67882a5f1e719fa97f5dca7059648032cae9461255e1ac8982a1,3046
transactions/year=2023/month=09/day=17/transactions_20230917.csv,437311,2e3fc29e3e7fd8f5650e61ada64ab179366bee3d970bd9425a5ae3dccd7f4d80,2391
transactions/year=2023/month=09/day=18/transactions_20230918.csv,671121,203bcfa90987881d215d8cbcfb03a1b2bab856df4833c74bbb77d88ae55c6938,3671
transactions/year=2023/month=09/day=19/transactions_20230919.csv,695902,d67b40a64c6c50b5fa505c9fdf8db912902fb9250fdc7ed9e9bdd89991b741d1,3805
transactions/year=2023/month=09/day=20/transactions_20230920.csv,896210,6e8164e9e65185da7715ab5e89d7b84ba137b55dcec3b5503952452ca56a662e,4902
transactions/year=2023/month=09/day=21/transactions_20230921.csv,995028,1c77d917368baecdd5a52c0f3c03d59f30eefb1179c9c559a8735c28af5c6a2a,5427
transactions/year=2023/month=09/day=22/transactions_20230922.csv,904929,861810eeec652080368de294483e95f24f90de4954e166943fb922f8e956be0d,4951
transactions/year=2023/month=09/day=23/transactions_20230923.csv,439444,814a012912f13ae78b52ec363461eec12f442b18a644884f9ffd8eacc502cf0f,2392
transactions/year=2023/month=09/day=24/transactions_20230924.csv,498794,751562617faf953f64324ed287599d15f34a92616ca57e5e1789ace6459dbd17,2736
transactions/year=2023/month=09/day=25/transactions_20230925.csv,901301,3eb433cd071b06ad1b87cb714ca2400d0546d41147adde5840a1defcf953d63f,4932
transactions/year=2023/month=09/day=26/transactions_20230926.csv,844019,ce7b57632bd77ca3ddd3554b444c16e48d2bafa3457f115332848742169e899e,4629
transactions/year=2023/month=09/day=27/transactions_20230927.csv,808353,635022e097841855cc479854679811cb66ba563888d0e4adc5f8e50315145f51,4430
transactions/year=2023/month=09/day=28/transactions_20230928.csv,712515,016ca6cba8057ee360af63a4dac3f27510dbfffa3d8a0027f6fd2f41250172ed,3901
transactions/year=2023/month=09/day=29/transactions_20230929.csv,829204,edc43305b3dd75d6c556fdea2daec4c3b303c247b3ee02e5f8f51d3eabefc019,4531
transactions/year=2023/month=09/day=30/transactions_20230930.csv,483475,5434fc5484175e6dbf73e505c4062ffcb2136f43d4210223fa558ac7449b6381,2651
transactions/year=2023/month=10/day=01/transactions_20231001.csv,433675,79d014ae5d4900699628fd25021c816ffa995093e5b3d33d24b77fe7ea059e5d,2371
transactions/year=2023/month=10/day=02/transactions_20231002.csv,840660,e62ce15b0265436280e4ce0c423dc2fa750a689b9aa49de222865d25d2514790,4608
transactions/year=2023/month=10/day=03/transactions_20231003.csv,805883,8706d2a557fa5ef6e09cb44c2246da4da6766293cb1bc23144b997ba70c10d66,4409
transactions/year=2023/month=10/day=04/transactions_20231004.csv,887014,b3447261dd541f014fd1991b7fe2574a8d0ec0471b24a955ab92d6bddd440df9,4854
transactions/year=2023/month=10/day=05/transactions_20231005.csv,992726,e5ef22c426a3142b0cb0071f0c3fd6dafd86d8434f516d1eb86afdb8b87cc445,5436
transactions/year=2023/month=10/day=06/transactions_20231006.csv,862364,0049cb02944f26e578dfdc5016e2c972cd3de70da03f0c4076d80a2895ad90b6,4731
transactions/year=2023/month=10/day=07/transactions_20231007.csv,515056,146ccf6ea44fbe910a16a576a17921e59d206549233a940485da34fe228cf133,2824
transactions/year=2023/month=10/day=08/transactions_20231008.csv,511445,85faeaa8ea08567fc5d8ca54edb18823bee411aab87e713844935d0ca81af2e1,2805
transactions/year=2023/month=10/day=09/transactions_20231009.csv,973412,6ea903fd5827a6bf3c10034ea41912bee92cb4c181c6d3366983198a2759d209,5329
transactions/year=2023/month=10/day=10/transactions_20231010.csv,693476,ed39211cb84d79910d2228318c7f0cefce00cd5b74fdc39bac120c20eacad140,3787
transactions/year=2023/month=10/day=11/transactions_20231011.csv,851562,f1b364e3ec92ea83b697bfaead1c883b54a0aaa9b97d7638ee050b203682aaea,4660
transactions/year=2023/month=10/day=12/transactions_20231012.csv,745358,553e5d2410036ad0181298d559703d5ac1d3ed82616ad24e9d21fd637caff482,4081
transactions/year=2023/month=10/day=13/transactions_20231013.csv,876480,8c2ad3a5280b51bdb8c732e634f84415b4e1e7c7eef60734e5010108f271477d,4797
transactions/year=2023/month=10/day=14/transactions_20231014.csv,592547,872d9d75cd3a3b1ec1aa43319e1139ed6d4b1b50ec4e8e189ade5f6ff336a46a,3252
transactions/year=2023/month=10/day=15/transactions_20231015.csv,467741,8ea9abb1ebaea33d9db64610be860c5f731a037fca181b2ea228d98de8e3c61f,2559
transactions/year=2023/month=10/day=16/transactions_20231016.csv,671793,6902cfa432ec781bfc311068cd3e387931ee09053151b1845e2db02e570d2068,3685
transactions/year=2023/month=10/day=17/transactions_20231017.csv,935706,d358bc2f7c8b5429923ddc7a50c3fdb4590ec7e1a9087f42ce37dcfe1585a554,5121
transactions/year=2023/month=10/day=18/transactions_20231018.csv,681892,cce910f47174e945394a38643e1c635a591789c1fc9b6f37eb203f6e78301412,3734
transactions/year=2023/month=10/day=19/transactions_20231019.csv,980977,c45282bca11a13fb6ad9a2c49780b1b900cd6fca8d15ac0232062548f7e91418,5375
transactions/year=2023/month=10/day=20/transactions_20231020.csv,962739,476544bd31e2b291ba4858e444c215f420c069626884957efb0e920a6f87d8da,5258
transactions/year=2023/month=10/day=21/transactions_20231021.csv,570991,b60d38b6dbe4f569ddd397c81c7e23da665b53afeb67d6b988fd39431c672933,3132
transactions/year=2023/month=10/day=22/transactions_20231022.csv,539365,d2a8e556acd1d80f8239d2a2bcc9fe9f5b5413dfc58a2f71289f7186e4206460,2958
transactions/year=2023/month=10/day=23/transactions_20231023.csv,904157,ca96c893867692ce41f287ee54c265488ab47ad8b010c4ade3560e2542016af2,4950
transactions/year=2023/month=10/day=24/transactions_20231024.csv,902419,d185a96fbeb2ea485801dd6cdfc8ff7dcc92fa3bf4c83aef22c349115852e1b1,4936
transactions/year=2023/month=10/day=25/transactions_20231025.csv,935436,e2486b4239bbd25729ba03fb25c98d109261590ec0e81916fc3e431418232323,5115
transactions/year=2023/month=10/day=26/transactions_20231026.csv,798999,cd87322a647792096f0896c1fdd8f3692f3375363c4586d8ba63f4042ce19664,4380
transactions/year=2023/month=10/day=27/transactions_20231027.csv,906857,913fb530e1885f8a088f203d5414cdcd510ad17db32a58c1e267cc8b1fa4316a,4967
transactions/year=2023/month=10/day=28/transactions_20231028.csv,403714,f40cba2cd673b3afce48fc5e29b46c164255b54c5aa3d4f74c4889650a0947f3,2211
transactions/year=2023/month=10/day=29/transactions_20231029.csv,563313,f392435bd5063e1b85d1d36a115d79b9f6b9456aac2ebda369d3753bc67e73f9,3084
transactions/year=2023/month=10/day=30/transactions_20231030.csv,908821,caa8320c118da6c4929cd0e76050fdf7a8155230316841aa9c97cc95726b7628,4977
transactions/year=2023/month=10/day=31/transactions_20231031.csv,672875,4f942fbce5cdf02d9e5ead25e4c407b6f382aea3f3bad1cc3cf6ca475e1b8583,3679
transactions/year=2023/month=11/day=01/transactions_20231101.csv,981518,49ec338b630e969d377bf15ea0749e2d394c1275d061a18838167a31766f7d96,5380
transactions/year=2023/month=11/day=02/transactions_20231102.csv,832965,28377f4b3fa7b55099a03a1b7b9078ef6b5a25072962ae3c546ac563d4ea2bee,4574
transactions/year=2023/month=11/day=03/transactions_20231103.csv,679398,247c60ddb2e065bd6c17bde36875eed36474cfe3e1b449b10d05c8f043714459,3724
transactions/year=2023/month=11/day=04/transactions_20231104.csv,417809,e38df70e59855a426fda6bbebeef872201c5173742571698ce4b458f67d6dbea,2287
transactions/year=2023/month=11/day=05/transactions_20231105.csv,543145,0efc88d87c6e4e5948a9f268a249b68146d7a1db8122818b9844757a15fe9f62,2976
transactions/year=2023/month=11/day=06/transactions_20231106.csv,951634,38b6af5cea6f1887d95677512a867640578c47c5e509f902ee97cc8c4f937aef,5209
transactions/year=2023/month=11/day=07/transactions_20231107.csv,669085,18c7b4d5a6505084dff45812d8ffaf5331c46f49469e275e604ce8b7326b8348,3658
transactions/year=2023/month=11/day=08/transactions_20231108.csv,695964,c342f04de524bd2d554cae6c53b32a13fade0425f947ec0fe9a5641dd32c2f20,3801
transactions/year=2023/month=11/day=09/transactions_20231109.csv,820486,f589d5e5d65513526e60be6387c24aa71ac8678767653147d34d25aa46b86208,4489
transactions/year=2023/month=11/day=10/transactions_20231110.csv,706572,8b90e70ae8b9af84558e3cfa607d7fda98473f2b14ebfea7dd7d0b8d3b416ccf,3864
transactions/year=2023/month=11/day=11/transactions_20231111.csv,543334,8888f20ed8ca22c5457d278f14438f5ea545217953b05c39af05d2f178886167,2979
transactions/year=2023/month=11/day=12/transactions_20231112.csv,539598,0dd70050a2c543dc35f90218082d0471ca5cbf322944273e04d27730da1240cc,2950
transactions/year=2023/month=11/day=13/transactions_20231113.csv,984011,967833ee17469050f8fc6c6139464ca14b9276a6ff96845b2cea6230e1bd3e10,5377
transactions/year=2023/month=11/day=14/transactions_20231114.csv,887326,597ffd334286bbc74e473fe76a7870bcde6b6200ba5c6bb8bbca0cea382f0ca0,4854
transactions/year=2023/month=11/day=15/transactions_20231115.csv,711840,da246a93c7652faad0eb07d76df5504b9c04b73dc0e873c5661c25ff51dc2fe0,3896
transactions/year=2023/month=11/day=16/transactions_20231116.csv,869257,eab8d0011e23d89684ac8cf6c3c644c92348a944b4362ea8715c0b7202f6d27f,4758
transactions/year=2023/month=11/day=17/transactions_20231117.csv,969828,396132814a18a6478d11d46969351b1a50760a199f35f7f4eb81e6d899ad0609,5306
transactions/year=2023/month=11/day=18/transactions_20231118.csv,533283,147fa9e5b3e18d49e03c4bfe085870f92d48e4d679fcfed1834304740522c830,2916
transactions/year=2023/month=11/day=19/transactions_20231119.csv,566266,fc1d737448959777da09efd6f5c241a4f14c78edfab8c00073847e63847898af,3101
transactions/year=2023/month=11/day=20/transactions_20231120.csv,852456,0bfec064a3a6dd86cd9e2dc507bdc7594a6bda8846fce1bf872558b855599f54,4665
transactions/year=2023/month=11/day=21/transactions_20231121.csv,764075,dead65c84c718ed9c10b7008a6de925ad144b42131f4b9fed2cc643131f19538,4190
transactions/year=2023/month=11/day=22/transactions_20231122.csv,766501,450d73a78d8fc3cdf982649ec73a8c14a2336164c4c89f0c1c31302e1a06b68d,4195
transactions/year=2023/month=11/day=23/transactions_20231123.csv,749036,bb4952f2a30ae1384c8b867638cd468b5ff89347de046a4ebf376b2b3e1fe76b,4106
transactions/year=2023/month=11/day=24/transactions_20231124.csv,736503,b393cc196733cc428f0d697f816588224d5e2b5eb920e463b43c27483fe6f1ea,4031
transactions/year=2023/month=11/day=25/transactions_20231125.csv,582251,2fd90ae11ae7eea408899a52085cbd48a8689ef4030aec020cadc36bc80c7957,3190
transactions/year=2023/month=11/day=26/transactions_20231126.csv,580629,9f4f73c451579347d1bd87760d0865051558376e22578860efea3b82a7505e4c,3180
transactions/year=2023/month=11/day=27/transactions_20231127.csv,681690,fe54f8828ce9ac4461a5b15f48304ee7e2ed5ed8b70677985af6b569e9fadd56,3732
transactions/year=2023/month=11/day=28/transactions_20231128.csv,892469,e313618d4eca73a67c480478d47ac7c1c73188bc004b5c1344c33d049f50f0c1,4898
transactions/year=2023/month=11/day=29/transactions_20231129.csv,958486,e1b3e414604209bcd1dfacb4447fffb7cb5841c93ffa60988965c490d3113e24,5245
transactions/year=2023/month=11/day=30/transactions_20231130.csv,862893,d31c64e394b181f2678b0ffeb78ed6db0d05dbc7ecf078eaa047c0d85e9ca49f,4724
transactions/year=2023/month=12/day=01/transactions_20231201.csv,912077,76337fefa6773d3338755fbed683fcef6672ebc9b1869dca03d867ac46728f1a,4987
transactions/year=2023/month=12/day=02/transactions_20231202.csv,401681,ac50eb1fb0a17511b1b32c871fe5fa680becd489c4a0f96c4fc4595a95919800,2200
transactions/year=2023/month=12/day=03/transactions_20231203.csv,518934,2d5cc7e030a1bbb09fd880f127423700b56e09211c18fb1357f60fb0f45f4a1e,2838
transactions/year=2023/month=12/day=04/transactions_20231204.csv,983386,81296e429661130336ae7d5a4ba077c0773a4a7ce666b60fae9f7fcf17c96372,5384
transactions/year=2023/month=12/day=05/transactions_20231205.csv,699947,6c60b3cfcde1dc68572d8463150cfdce175c3f0f868f822a866849c8e8d79119,3831
transactions/year=2023/month=12/day=06/transactions_20231206.csv,873657,e21acbf409f28d3e9683fc7bebc5080cf69bb05290e11b2e36aca8bcdfc439e7,4774
transactions/year=2023/month=12/day=07/transactions_20231207.csv,750106,767780633bbe78cca49c53cb3fd0d177b811843eb38356c8b12ec2520657f7b7,4100
transactions/year=2023/month=12/day=08/transactions_20231208.csv,875881,3cb505b9304421e63c704153a59b4a98947c0d833bcb6c4dcd1e0fd78e2e13cd,4803
transactions/year=2023/month=12/day=09/transactions_20231209.csv,410354,fc865c7ad061e04b6ff20996572c113421c8612c3ab2de0cb0f1a547f1a19a08,2247
transactions/year=2023/month=12/day=10/transactions_20231210.csv,490992,326fe1dbf02f4461cd7c2f5a0dc48f4c44de9689d1ad84a74d1351444d200afa,2685
transactions/year=2023/month=12/day=11/transactions_20231211.csv,903772,a1805ff683828e3c46faad83853f9d66e44c5afdec58e33ddcb078b6619edda2,4944
transactions/year=2023/month=12/day=12/transactions_20231212.csv,939204,ff577db632d61c4e024361da0845da014d8fb5c024791640efea3e5e14b7a3de,5142
transactions/year=2023/month=12/day=13/transactions_20231213.csv,788903,25c0d7d2ef4ed63cb3f59a10d0f1395d1e717960b9b85c3adcf4874b1b1e6915,4319
transactions/year=2023/month=12/day=14/transactions_20231214.csv,788712,9c33f7c2378c493883ffafe7ea03e40d063b3d5cb8e158ad7a778a490ad75443,4306
transactions/year=2023/month=12/day=15/transactions_20231215.csv,875962,426ee353c1e44faad729472be4596f1da85554b99e40e9dc205fdb9d8bfb4808,4796
transactions/year=2023/month=12/day=16/transactions_20231216.csv,523547,4e3937a7afe472118f91d0e388f86133ddd857e9d2d1bc41d4045abe3ea6e0bb,2865
transactions/year=2023/month=12/day=17/transactions_20231217.csv,476855,9c83cfdac1c59315a4d402d013d55a47b42db477324ca0cd930207aa176005bf,2603
transactions/year=2023/month=12/day=18/transactions_20231218.csv,995664,fc4947076b55342ec6206b0dc542509c3c08479b3cbd82799d46ac754c713b26,5449
transactions/year=2023/month=12/day=19/transactions_20231219.csv,848633,063e91cc62739270d4e4d8880f345ad0f062d782be33838460a132b9fcfafaa1,4646
transactions/year=2023/month=12/day=20/transactions_20231220.csv,834726,402890d92323931d95932a4eb4d2b04e362e79a83960fb9a49e33490f5d86a03,4558
transactions/year=2023/month=12/day=21/transactions_20231221.csv,779225,8537054d1548defb1a031c8e7b391f6ca615c9730d980eeb4f2c40eaf21892a4,4263
transactions/year=2023/month=12/day=22/transactions_20231222.csv,935877,0a5da7cc0056cb85cbf3240ed99a30ee5cfad770c720ab600edd95ac7194b97d,5118
transactions/year=2023/month=12/day=23/transactions_20231223.csv,522097,ac2cb93f0ba43e21e8a7239845f239223a8bf83d36f4d5bd5dad515fd64e57ce,2863
transactions/year=2023/month=12/day=24/transactions_20231224.csv,451566,3e3388bb46c933cf0484fd47f08a9e26473b7697b0a565d3ada06beae8cff456,2473
transactions/year=2023/month=12/day=25/transactions_20231225.csv,978165,d0ab04ba644e8875d3904760cdd60624d50d402c4f68006c84994e6592f51afe,5345
transactions/year=2023/month=12/day=26/transactions_20231226.csv,788917,94cc9d7e9f823aca9b0e68d1be2ede5303d3ce71011f7aa16ba4aeac4b041e06,4325
transactions/year=2023/month=12/day=27/transactions_20231227.csv,870687,80e54fb56f279a2711cde87fe149522520f5a2d09bc2c486bdc6c539551a001f,4758
transactions/year=2023/month=12/day=28/transactions_20231228.csv,899642,d4ace83239b023ce9a6840d9fbbebb3ddcfaf78c8b039277ea59da16863685af,4927
transactions/year=2023/month=12/day=29/transactions_20231229.csv,873194,53ec1739a37469843fd9779b49fa8d6cedb88fa6d042cde9a62294eb8c7e94bf,4777
transactions/year=2023/month=12/day=30/transactions_20231230.csv,458296,638cbb51655bdb795b9ac0dbe478f2c54d1e3c46a4b15291a20fd335ce59b0e4,2507
transactions/year=2023/month=12/day=31/transactions_20231231.csv,485847,b83deef727a2dc77dfd8453dff6a5d19c73d9e9e5d205def15a86fa7f6722b84,2657
transactions/year=2024/month=01/day=01/transactions_20240101.csv,836903,fd4e7ebb7b2b4eb38c0c39e0a56a918e4b140a468bd9d4d821acfe7d1a505337,4588
transactions/year=2024/month=01/day=02/transactions_20240102.csv,962726,7cda77f9d7d810eba268c8512a7ceb3104f6284d75ffffe0c005b100503253af,5277
transactions/year=2024/month=01/day=03/transactions_20240103.csv,863997,8c8c6dd08669261f61820e8b620208e6d36faefd16b15a8e4f15b68a495f6fc9,4733
transactions/year=2024/month=01/day=04/transactions_20240104.csv,675230,c84a2c2a0ccf83b959d288036d0088ed1376563ce96fd0d3123633a6b8d3b516,3696
transactions/year=2024/month=01/day=05/transactions_20240105.csv,909184,8e9ab0068275e3d35d51d5453324027bdd78b6cfb1084cb3224a6f0250a2112c,4977
transactions/year=2024/month=01/day=06/transactions_20240106.csv,431289,d77e087c9b69e9820cd16ae4de08852b4a7b95ee944185be186262efa7db048a,2359
transactions/year=2024/month=01/day=07/transactions_20240107.csv,431205,37121dc8b02651db1d8e862fdaf2b2a1c96b838cd2f8fee1a2d65e999c9d2d9f,2359
transactions/year=2024/month=01/day=08/transactions_20240108.csv,732802,4ae2c376d15148ea1198e358eed47a2fe8e812f6d4d9f2fa5f687f1c0eaca5a9,4018
transactions/year=2024/month=01/day=09/transactions_20240109.csv,830998,02851e7b816acf6b3f95c730cda6ac9bacbb383bc15923338a343fc77816bf58,4546
transactions/year=2024/month=01/day=10/transactions_20240110.csv,833814,b4afb151e2b70f36cd370fd958c43e4f787ceed29c09a154e9ba14f6f53c4761,4555
transactions/year=2024/month=01/day=11/transactions_20240111.csv,702541,0e0673e521a2a9bb4ea2b01ab842b6e929f5dc7f27eb67412044015a22a0688b,3846
transactions/year=2024/month=01/day=12/transactions_20240112.csv,715732,39f3129ac34b0d5e889ec5906589d8c2627762b69450774ac9724dd4c63b4306,3922
transactions/year=2024/month=01/day=13/transactions_20240113.csv,445306,bcd67795c78f9763062680143e0b718a83af8cc0e49c68b9afa50c1ca878ce29,2434
transactions/year=2024/month=01/day=14/transactions_20240114.csv,574959,c11e7c4e33208d81bfc76cece994ef1bbe1356074458e90d2a0ad3c5fc46a0ed,3148
transactions/year=2024/month=01/day=15/transactions_20240115.csv,760880,93464f739a13eee50667bba230cd0d35f052e9995fb6ca123c5c18bf25bad8ba,4170
transactions/year=2024/month=01/day=16/transactions_20240116.csv,958312,acc449664f6bfec1c871390dbd8a83964a867d189faccd1811f4048c92b7796a,5253
transactions/year=2024/month=01/day=17/transactions_20240117.csv,685185,85e282506944b91328b19c62500c46b597d4022ccbf41b2657ff7ee93462722e,3747
transactions/year=2024/month=01/day=18/transactions_20240118.csv,694174,6e139915073866ab1e9a7a154630f259b66bc8e97338f348b22874362ed11f02,3796
transactions/year=2024/month=01/day=19/transactions_20240119.csv,769804,f527af7d4bf144a5dc86698007f62b38d637d4f2359ff61b931896baf7774361,4210
transactions/year=2024/month=01/day=20/transactions_20240120.csv,596684,ed0060376531f9bef08c1e3cc3c4356afd951a1d6a5a1d8d1a3718ebb44e1549,3262
transactions/year=2024/month=01/day=21/transactions_20240121.csv,562045,4a978cdb00a41c076773351211ecf68d9e17ef3182d8d862d78fe95d5a45a806,3069
transactions/year=2024/month=01/day=22/transactions_20240122.csv,916891,cc5c15dec0d75ca4589df13ee5fdc84e8a8eff862829a6c129da28cf30d9bed8,5020
transactions/year=2024/month=01/day=23/transactions_20240123.csv,803604,92ce2f9dacd130737275b09e69fab6e658a41a704a3062139a9b6c6d470510f6,4399
transactions/year=2024/month=01/day=24/transactions_20240124.csv,985816,0a8d9ad0d15c623a2cc4a5d501af3ce013f5ae33f224ecbf95a91a222096339f,5400
transactions/year=2024/month=01/day=25/transactions_20240125.csv,777425,e5ee821a1bc166d537235b0ffa6d23a6497a202bbf6afab3b125ef275c1d26f0,4266
transactions/year=2024/month=01/day=26/transactions_20240126.csv,710039,d354d024d3b911191cc436ae7dcd02a4c6e0f6bdc05748971ce7bb215408fe96,3893
transactions/year=2024/month=01/day=27/transactions_20240127.csv,594711,f51272d53e87efe62bcf6be1abc5e3b76c258867def088312c0686d3a23003b4,3261
transactions/year=2024/month=01/day=28/transactions_20240128.csv,577844,31e655c816dbd6f47eed248b2efd5b5dbee34472e7edbd7a1fb6efded7294d9a,3162
transactions/year=2024/month=01/day=29/transactions_20240129.csv,674523,f0a81fa043b4ff460f21d7fe5d88569758707f08fa324215350f51aadf60d241,3697
transactions/year=2024/month=01/day=30/transactions_20240130.csv,666619,c05e5a6b7c365b6ab85e2895073d44e6192eff42e84e7b48735d85a4c287951d,3648
transactions/year=2024/month=01/day=31/transactions_20240131.csv,675063,10f5f7bbcdb45ad52b2ad2948c10fa6da4e5f68e5351c4522c0b69b59bac729a,3707
transactions/year=2024/month=02/day=01/transactions_20240201.csv,741181,90f56af83e46cb940605466d6a87ab64668b46330928ccccdd3e1351a0dcd8a9,4061
transactions/year=2024/month=02/day=02/transactions_20240202.csv,961260,5e3a57df26fd705b4135b606b9a990b02ea70fb7b05d768d4c5480c1affa47d0,5256
transactions/year=2024/month=02/day=03/transactions_20240203.csv,465779,32b72ce3e4b7c955a18b7f45ecfa2ae783d120afdbbfe293953dc43f38897f4a,2553
transactions/year=2024/month=02/day=04/transactions_20240204.csv,593000,50f3f18c45ac91ed5066312643f9219096ee225d53b763972ffb6d77180469d8,3241
transactions/year=2024/month=02/day=05/transactions_20240205.csv,925399,b84e0b50f369ba814d9e97feba676d78092b4941e0460070e82151683eef01ae,5062
transactions/year=2024/month=02/day=06/transactions_20240206.csv,851112,a844dd47c1dfbdfb99649775690d39d19588ba14e8e32b361201c5a255c56cbf,4656
transactions/year=2024/month=02/day=07/transactions_20240207.csv,808419,eecd509ee82a683ae0af01f9bf5b708c0f93a409005f00ee4b21d4f76724107d,4429
transactions/year=2024/month=02/day=08/transactions_20240208.csv,969168,19b3b4b96670048c528ee60f6cff4fc5a0ade184fdeaf780f9484263590e2143,5316
transactions/year=2024/month=02/day=09/transactions_20240209.csv,674687,cc3e76eda40395d45508547777e7cc03bd8d95c4f11b4e52c227c156e0e3b2a5,3692
transactions/year=2024/month=02/day=10/transactions_20240210.csv,504133,29009d4a3fabbe05eab0400d237b168ed8a1bb0144be4373d38a74e31b6912b6,2760
transactions/year=2024/month=02/day=11/transactions_20240211.csv,436237,c7e8c80700a638440cd5ee2ad082deb30cd7f165c6bda7d25a6a435e9f027df9,2388
transactions/year=2024/month=02/day=12/transactions_20240212.csv,999683,e1558aea236b497a0cd18aac1bf2193083574cb5e6967d2746484bc3e9c28eb7,5462
transactions/year=2024/month=02/day=13/transactions_20240213.csv,716386,24212c7cc065ccc3607dbfb31b78ed3829500cf1c117eb23b2ff38266b29b0ba,3923
transactions/year=2024/month=02/day=14/transactions_20240214.csv,690099,8fe99b18ca1b09bd47cd1a56a1886e53bf3c4247c93e37452998bfe69bdbd024,3779
transactions/year=2024/month=02/day=15/transactions_20240215.csv,978631,73ce68498e6a1c69f38d269a47fdf6bd03a66403064802d30b006093aed9027d,5364
transactions/year=2024/month=02/day=16/transactions_20240216.csv,994575,8f80605475a41912a207d6a4918f5a08e94022179587dbf81e1821deb008a3b0,5448
transactions/year=2024/month=02/day=17/transactions_20240217.csv,462305,864b683e0a7a4609cec8da42e7c20986c041115518722e77d1207ad004c090df,2532
transactions/year=2024/month=02/day=18/transactions_20240218.csv,431193,167f7aa530e32c95a0b9de80c37e005f0910859fef072f1c9150e4999853e463,2354
transactions/year=2024/month=02/day=19/transactions_20240219.csv,814189,37ddbb4a2e291699f3683892e183ca2a7f25d9db19a2e9ce1db1eb315dc00e62,4459
transactions/year=2024/month=02/day=20/transactions_20240220.csv,951276,0ef15b044dfe66f05449acdb8fa0f8eac5284cfd984b3c3e378f9e3c70ee45cd,5218
transactions/year=2024/month=02/day=21/transactions_20240221.csv,723154,fb827314482eb9cf38d4e015b63a350c99faaf689df91f74a215e87aecefb638,3948
transactions/year=2024/month=02/day=22/transactions_20240222.csv,824095,990cc1b596456d59dc8ce83808b0a4a671fcbf29f029517a6c749cdaefea34f9,4515
transactions/year=2024/month=02/day=23/transactions_20240223.csv,669521,c5094067c31eff5b865806d1a87964d607bafe0475a0b5a0e696864255332ffc,3660
transactions/year=2024/month=02/day=24/transactions_20240224.csv,563773,6be9f081f4cca3808fa4b773f2394de41999d57e19c3147b1e43eb0f9511ce38,3093
transactions/year=2024/month=02/day=25/transactions_20240225.csv,472335,2be6f6cc350734782d67986d5ff4684360f10ef61d4aefb8c5edb3fbcc0edbf6,2584
transactions/year=2024/month=02/day=26/transactions_20240226.csv,717648,13fb9f99d94cce69d538951018925eb87a16497791ebeed58c2b8ca76aa5a124,3923
transactions/year=2024/month=02/day=27/transactions_20240227.csv,856583,7b4fcf076a3a50c520e26ec56d020aca02cb261ffdac5022cb7d31e753c7c8ba,4688
transactions/year=2024/month=02/day=28/transactions_20240228.csv,830854,79d42af3e948c86df22048b36bb1e86c74d4d586b4d9b9d00c3e0e1d48925edf,4551
transactions/year=2024/month=02/day=29/transactions_20240229.csv,805622,b3c8b93cedc62438b079e0c58fdbdd5eb2cd420522cbf7a4ae1f2df6f4c2bfae,4415
transactions/year=2024/month=03/day=01/transactions_20240301.csv,902636,d31b3adb2e959174cd1f09ace5d8a04d7363aa2a2b1f2af2554462055d6eb78d,4949
transactions/year=2024/month=03/day=02/transactions_20240302.csv,561060,3512004eaaf5e6d7b927a4adaa3a8b3277ede9c972b4000e587c9d5759fb784d,3072
transactions/year=2024/month=03/day=03/transactions_20240303.csv,558217,0214b97e6fecd9f7a668f4e2986baddc76825b8208aaba60579b921b27c51159,3055
transactions/year=2024/month=03/day=04/transactions_20240304.csv,810497,c4ef6659e9cdb3da2dfbb4605e25509d155a874756356133f638397dad439034,4426
transactions/year=2024/month=03/day=05/transactions_20240305.csv,872036,6c22c67612232d6ded85bb3fc8edaa478fe96208b8dd7b50eb6562dc2b769f34,4769
transactions/year=2024/month=03/day=06/transactions_20240306.csv,780033,199806b40ff9f32441d2a5141c0a02431867433ffc4aa58eb287c13930fbe06b,4267
transactions/year=2024/month=03/day=07/transactions_20240307.csv,866437,a75e7aa27ceaeb7040bdd9c83442f29e8816f32ed40b9792812a791a1dd475e2,4740
transactions/year=2024/month=03/day=08/transactions_20240308.csv,841266,8cca457be209b2229e73ee089bdaec4c2794f6778aba0384c740aa0069cb57f5,4609
transactions/year=2024/month=03/day=09/transactions_20240309.csv,417509,4a48bae1e8ca4a5f95c950286e9f35cf6deb59e8cdde6c823d41706bab6cd7e4,2289
transactions/year=2024/month=03/day=10/transactions_20240310.csv,515543,e8aa1292fb53f7b3831ee038b851ffe13adbb213a6ced6932868290011b423d1,2827
transactions/year=2024/month=03/day=11/transactions_20240311.csv,826918,f31ee4248ebe62ec45b03d3b4c97340729b672a6f99e3ff5a9f93ae6cc4cd03b,4529
transactions/year=2024/month=03/day=12/transactions_20240312.csv,677091,9421af5e642bb33d36e1bb7be16ee1ea531bd228945723a6ff88e45300addb4f,3702
transactions/year=2024/month=03/day=13/transactions_20240313.csv,728781,2d0c8a51ac92c6889507686680cd7910ab2a3025506619b3dc509b18f886951e,3986
transactions/year=2024/month=03/day=14/transactions_20240314.csv,728872,c79ca9444c4b783d12c17a0068ff3722ba4666d7bed386ef9f6f6e0d9d413b25,4001
transactions/year=2024/month=03/day=15/transactions_20240315.csv,796517,fb19d3b2e4ec1a9a1c17e9065058585c8913c8cf31847052d48b97ec91cd5469,4351
transactions/year=2024/month=03/day=16/transactions_20240316.csv,542516,e7d17e4a1cc5d56cede46545a232a4b635936bab1195bd0c0a11590a87d8f0f5,2966
transactions/year=2024/month=03/day=17/transactions_20240317.csv,518893,9e206b285e607569e5909c891d9a27c85a868735af9fb8013ae87c5765b62e69,2834
transactions/year=2024/month=03/day=18/transactions_20240318.csv,765008,6b008a3e2697457cc52f363618e8eb7aba4fd6e62be1c6427aa6c28064057667,4185
transactions/year=2024/month=03/day=19/transactions_20240319.csv,896242,b024bad39304c9760f7cc2898c82400a972c9d84ec0d7d297eaf4043aadecddd,4918
transactions/year=2024/month=03/day=20/transactions_20240320.csv,701376,d6fb1f860d12b757a3e4c3d14e4ea503a6c00337702d28abd4542decb18321bf,3829
transactions/year=2024/month=03/day=21/transactions_20240321.csv,942505,7e565d9983df04b7d1d44693ba9916b3bfc05cb8fd215fe7d02ef523afc8dfae,5165
transactions/year=2024/month=03/day=22/transactions_20240322.csv,698105,3363464ab9dffd302beb3faa4be611c01610e720094c3e6a774f13ca0142be80,3819
transactions/year=2024/month=03/day=23/transactions_20240323.csv,552856,ebf9471237ae2ff73a4f93e850f7eb7faf02bcf9863651ded7b077d536887b66,3021
transactions/year=2024/month=03/day=24/transactions_20240324.csv,495948,9470f8a7a5e065ff13e2a9db3ec80a3c3bb75dd135ac449e5d18a5d4db0814fb,2721
transactions/year=2024/month=03/day=25/transactions_20240325.csv,878722,7b84b775bdf831aec2fd7caf6845d8375c039361e08dd98b70e05b6056297e4d,4821
transactions/year=2024/month=03/day=26/transactions_20240326.csv,826858,e34b8483454419881303f7b62464f3e9c7be95fc8d9558f897fced98be8f0932,4526
transactions/year=2024/month=03/day=27/transactions_20240327.csv,801791,e2f7625f247a59011335500a86b7ef10b5f223de7f904febad5840471ef7bbbf,4384
transactions/year=2024/month=03/day=28/transactions_20240328.csv,933315,b39aee9d5f53ffe863a02c20c7c71b6bd3892fa017209787dcae6e3cbb3ccd69,5099
transactions/year=2024/month=03/day=29/transactions_20240329.csv,693549,fe22e31e472ed8fc12055f49d32f1c27bfe34301b0f829260cba6eddc2f8d515,3790
transactions/year=2024/month=03/day=30/transactions_20240330.csv,551190,c15131c58c191e69b477d34778a98131be8f1a731dd93d2f44b8610142050118,3012
transactions/year=2024/month=03/day=31/transactions_20240331.csv,446929,f82b8103f9ac2b4c488783f65a736e860aebabb1c90c971fcee9ffb74f9bd52c,2443
transactions/year=2024/month=04/day=01/transactions_20240401.csv,760057,86abf027456db6ffbce782fe9275b223d2fd6f83bbebc1432b939eef5d8be413,4164
transactions/year=2024/month=04/day=02/transactions_20240402.csv,831783,4feccccc36b886e6d2a5480b82a10e7e70c5aea4439cfec659c11b3b44ece8fd,4546
transactions/year=2024/month=04/day=03/transactions_20240403.csv,906864,89c60b9526b755695fac5061a58812b79110d2fd76c00bb090cc5e9fe4cbff3d,4960
transactions/year=2024/month=04/day=04/transactions_20240404.csv,982716,ad7365422c188781857bdab17333bb8076fcf0c401da6ed35b9219db02cc275a,5384
transactions/year=2024/month=04/day=05/transactions_20240405.csv,922728,ecf9098e51cc294d68cca6cd4efbced476dbeaad653db6bb0d143746010a8195,5047
transactions/year=2024/month=04/day=06/transactions_20240406.csv,444885,be62d0799f012a90d7e07b5d9b112f71ca5f322a15369ecedc772cd694bac6c2,2433
transactions/year=2024/month=04/day=07/transactions_20240407.csv,416012,c6c4d643fe8acc5ae8f73f1a0bc159d07da80e911f355348da4bdeabb8f285a2,2272
transactions/year=2024/month=04/day=08/transactions_20240408.csv,947575,b4cbef637b4dd88e54ff3d03282ddf9e0477e5bcb971bb195ad1ad7e3f3e09cf,5188
transactions/year=2024/month=04/day=09/transactions_20240409.csv,804790,f15927c656f91ef9be1d655aa91cfc8519fac0a9afe404d0a61857df8ea29b73,4397
transactions/year=2024/month=04/day=10/transactions_20240410.csv,944764,f56e59b4d50ffbacca9c7e91499d3ffa4087962620146f61e4c932713d7d2342,5165
transactions/year=2024/month=04/day=11/transactions_20240411.csv,925132,256f30bbcacac21c4156ce95fbc262860a6437504d1eae44597b80e0d291523d,5059
transactions/year=2024/month=04/day=12/transactions_20240412.csv,811708,df474dcf31c458d81001c0591b13a4998c4ef9e6096543293d80188a8a670e4c,4443
transactions/year=2024/month=04/day=13/transactions_20240413.csv,446629,1060a2dfeca3875f516aafc974efcb646a366e912624e2bc959950ecd9f6e2a4,2449
transactions/year=2024/month=04/day=14/transactions_20240414.csv,455026,7cd006c2f0d8aafceee170159a01e15ba59ef87c1c29c0dcbcc4e35062341cc5,2480
transactions/year=2024/month=04/day=15/transactions_20240415.csv,701765,c0860d28ec2bf71a72683ad241bd4143614f89e4c20627668e03b60726a36822,3851
transactions/year=2024/month=04/day=16/transactions_20240416.csv,987700,1c46e57bff7e105a5cc6ade8b54a1fbe72e1ce3cc64639d5e9847c2dac7ab6f4,5395
transactions/year=2024/month=04/day=17/transactions_20240417.csv,791416,c66ce290acddadb9a5f95d2826f1eea72773c5a4dfa66012896d6cd04663c148,4341
transactions/year=2024/month=04/day=18/transactions_20240418.csv,984584,4b5b2e16b54f2b2e62b358257169dee8289400d6ecef7cad71584b1d1e3afe53,5399
transactions/year=2024/month=04/day=19/transactions_20240419.csv,720246,fc6c5555bdf3074cabea1cdb836a24e085149e39f40ed4edbcca02ea6de22ee1,3949
transactions/year=2024/month=04/day=20/transactions_20240420.csv,407859,d2d012851c3d6d22ec436a640e7587f4e4e92c3e3f0cd4baae13c5155b674dda,2225
transactions/year=2024/month=04/day=21/transactions_20240421.csv,579569,8520b62d64f44862a473076ad246a00dc88d388fa08db5b9052b17e9166ea386,3172
transactions/year=2024/month=04/day=22/transactions_20240422.csv,750911,0e695bf1dc8be8d3e5ca1bf400949bc49e626ec2367c464f68655acfb465b775,4109
transactions/year=2024/month=04/day=23/transactions_20240423.csv,740360,e373b0963c926b7d13a546ab3cbb4de761a238b82dbdae29fcf854be397ef106,4059
transactions/year=2024/month=04/day=24/transactions_20240424.csv,984891,95f1f68e35813f7118b0840300972e42df60c56d2a1d75cf972855954039ff32,5382
transactions/year=2024/month=04/day=25/transactions_20240425.csv,727234,2369bf846e395fb238cee5c6f5fbba8b581a7efd4cf4dd430a15e2fc9b0401c1,3991
transactions/year=2024/month=04/day=26/transactions_20240426.csv,788046,4caa2fe2ea0db421c107a4a78cf29fd5cea987148edd9bd19e041d7cc9251ff3,4318
transactions/year=2024/month=04/day=27/transactions_20240427.csv,560417,92e38bc99c20aa09ccb01b9e0380ed6e9f4bf0fce8edabc44e12e98a6c9d4b38,3064
transactions/year=2024/month=04/day=28/transactions_20240428.csv,443815,ddd1d50c1c9f4c5f2e6107f00cce8beef91806beba63094d5f851dc943f74a19,2433
transactions/year=2024/month=04/day=29/transactions_20240429.csv,745869,f37cac7c33159727a7196bf0c48c4e7fec7dd6b55832a1665a43ed7eb0874917,4081
transactions/year=2024/month=04/day=30/transactions_20240430.csv,725490,5351624e2929bd5aaf061df2ac9bd97215ea987846649f8cd9cc9f7f271cee06,3975
transactions/year=2024/month=05/day=01/transactions_20240501.csv,837233,1becb4810e560d608a0edbe33a8f407467643d30913d10d8880ae683321c8112,4589
transactions/year=2024/month=05/day=02/transactions_20240502.csv,854841,3f81bd1e11171eded3e91e6e89ef9612fb04487bf5e8acce38352c28b5ea3e5d,4682
transactions/year=2024/month=05/day=03/transactions_20240503.csv,698226,c65d4fcb5c4642b8bb2aa537c93261403890f5a5540753f5a86c07e47b4a19a6,3831
transactions/year=2024/month=05/day=04/transactions_20240504.csv,526632,01304920868296bc85033976d3364ef58b2304d00818a6d29bb467a0035b33f5,2873
transactions/year=2024/month=05/day=05/transactions_20240505.csv,592199,c1c5e61cd13923149aca498f94a8b74c17e5dca8217a62013b7ad06cb57bc905,3246
transactions/year=2024/month=05/day=06/transactions_20240506.csv,840030,f56a1dbd75905a55f87212a6db53a47955b3489dfae40f808ba1c16abf9ab35e,4600
transactions/year=2024/month=05/day=07/transactions_20240507.csv,972060,fbc9a07cee6c50d17bb75bbc22e85d30ff28e4206050d42de200bf72f296d2ea,5324
transactions/year=2024/month=05/day=08/transactions_20240508.csv,918399,af0d52daadebc6f18b686eb80fb7e9a1a2d83fead277c07f10fdfd7b339b4e7d,5023
transactions/year=2024/month=05/day=09/transactions_20240509.csv,972129,2fccc244aec11000a117aa62c5c94797a32f3d66fd63fc9f055555389e4540b5,5319
transactions/year=2024/month=05/day=10/transactions_20240510.csv,811062,0117e69367fa4e560c03df1aad8f92a544d4aa26dc6f092b63384f5dcfba58f1,4457
transactions/year=2024/month=05/day=11/transactions_20240511.csv,561759,8355334f703a51c7ed1576a0ca78129f8de170bbebd9ccae2254a6af18a620dd,3083
transactions/year=2024/month=05/day=12/transactions_20240512.csv,546589,4b5b27fd5bc9d3a42e3d7d8eabfbd865d85663de9b8c5434477f884477da19aa,2990
transactions/year=2024/month=05/day=13/transactions_20240513.csv,880283,ca48ad03a233400b96cb3612c1a8148921b92c409fcaae7152d4d7f02485fd5d,4817
transactions/year=2024/month=05/day=14/transactions_20240514.csv,984194,e19261e9a5c36cdee8b9828f1afa8bc76a656b01fd464ae4fa74f7bdc21bb62a,5384
transactions/year=2024/month=05/day=15/transactions_20240515.csv,818333,33ec503c9c60d15c958f558f470bd048037280dca9ed94f7bea2e7affbab45b9,4490
transactions/year=2024/month=05/day=16/transactions_20240516.csv,793483,9afcb54ff16b8314e37b276925d698e0dac4c9add94b97248f1bd050041379d7,4348
transactions/year=2024/month=05/day=17/transactions_20240517.csv,827363,ed1bc81e82a7677e78098c1ae4e947ecce80df1e320711442bed6d5f168c3692,4532
transactions/year=2024/month=05/day=18/transactions_20240518.csv,460198,ed3dfdc562e993498cc2e2256b9a98819f7668d6e0110e1e0be1db11a9755f74,2520
transactions/year=2024/month=05/day=19/transactions_20240519.csv,579397,010ae8ec9be6d74a959e2ceda7ecb7f83bf86a75d0dd9fdf781833f3d9258c23,3169
transactions/year=2024/month=05/day=20/transactions_20240520.csv,694298,4c5abd001b37fb631eccce024893aa1aefab907623a6bb163335e7b0ba8e997e,3795
transactions/year=2024/month=05/day=21/transactions_20240521.csv,699676,850002a738dec5e2af5302c996de092ebe61e399b8f926190ea0af8f3f84e0e8,3834
transactions/year=2024/month=05/day=22/transactions_20240522.csv,675732,41bca279cd9ec389d4d3aa0c723d3d83256ade20b0abf1e03752c47937f1f6ec,3706
transactions/year=2024/month=05/day=23/transactions_20240523.csv,926513,0e4c7662880d8445ac41d4d803ecf274a1fa822db79b56d6ecbc92efa6ae687a,5073
transactions/year=2024/month=05/day=24/transactions_20240524.csv,717861,15040dec95e7172e1c27de369ff8f6e55817d746cda229f4f0b021b6eec3cac7,3933
transactions/year=2024/month=05/day=25/transactions_20240525.csv,482538,1a2f01d4639ed2deafd3f440a5c903047b114398b54083a33fbc7ee5d99ffa9f,2637
transactions/year=2024/month=05/day=26/transactions_20240526.csv,508587,2da6c0e7e57fb4d4408029c3f4ea3725a3b08963512ce2cb6d45830f2e8a85d6,2784
transactions/year=2024/month=05/day=27/transactions_20240527.csv,680692,6be7d1629f8dc9f80f807a74a7d47fe65ae6c12840a1aa51ea26a868f16d831b,3718
transactions/year=2024/month=05/day=28/transactions_20240528.csv,882367,c88e2be7a2b6911a51917291134db16d855736172c5146c93dc9f1f267d1ee6f,4826
transactions/year=2024/month=05/day=29/transactions_20240529.csv,821130,003499a45ef5f63655a8162841230051b453c1463d52dec0ab8045b449e535b0,4504
transactions/year=2024/month=05/day=30/transactions_20240530.csv,725970,aa73fddd40cf183506c8ed2d42a460d2ff0cf1369473047469ff0cc9cc79a2f6,3978
transactions/year=2024/month=05/day=31/transactions_20240531.csv,795498,2062205342dbbc46d6f4c347b1cf8ecd24575429e445f52eae19ef28417b04d5,4351
transactions/year=2024/month=06/day=01/transactions_20240601.csv,531939,ffbe707b1a1d0f58525cbfc044e1652df0e10f0d3c5c1aee4148268515ab2891,2903
transactions/year=2024/month=06/day=02/transactions_20240602.csv,441839,89de34dc7b4aebf7bae36faf1181a262065e49eb6d3e528fa9a77d16358fb3aa,2414
transactions/year=2024/month=06/day=03/transactions_20240603.csv,764798,33777f7dcf3d70d488f15a917159042aaee10fcdae539d6a50026900b59bf5e5,4182
transactions/year=2024/month=06/day=04/transactions_20240604.csv,704350,9cc54f312a9661f75a37827608ed402a5f5ce752c0478a105ffb25874d0210f8,3859
transactions/year=2024/month=06/day=05/transactions_20240605.csv,934712,3f8327f0cb170454483ce8330987676cdceb3cb6952f9ea5c451a5403fe794e9,5118
transactions/year=2024/month=06/day=06/transactions_20240606.csv,705407,1b4393994ae23ef73c4d101fdb8b85bcf1b7e623ec761b99f6b8488d19ff541a,3856
transactions/year=2024/month=06/day=07/transactions_20240607.csv,932004,b11a77ef913bfd02f8cec957693226bbd6966abea0f3d63958e3d5083085d852,5104
transactions/year=2024/month=06/day=08/transactions_20240608.csv,506325,8b4ee2e4a4a636666418f450bb5c707c0f5624db51cbcc82a3e04bf3752d8314,2767
transactions/year=2024/month=06/day=09/transactions_20240609.csv,501589,1c770b9855c21d54f01ce0c2dac116d830e0b5ba75d6953528a00b20883e7eca,2745
transactions/year=2024/month=06/day=10/transactions_20240610.csv,723599,63b233728666b9a92f7708575321d4419eb5db638332ca1e16066cea3bed4063,3958
transactions/year=2024/month=06/day=11/transactions_20240611.csv,950674,a954d362cc292c78fa915255006e067c4147d3cf39c49b4e28e6a79d3dd092ed,5208
transactions/year=2024/month=06/day=12/transactions_20240612.csv,894809,56145c93edec592cfa8d891d4ac8e4cc3f2919154ae64b92b9c5776245e59afd,4909
transactions/year=2024/month=06/day=13/transactions_20240613.csv,956363,b9beb9590c9925b3270a0d93e1ee0d2d65fee0392f0ed5aa5198884965bad008,5239
transactions/year=2024/month=06/day=14/transactions_20240614.csv,993197,fb0694ce1b2568a1dd41c598092a42b7ab0edaf501854c648b154e5a322adde5,5442
transactions/year=2024/month=06/day=15/transactions_20240615.csv,576280,3f38c4b6b6e25e4c9640500c23f44ff03e2cf99f54e86c53af4b1df3753407ed,3152
transactions/year=2024/month=06/day=16/transactions_20240616.csv,426996,8a84921e39881942bf8d4b1e54d3770df1bce867f800ea2e0f9a9fa347a1f182,2340
transactions/year=2024/month=06/day=17/transactions_20240617.csv,990483,bd0510346c755e2ecd2fc6a5d13a1860a259f8ba60c6dd9ed951a7f81a8d8587,5428
transactions/year=2024/month=06/day=18/transactions_20240618.csv,966165,384213c4056a3f725405cf64e8c35a64b0cfb4a2835c74da9b4f266f9f856082,5301
transactions/year=2024/month=06/day=19/transactions_20240619.csv,859850,6ade21c8ae25128dfd85fc258b4897f5ebcbe2d3e2d719880563909a5628d5b7,4695
transactions/year=2024/month=06/day=20/transactions_20240620.csv,925949,ac1281d59f58eb25c078666264f319d500de99f14d316d4862a0a23b5e78d143,5080
transactions/year=2024/month=06/day=21/transactions_20240621.csv,676806,d4baa56a170b987643c1adae2adceb3386b74587ac58b4888548c53ded8d89a2,3701
transactions/year=2024/month=06/day=22/transactions_20240622.csv,576369,aee206f0d86b0113159e4449c4bc144bd543eab299bb0ee8fbb6576d7db29226,3170
transactions/year=2024/month=06/day=23/transactions_20240623.csv,510794,0007f36f0d1f7a755ec64739dddd3e2e9090ce6350f33223d0298df984f5f47c,2794
transactions/year=2024/month=06/day=24/transactions_20240624.csv,818035,da5487c1e9d41ece66d705b1dc0a41b6ab08a756dc6bf4105df2f4b87d885a5d,4480
transactions/year=2024/month=06/day=25/transactions_20240625.csv,817819,9c8ba914e8ff7e12cc0ee880d2a5d95000a276159dc5713dd697cfeddd0ac154,4482
transactions/year=2024/month=06/day=26/transactions_20240626.csv,825355,e31f0ff0c86e0586af6fa1ce4bd6bc01e69016dac8560b8e6836f974b775bcbc,4526
transactions/year=2024/month=06/day=27/transactions_20240627.csv,787604,1c605ed57a530cd630e0c8cf5138d75eb6d49be4be5027a2b2e97be852a06e97,4319
transactions/year=2024/month=06/day=28/transactions_20240628.csv,849576,5c2c7f701e427fffe4274b3fbb7fc36e3e4982033cfcceb1256ceae58aa2e5e2,4646
transactions/year=2024/month=06/day=29/transactions_20240629.csv,499571,a139385de2cfae94166d14b2f77611d84a4ea886cb65c0b2aa517c8a352f611c,2736
transactions/year=2024/month=06/day=30/transactions_20240630.csv,526914,a74b64138c0d00dc667f34e0caa19b0b291b0b4eb0278d38035a9555df200cd9,2887
transactions/year=2024/month=07/day=01/transactions_20240701.csv,678549,d618457f1e9206206d70a47d8e2688b643b3ade910929c10d914940fafe91943,3713
transactions/year=2024/month=07/day=02/transactions_20240702.csv,805158,5342752c4a46426b38c0c200ac76095dd8186ea978520eedea356d79747afe5a,4406
transactions/year=2024/month=07/day=03/transactions_20240703.csv,941420,285f4f786dc89428ab782d547e616229b11c6ffc61ff191b98b7fdd57a39bb50,5147
transactions/year=2024/month=07/day=04/transactions_20240704.csv,953318,6ca0d25aede9f80fbf472cb18f104a55aac4590e54bd60d77e481caca9d18bfe,5234
transactions/year=2024/month=07/day=05/transactions_20240705.csv,978363,19ee46697287b110190c0b3c52ff632f58844cb0643b407c47998d74ed278021,5352
transactions/year=2024/month=07/day=06/transactions_20240706.csv,559634,4712fa0446a6841f8aa8bd662642435637ca741f095c8fa5bcaef9f3afcb2470,3069
transactions/year=2024/month=07/day=07/transactions_20240707.csv,502763,dd0a971ad08fb02ccb8defe656ba3cd6c61828eb682959dd02be159542165ec5,2758
transactions/year=2024/month=07/day=08/transactions_20240708.csv,785103,e2b198ffd2a3b692af93d29e1b5d98b61c345d9e988061bbc2a498e9c066b481,4294
transactions/year=2024/month=07/day=09/transactions_20240709.csv,754131,64ed6ca9c30a714e3c49846d0df44dd22bf3b06d5452488490e02361db036486,4125
transactions/year=2024/month=07/day=10/transactions_20240710.csv,830700,4f1523f0489037257c1f370393cae5b9680e126b1af78ec5ff1d943072ab1739,4552
transactions/year=2024/month=07/day=11/transactions_20240711.csv,936800,1651de9fd6b3807d5c1ae58e635033fd36adf11f471125954f047193b6afb065,5112
transactions/year=2024/month=07/day=12/transactions_20240712.csv,992727,d83bfe6ab3262addca6662dcceed3b4b69ca3f387d533239c81fd4b63f06ca41,5436
transactions/year=2024/month=07/day=13/transactions_20240713.csv,399795,c7e1aa26e2e63ffc28fc8a52b7e38a25a16bfddf5094bf4ca499623fdfdac618,2190
transactions/year=2024/month=07/day=14/transactions_20240714.csv,584619,808d099bdf8acdd602913a3c63c81fd74ec5751d130792481eb9cecde9f7a800,3204
transactions/year=2024/month=07/day=15/transactions_20240715.csv,804966,ccf4efd65f64b260e24d2eb5df0feaaf35a57002d3bf880d6a3383cef83a940f,4410
transactions/year=2024/month=07/day=16/transactions_20240716.csv,705272,92bcbdaa7ac4923a3f39a29973d880ddb9df33d3fc0593aaa7947296e4d69588,3859
transactions/year=2024/month=07/day=17/transactions_20240717.csv,707827,cd0825bdc36db5c99edf55a6e46c75fe009000d952b205266b2f5d09612a8630,3880
transactions/year=2024/month=07/day=18/transactions_20240718.csv,944085,b4dc4434de89daaa97ef9729625fea0f6454ba2231896773ef68cbb31c8da9a2,5170
transactions/year=2024/month=07/day=19/transactions_20240719.csv,850411,ab3485d953838a0508d89c6f1a9f45a8cb086d22e2f77e7e079b04efba65e34e,4657
transactions/year=2024/month=07/day=20/transactions_20240720.csv,432443,10b17fc290b7658e531e5c6b74f4e1be7666e390852dfa9811190c2398487971,2373
transactions/year=2024/month=07/day=21/transactions_20240721.csv,582477,45e5077206a2cc447c00b124519f5d69a08cd685a18b08c9289d367d15bd9775,3187
transactions/year=2024/month=07/day=22/transactions_20240722.csv,912322,25596101c2146beb691074a969cf5e97853ebe8734ee11c240645fe1a5cd47ed,5000
transactions/year=2024/month=07/day=23/transactions_20240723.csv,875901,5685a3a580b2df67f919125ca387c3eab8c3926b2159f4dcf5bc0661dd25013e,4796
transactions/year=2024/month=07/day=24/transactions_20240724.csv,953480,22977a20deed80cc748daee731333560c640d74ec984b02a0e2157f8ba3d1279,5226
transactions/year=2024/month=07/day=25/transactions_20240725.csv,717836,15d6940844fa6c9ce1c2b89d778e8709067a849842a076b2222c4d3846c90e32,3925
transactions/year=2024/month=07/day=26/transactions_20240726.csv,896649,80ad4f959c1f22f759e27711ddc71c4041d596e5856facadfbb7c75efc526330,4904
transactions/year=2024/month=07/day=27/transactions_20240727.csv,410326,a073f68c077ac6ca18adcab59498ba41dc15734652c0ccfca7d4386f9f2bc32b,2240
transactions/year=2024/month=07/day=28/transactions_20240728.csv,399264,1aa334e3cb429215debfcd3f620381fa2842410bc9c9da60a23702fda529a8a2,2189
transactions/year=2024/month=07/day=29/transactions_20240729.csv,839626,7d2bc546cc2821041a32a52d6e7cde38270b8152e95999cfd8a89ea69e8dd95f,4598
transactions/year=2024/month=07/day=30/transactions_20240730.csv,966886,af541cb59b0c1f3be3e75cd24a4c78f5130aeadaffbcf6a2b2bcc82fb60670f2,5290
transactions/year=2024/month=07/day=31/transactions_20240731.csv,916567,567e594246659225df9277ada7f9ddfb706bf4fe11c5f12511797638c2b6cd75,5020
transactions/year=2024/month=08/day=01/transactions_20240801.csv,666964,b3fa34ac5ae2645a667c49b4b1921c47139d3b9be709806861b8602cd60629b5,3657
transactions/year=2024/month=08/day=02/transactions_20240802.csv,681028,f8850668941d198ee7fc96e3e128cc4200b45b49c552cbb9935fd5c4801124a0,3736
transactions/year=2024/month=08/day=03/transactions_20240803.csv,556257,c018dfcba02b81790d823c3a5d301185b1770d9e4bc1967e7979b1a3b009e2af,3053
transactions/year=2024/month=08/day=04/transactions_20240804.csv,416432,a04f9498d86e503c1fdb1a183d61c6597966d826dd98a8c6946c278579385393,2272
transactions/year=2024/month=08/day=05/transactions_20240805.csv,714901,cc8cd9c78d4a3c34cbf02a9b751fe51d899373744bdaf1aa3970e767e00d0d92,3907
transactions/year=2024/month=08/day=06/transactions_20240806.csv,757431,20514fef7b3f206cbdd527991484beeb0388aae880f51faa0e1c5de754748dbf,4143
transactions/year=2024/month=08/day=07/transactions_20240807.csv,749335,a436a964e130d71942ca50513e8645dec5b65d2116af9c741d141049be7bdbe4,4097
transactions/year=2024/month=08/day=08/transactions_20240808.csv,760209,50732e9bb4bc341184c174a40132c9b507c947168dba253475e1e6e113547324,4162
transactions/year=2024/month=08/day=09/transactions_20240809.csv,741893,79b382723479d6b4c30c90ff43959647b662c7de1c581a33c0456a50be3acc98,4061
transactions/year=2024/month=08/day=10/transactions_20240810.csv,590792,28c8f847a0aa372657169d42927081b3dbfd443a62732eddcf143a8927cf0875,3244
transactions/year=2024/month=08/day=11/transactions_20240811.csv,529786,29a0605226085b408ac30c8c69320fc1ac1ffc899371214b27d90465329f051f,2896
transactions/year=2024/month=08/day=12/transactions_20240812.csv,824547,5032943474279a5ac98622b1945962e19fb0547f428b133ffd19fa4afce0f588,4508
transactions/year=2024/month=08/day=13/transactions_20240813.csv,980350,98b6fd4cb66c26d19f096395a4e33f1ba85a216a93006d8e2d718e2612c10b90,5367
transactions/year=2024/month=08/day=14/transactions_20240814.csv,978216,2f85279473a4dff4f496f57dac258d7c4dac7fec4fda66298ed9235e19be21e1,5353
transactions/year=2024/month=08/day=15/transactions_20240815.csv,884686,1a6cd2c347438528d5c7c31649aa05eb6f871b5ead7c2a0e9dc612972d520683,4850
transactions/year=2024/month=08/day=16/transactions_20240816.csv,837576,1462645d13c205906eeb7f8ab99215f76297d184677ee7abda390449b8817fb4,4592
transactions/year=2024/month=08/day=17/transactions_20240817.csv,402603,97646dd418e7c8fa990731487953a13d6f5f5c92f5bf515b72816c760d011173,2209
transactions/year=2024/month=08/day=18/transactions_20240818.csv,549252,9ebf4783508866a1492f404b200f23c302c34e5a4d0dd3b5c0c27b5107663879,3017
transactions/year=2024/month=08/day=19/transactions_20240819.csv,751413,921b667b35ac6f48bb1fb898e78404afe172f68fa26edb9bc1dd0916e08b8474,4118
transactions/year=2024/month=08/day=20/transactions_20240820.csv,802579,2977bce8d62bdfd1ba87d64d03318420f6a4785346211fb57a307b77a51412c4,4399
transactions/year=2024/month=08/day=21/transactions_20240821.csv,732539,85271fc8258fe49d13046495d3928b9d34d267da9ba3fc42fc62d9d8de894bdc,4009
transactions/year=2024/month=08/day=22/transactions_20240822.csv,797042,e3326dcd336a667ca88733339c34e0141c64e5442939d0e8c70beb6786e08de0,4356
transactions/year=2024/month=08/day=23/transactions_20240823.csv,735176,d85faee528680f6baa6a7a6991685ec1ba676177c948c4f0f55d37ff79fac921,4026
transactions/year=2024/month=08/day=24/transactions_20240824.csv,492792,995c9fef90c1d0708628f2d23e69dfeea238cec246d0d8556a0a0f9076623dbc,2696
transactions/year=2024/month=08/day=25/transactions_20240825.csv,557483,3606b82be4dcc531c4554de5e13151654c031224a6d734c891d83c711f57120d,3058
transactions/year=2024/month=08/day=26/transactions_20240826.csv,877431,fc419f2ccec22f5a4a9ac6563a3c9b3677670281346b80dc9129ca39a70194c6,4812
transactions/year=2024/month=08/day=27/transactions_20240827.csv,982216,1e72541267a29a7789d2265c908ee8aa9c37bd56a5dd24ec9e151b5c52610502,5378
transactions/year=2024/month=08/day=28/transactions_20240828.csv,684673,855c778952c8c1884490674594e7d699a0b85c80b96ede45b05542eb1c97bfe0,3742
transactions/year=2024/month=08/day=29/transactions_20240829.csv,879199,0f5bb3e266d518b397017ac1e25a1e72ebd9105fc452c5836238abadb641c946,4813
transactions/year=2024/month=08/day=30/transactions_20240830.csv,951678,8bd556345e044ba8b6750f3e94f4cdc41acfda8fc51d67666eeba0b34d0c3f70,5208
transactions/year=2024/month=08/day=31/transactions_20240831.csv,433312,da48a79ac2d331c5be273e871fe15390c07d98acdccfddcac8c58e78773ba8bd,2370
transactions/year=2024/month=09/day=01/transactions_20240901.csv,560409,a77a9ec57268710fddadb49bd09c1735c453381f8d20cbedfd61b2fd7f949a20,3073
transactions/year=2024/month=09/day=02/transactions_20240902.csv,811537,3008b7d9411b270b3f0a4810342efcf126eb03a357fb01ece96ed5e084dfbc26,4444
transactions/year=2024/month=09/day=03/transactions_20240903.csv,844268,87d61b256416af1999b479dfa7a50026152b0f7a192ba671c182494cd9145f34,4623
transactions/year=2024/month=09/day=04/transactions_20240904.csv,973675,f3933a7336fa90c09dc6afa5aabc9fe23f9d5e0f817352916f77bae17745ea21,5324
transactions/year=2024/month=09/day=05/transactions_20240905.csv,675175,996ad6d93380e65c640d0dc0e20ac3eeeffd874a92506a893173efc72cd3ad1d,3695
transactions/year=2024/month=09/day=06/transactions_20240906.csv,711447,014c7494e9ad9cbb5ea57fd94d0f4508313f038ec8f8e6c56b3d17e9a0efa5eb,3901
transactions/year=2024/month=09/day=07/transactions_20240907.csv,450349,1f015de8e5f5c661b5331f86dffdc1290f793aa149d092f0312bf87646381d2f,2469
transactions/year=2024/month=09/day=08/transactions_20240908.csv,437985,4215369fed7a2f23f178c9a25203e4590e8e8a4552949cfaa34d4c8289387f01,2388
transactions/year=2024/month=09/day=09/transactions_20240909.csv,946258,8417cb3ffd913f3c7b9ffa314998df1b68a9693edec1cf28246583743c8c156f,5185
transactions/year=2024/month=09/day=10/transactions_20240910.csv,793090,ec54a227a4e90260bd92d4def871f0655f4959e0499140756c22f6f5d46dddd1,4333
transactions/year=2024/month=09/day=11/transactions_20240911.csv,751711,c56ac8983282e0a1e6563115ac76ae069314553f7fb6560cb70669e8c621dea9,4116
transactions/year=2024/month=09/day=12/transactions_20240912.csv,973206,304b8864d169cd82c0a3069d8d273bb9b0cbd960c518dc2d4c4bdb3bb2908eca,5327
transactions/year=2024/month=09/day=13/transactions_20240913.csv,730014,7f36fcd5532eef03bad735cffac19b47c029fd9ef6c55aeab51b5b9f4857a7d0,3999
transactions/year=2024/month=09/day=14/transactions_20240914.csv,403448,d9b2ab182437efc7fba3150e8cc9e879313b5b69958152c19e40177cd854e715,2200
transactions/year=2024/month=09/day=15/transactions_20240915.csv,420601,a6192eb97fb9accd3023d0c684b66cef5e8c63902dfb380dd7c92aaafee754e2,2306
transactions/year=2024/month=09/day=16/transactions_20240916.csv,884346,e73045861cc0cc192050a1236d0e44af2e2e1f22a4245f8a5af7d615259354a8,4834
transactions/year=2024/month=09/day=17/transactions_20240917.csv,834420,6b9b32f60a925ffe205743f1a92119f03d4e8d4733d2fe699276a3a9002a7c11,4562
transactions/year=2024/month=09/day=18/transactions_20240918.csv,849838,8f2617a3505cda43bff97793fa78e5ff3168108eff802fdf76d9dab9b876c5dc,4652
transactions/year=2024/month=09/day=19/transactions_20240919.csv,707565,2e9cd40d20cbf9d533fce400669fb6c712f549fe553ed508add119fc7693b34e,3877
transactions/year=2024/month=09/day=20/transactions_20240920.csv,814774,0d1e96f0f40d1d17ba9aa431b3394be836c9907509d6ae6e98ce89c78e9fd59c,4457
transactions/year=2024/month=09/day=21/transactions_20240921.csv,557560,dc592d07ea461790720371e8daa426bd4e0c03c36952a0d296e758157410616d,3051
transactions/year=2024/month=09/day=22/transactions_20240922.csv,549680,e7a2d840f6762c8f01fcfef7ce7db7b0271b3f9856c693ea385290a3f57fc285,3013
transactions/year=2024/month=09/day=23/transactions_20240923.csv,974473,ec9922ee20ed1691bef8e48900c386c05d032b2e8802a9edaa128c565ccca1ba,5339
transactions/year=2024/month=09/day=24/transactions_20240924.csv,791424,dc1557956eb2f3cc5714c068e928b73f52ffd50014d3f1007fdac1cbcbd229e4,4335
transactions/year=2024/month=09/day=25/transactions_20240925.csv,795945,ef0b831ad2d69df844ecec06045f3c36d1e4c7267cc032c6be778c436b2f59e6,4361
transactions/year=2024/month=09/day=26/transactions_20240926.csv,715359,25f54a4ec845f845c43e8f3f617cb504959c52fa803f2dc361b9ba288a300d3f,3918
transactions/year=2024/month=09/day=27/transactions_20240927.csv,696222,c28594f9452820831f99b6dc6a8e2de90ecccb7a12f23529c62a18931634a1cf,3814
transactions/year=2024/month=09/day=28/transactions_20240928.csv,580689,46663b9c3429ec2216db0471abcdb08e9671a25455b7666575122385af7ddde9,3184
transactions/year=2024/month=09/day=29/transactions_20240929.csv,543249,f4d12c6c19824d38f12556e92f998d9b406f3490b48f8f35274325e63761bf42,2980
transactions/year=2024/month=09/day=30/transactions_20240930.csv,776460,a1a3add12757c306eadad149ae0bdfdab585f322d75fdf878c48ad100e9cc75d,4252
transactions/year=2024/month=10/day=01/transactions_20241001.csv,698564,e1c220ef98bc5e0f77d80c40b585105925afcb7737d84954a539f21c21e76acf,3834
transactions/year=2024/month=10/day=02/transactions_20241002.csv,841892,f9f656cdb912b0b70f7767777dcfc86987a9873801ca162f27b89fecf0df939a,4607
transactions/year=2024/month=10/day=03/transactions_20241003.csv,834314,4c63d6316d811525158a0cd0f3ccc6e4e33ae11fadf4171a87ba5bce17642494,4564
transactions/year=2024/month=10/day=04/transactions_20241004.csv,902601,d64db99a86a732f44fc6d84256b0b3c19ab87610953e20d41a3b3fcee3f9ef98,4948
transactions/year=2024/month=10/day=05/transactions_20241005.csv,576448,9da2c0e53253075661d2fbbeb6cf7e27b6adae6826116623f58c0a37acc1764e,3156
transactions/year=2024/month=10/day=06/transactions_20241006.csv,530727,701ac039ac55eac7fab55a84dc1938a9f56e6990f398eeba911a57adbacbe381,2910
transactions/year=2024/month=10/day=07/transactions_20241007.csv,783054,5a362427f97a8ed109ee56a937b4e08fa2c8f47b5b6f5514a887fd22a15f5165,4288
transactions/year=2024/month=10/day=08/transactions_20241008.csv,861841,941babc3fb2c04a9615c6df5a5b0bf7cdf54259134edf78fcf157bb5ac893584,4715
transactions/year=2024/month=10/day=09/transactions_20241009.csv,941957,37b48c6f3e8a7c55e653f4b16b9e18618f0cbe4e7ac510c6658cc5d302c604cd,5158
transactions/year=2024/month=10/day=10/transactions_20241010.csv,933918,4c37131447c5c5920832f366badf4728dcf4b4518f24443c414bfed4caaff3de,5109
transactions/year=2024/month=10/day=11/transactions_20241011.csv,740803,7a8ca4c3188a3d6e3560e267125fb57bfd9fb8d34e07a7158ed466dff8864692,4051
transactions/year=2024/month=10/day=12/transactions_20241012.csv,485907,7a5e06c254ed9fe4d23112eaf2c7c1b02173709811e05b577f61fb8b23c02db8,2655
transactions/year=2024/month=10/day=13/transactions_20241013.csv,437978,16b33c9333906eed6185f029a1218f9a91c21b4ec10763c1e5e76ffce43fc5f9,2394
transactions/year=2024/month=10/day=14/transactions_20241014.csv,884740,860a2d4631f8f75c597e5587932145c543e22597a64e466c8078973c02790e49,4841
transactions/year=2024/month=10/day=15/transactions_20241015.csv,984594,7a8c44c813553b708049ca8aa4c7bceac7813580cc652675a87a83c6a02961b0,5403
transactions/year=2024/month=10/day=16/transactions_20241016.csv,672080,ef9386c69a43be306b461f8c252de7b2325b01cb9c882b8950d44bc721128639,3678
transactions/year=2024/month=10/day=17/transactions_20241017.csv,851032,9f84b334b8228079d6e498adb243258dd73a68f74d3443c14635131e886ee2ba,4651
transactions/year=2024/month=10/day=18/transactions_20241018.csv,702724,712a892109dbd16b262efde11494f98f55fd67099e4e2a0364e36ce48d86014e,3842
transactions/year=2024/month=10/day=19/transactions_20241019.csv,524006,4db1ac2375a331fa4ae576939402dcba73de83d90fd66e03c562907ba18d87ac,2863
transactions/year=2024/month=10/day=20/transactions_20241020.csv,513611,1abad307b7ef72ca8e4114ac60c1c3fbff8291cc4c422c610ee3289a2367f2f6,2813
transactions/year=2024/month=10/day=21/transactions_20241021.csv,986581,0c9ec8d05ca3e60193e743ca261705fe9ec38877731eed53af4f716b52f31f76,5413
transactions/year=2024/month=10/day=22/transactions_20241022.csv,666521,4c544804417a6f86410b7df9cbf22b224258b218444d934cb25fd32ad17718d9,3649
transactions/year=2024/month=10/day=23/transactions_20241023.csv,940389,b3f9e37bd8ddfad9498c022e298d7bcbac6112ac61d8d01a7ca2053840913b25,5144
transactions/year=2024/month=10/day=24/transactions_20241024.csv,944019,0fd775a509dd120026a7f77540c12ee18837a658dae94e4798ea642eb95ab0bc,5168
transactions/year=2024/month=10/day=25/transactions_20241025.csv,975003,fbb8cb92bf3b6c481812a8ac189ef28849e8d32bc07a2deec855dff6b2b2040d,5348
transactions/year=2024/month=10/day=26/transactions_20241026.csv,436662,4e6d601f58a31faea76be249fd15eeadc521063020d1e75617042456a1cf6f33,2386
transactions/year=2024/month=10/day=27/transactions_20241027.csv,453928,890bea8df05099edd1ad1b90a6ff542ff4b2b0a493c821542e28ddc3d00b23a5,2478
transactions/year=2024/month=10/day=28/transactions_20241028.csv,745948,db51d8377737ce1ee906e3cda138c0eba93cc59cf7bd39bc1d9e0426fe09a649,4080
transactions/year=2024/month=10/day=29/transactions_20241029.csv,738648,1022a6879907b1ffc05d46f866af67c76d5c3dc60f4f14bddc221b1a3b9c1e08,4050
transactions/year=2024/month=10/day=30/transactions_20241030.csv,796244,27d9eea1924a72548812dbe3368bbc9d2f88db93042e8778ac73a0eae3b3e6d5,4359
transactions/year=2024/month=10/day=31/transactions_20241031.csv,950848,f4b1e2880b2f1a00e15a7a7f38873a142052d4f6dddadbddbf183848077131e0,5203
transactions/year=2024/month=11/day=01/transactions_20241101.csv,737334,9bab3504933b017eb5595ba3a51f756da9983e48803c53580bb7414ae35d3ca2,4025
transactions/year=2024/month=11/day=02/transactions_20241102.csv,525610,8205b737a884b46974ee8cebc72e0b708e6307d628b5059abe8e5e04de66057c,2875
transactions/year=2024/month=11/day=03/transactions_20241103.csv,521498,0ac65c12ab04f700de1d55acd5b43dbd059d80d8b9153f5973e3a1138a1e3acc,2857
transactions/year=2024/month=11/day=04/transactions_20241104.csv,883037,ac6c996ca24ab5952a74dc6701273e25adf3251082c9a1e72e095303b0bb8c1c,4834
transactions/year=2024/month=11/day=05/transactions_20241105.csv,871932,c0cd5e5956718227c6c8239cf6e1aef034b10740233b71fa7babf24b176c0f83,4773
transactions/year=2024/month=11/day=06/transactions_20241106.csv,921209,3d6b32ecdaafc336277c3edd6bfd48ac5345dc2b8e6007d021c0e69d5f9d6efc,5042
transactions/year=2024/month=11/day=07/transactions_20241107.csv,948635,1b7874a94b57bda3210022fc7855688b2122707247b03682f00fa48f3af146e3,5199
transactions/year=2024/month=11/day=08/transactions_20241108.csv,783775,34f3e20dd015bce66905111586d602cb65c80439f63657e90150013737ceacb9,4295
transactions/year=2024/month=11/day=09/transactions_20241109.csv,441792,25754931b270890c9d874d9132d69f39b95d71f8b98db93192cb311af38454cf,2413
transactions/year=2024/month=11/day=10/transactions_20241110.csv,467814,a8fc66cc74dd937f653c17e10dea41f9aad309cd568fecddddc3902414506e85,2562
transactions/year=2024/month=11/day=11/transactions_20241111.csv,960259,b30227e00ac1104b40d611715a05b441671a5291e8112ae184170c5f8063b088,5257
transactions/year=2024/month=11/day=12/transactions_20241112.csv,991112,d47adf72d327a92d2068a69e62a1baf85d6305f559fe0b814f4300ad58627dff,5430
transactions/year=2024/month=11/day=13/transactions_20241113.csv,782116,f03ebc853d184b83080e5b0201a40c22ebf782a7b9a64f629bc61340e52bbbf0,4288
transactions/year=2024/month=11/day=14/transactions_20241114.csv,781235,c4fb3bcbbc1b584e14bdca7ab240b8f5d5ef84f02ccdcb52064a39a591982727,4282
transactions/year=2024/month=11/day=15/transactions_20241115.csv,786774,855aa7dd278ad34fa7410c16b9481aded106a1fa665eb0eb81a2d742aa89ead5,4307
transactions/year=2024/month=11/day=16/transactions_20241116.csv,563475,6e64e358fe178d4302db45e67235cae7b516833a1001b1ad6c4ec078e2371dab,3086
transactions/year=2024/month=11/day=17/transactions_20241117.csv,479149,1bc835be7a5f53a16a353fb9dd8952a78e4a96dde4dd3724c7d0a4c16bfc0956,2623
transactions/year=2024/month=11/day=18/transactions_20241118.csv,692466,3d99b5361e73fecd2303c6256db56857ebf463c0730f5729e8f7fb679dd9efdf,3803
transactions/year=2024/month=11/day=19/transactions_20241119.csv,969169,9e6d4bc0decab7532b65f89f12f29f897cf3f653e2a2642f4164b1a2e7ccd01c,5307
transactions/year=2024/month=11/day=20/transactions_20241120.csv,748880,6d8aa602e901cd882b9ca75ce6bbecc29ab3f6a6a8dd02619482cc1e39cdcf56,4099
transactions/year=2024/month=11/day=21/transactions_20241121.csv,821486,e5e0eafd9d1e08ef430f2ad1877263a9f2de1d51f46d21356482b95f3ca19e4c,4503
transactions/year=2024/month=11/day=22/transactions_20241122.csv,857797,a2a161415670b7efc62408725b5cca5e622ee26847b634eb4e0013b3ecdc1606,4693
transactions/year=2024/month=11/day=23/transactions_20241123.csv,417699,9291dcc00345cca94c4e152f2eda52a1ed31ea995e84b93ffce19051f2f9b26d,2286
transactions/year=2024/month=11/day=24/transactions_20241124.csv,498132,9201dc572b1a60038a5fc1a4a81385a506ce37482aa48e8f1a15c6298e4f72f5,2736
transactions/year=2024/month=11/day=25/transactions_20241125.csv,670537,b222c4c3b937d8e77ce413fa811cf97f8170ad7b32d87d11299108d4faf8ea8a,3668
transactions/year=2024/month=11/day=26/transactions_20241126.csv,831134,ee835284f9e64649ae20f33970e0739a27073fffe39089365e86aceecca8c27d,4549
transactions/year=2024/month=11/day=27/transactions_20241127.csv,840284,b1557a6d10412a72804aba021823c6e7f760868ba7663d940f4258254ebf2ad4,4594
transactions/year=2024/month=11/day=28/transactions_20241128.csv,911195,e277bc860778341ea7c2f8180fa11b377ddd7c6f252cbb5982ce629f4c61da42,4993
transactions/year=2024/month=11/day=29/transactions_20241129.csv,895913,70f94e8df1a38577aba804a731224e3719af9898bd2ef2b44c9065b6619c4d87,4902
transactions/year=2024/month=11/day=30/transactions_20241130.csv,467602,5db83148e0d9bbd39b98ab47fddade4c01c3e719a35b5ddd024af2cbffe57395,2554
transactions/year=2024/month=12/day=01/transactions_20241201.csv,407545,156630423da30da8beafc65e4766c4a6837070895f91f7e934ee11221a2d959d,2227
transactions/year=2024/month=12/day=02/transactions_20241202.csv,907952,7abdc0e347be1386be95b85b3e99300144b307c58990088f5520bc65d21e4ed7,4974
transactions/year=2024/month=12/day=03/transactions_20241203.csv,763662,ed0001cdfdd2bbadd819451b19dcacac835bf8801c874f57f9afdfcc530f9b00,4176
transactions/year=2024/month=12/day=04/transactions_20241204.csv,799588,d019619ef0e90632b51263a59abf02a18d0c13f0184ac7e97d020efe439d284d,4380
transactions/year=2024/month=12/day=05/transactions_20241205.csv,785094,51fc3ac3c323121db04e372444dc6b62f23ae32d0ee395aa1681414289797e37,4312
transactions/year=2024/month=12/day=06/transactions_20241206.csv,872429,d0bc357064b2a34d8b7074ef645ea8fb7ee48bb2ae2abbe4a3f4b88778563bd9,4782
transactions/year=2024/month=12/day=07/transactions_20241207.csv,484005,ef1ac6ae8974b7f7dbb32e2170f5573a58b1aa518030846dbbcd5329bd0bf075,2646
transactions/year=2024/month=12/day=08/transactions_20241208.csv,527228,405101b4ddca40869c33bf4417c84c166ebf106775a7d5f2046a00f7c8787f00,2896
transactions/year=2024/month=12/day=09/transactions_20241209.csv,764846,f3fcba60582a5f7ae0c2d3a7fa42dce8f0dd6d726213255bf0e627bc3e46f97f,4190
transactions/year=2024/month=12/day=10/transactions_20241210.csv,853547,3fa8c4f3f43cfaf5c8e4ab5b1dd656f6696168a1501f24965cc940cb2d8dcc4d,4665
transactions/year=2024/month=12/day=11/transactions_20241211.csv,843935,b6848a236d558ee1573ef5e26d27ae4cef08ae08c3fb68dc38826216c55cceca,4615
transactions/year=2024/month=12/day=12/transactions_20241212.csv,992705,9c577549096607c8d528002f4a8a3f47f915c49d291cf18df40968def24cbbe8,5433
transactions/year=2024/month=12/day=13/transactions_20241213.csv,800082,28dc809eac68bc6f875669575ab5b4cc1ed73d8ba1dfa56b02291aa6a665f02e,4374
transactions/year=2024/month=12/day=14/transactions_20241214.csv,480691,7155fcef145428c61a470ee91728cb488e4f4575e986b8f9a6471ad242d088a4,2633
transactions/year=2024/month=12/day=15/transactions_20241215.csv,423683,40fb36ccbe93335aa8a45cd2f4c71bdd212e9dea85a88b890f034530ffd46962,2316
transactions/year=2024/month=12/day=16/transactions_20241216.csv,701170,61005e154674942107f03ce4eae89fbf8bd095762106712279ddfbb0ca58545c,3838
transactions/year=2024/month=12/day=17/transactions_20241217.csv,937000,0f3ffe0cbb6015b5b110271daaab05a8bd9b84da48a922b0158706d08a058b41,5123
transactions/year=2024/month=12/day=18/transactions_20241218.csv,964470,257c8b7fea63e52dd0367f4892d4bbe33d83f203349381d261086d2d81bceb4f,5293
transactions/year=2024/month=12/day=19/transactions_20241219.csv,750198,aae905c8f97b11e625696948762ba66ad31229e3452e24c717f45405a382134d,4101
transactions/year=2024/month=12/day=20/transactions_20241220.csv,692778,5ad46c5951dfa90baee3ce579c4981ff7ceaf4164abf1d1e911d23ca556e2814,3783
transactions/year=2024/month=12/day=21/transactions_20241221.csv,518398,b42d7eab6bcfea7cb063c084d029c1657112b1d738a4fa943811662cb2c5aeb4,2843
transactions/year=2024/month=12/day=22/transactions_20241222.csv,561227,c8e35cc453dee4a6b991e2b133def6dd0a81dc20761eb4fd5e766d87687fab8c,3079
transactions/year=2024/month=12/day=23/transactions_20241223.csv,931458,32f1521a210e5733abbd73ce7cad882ce6ef7c6b3d5ed27c94815007762b37b1,5092
transactions/year=2024/month=12/day=24/transactions_20241224.csv,668164,a9c1b32498d5457fc0daebeea2c126c5f2aa998c13241f376fdae69d58981f15,3656
transactions/year=2024/month=12/day=25/transactions_20241225.csv,693104,6be751952713a935766895230ee34343f4c264df63694b0d3fd81e6788da125a,3798
transactions/year=2024/month=12/day=26/transactions_20241226.csv,721377,dcc1623071560f43f9778ae86294e83d209866246891ae21efbbb5dc302d181a,3940
transactions/year=2024/month=12/day=27/transactions_20241227.csv,842371,71b5954fa81e4974abc9a7f6715f6c42f56fe8071d4dae530d3725fe7d45468f,4616
transactions/year=2024/month=12/day=28/transactions_20241228.csv,582385,f385838c7fa4f31735513e46c4fc6a4e564f60aa5d3373ba1496750c91bdb255,3202
transactions/year=2024/month=12/day=29/transactions_20241229.csv,436630,902f82bfc7d47daaea0a7601233612369e2bf154d75d63e2da0c6283fb0ac175,2392
transactions/year=2024/month=12/day=30/transactions_20241230.csv,906703,53ebd477e1459845c193d977aad12e6bf962d77a0b0ed9b6e7952a8cce539a27,4956
transactions/year=2024/month=12/day=31/transactions_20241231.csv,915373,44a68f4d8a55ce8c4403c989f2e42f283172c303b0993097a26d04fa07cba2b6,5012
transactions/year=2025/month=01/day=01/transactions_20250101.csv,690415,f9bc8df5ad6a69017915dd8fc1c317d365754313f6f286d9731b5d82073118ee,3773
transactions/year=2025/month=01/day=02/transactions_20250102.csv,702718,0bb743aefed5901a095fb826554bc67da64c260670fa49b9463bdb981475f2d4,3842
transactions/year=2025/month=01/day=03/transactions_20250103.csv,807684,fc7fa10cdb5a748c013794f05d23f5367accab12caea8f2d820229b2fe60e31b,4429
transactions/year=2025/month=01/day=04/transactions_20250104.csv,525353,c10f9d31814883a56d29890c57c9c364d4d610a9351e565021e01c68c7643ce9,2873
transactions/year=2025/month=01/day=05/transactions_20250105.csv,548787,4c9055d9172d12a33e52d17f93cb424c999e44401dd72f6f2418e622403fe32e,3000
transactions/year=2025/month=01/day=06/transactions_20250106.csv,752051,dd589cb483416201d9957ed64ac1001b12d9136fbf03af81594e94ab22e4d386,4122
transactions/year=2025/month=01/day=07/transactions_20250107.csv,722871,eb40a408b36e691d93372c60ed0f89e00161586b4e8ea828bd13426b2809d0d5,3949
transactions/year=2025/month=01/day=08/transactions_20250108.csv,825777,bcd47fcff62704d24d42d864718375029aed7db83590fa4a1f67a1042bfdaea8,4515
transactions/year=2025/month=01/day=09/transactions_20250109.csv,683897,91efc3c2b7a54469813fecfc6aaeb3d562260f7f90e26004b3a2809107ee0394,3738
transactions/year=2025/month=01/day=10/transactions_20250110.csv,928415,7fac6e5569f0f78574d2a25fbb828afd18940860bf1ccc5bdef551473ffb23e8,5084
transactions/year=2025/month=01/day=11/transactions_20250111.csv,479891,c4f25e42ae49570db6417c5f904194c8371b3978de869351753bb2c632476ae7,2620
transactions/year=2025/month=01/day=12/transactions_20250112.csv,555905,674a291519827f0c953519c30f11c7625729c462f79fbc4f055b77cdd8ceeb3b,3045
transactions/year=2025/month=01/day=13/transactions_20250113.csv,880998,6d8e00be8bb4f76295db73963e9b38d1790f56a6abd17b40bb9c12e48d099b07,4828
transactions/year=2025/month=01/day=14/transactions_20250114.csv,840081,5436af2cf5625efe99e757abdf6e7ea96bd9800eb2b45a158a5cce12ddd0d168,4604
transactions/year=2025/month=01/day=15/transactions_20250115.csv,672318,f216be865df56a053bcbdaffb9ad46ee595f0f8b5f4331dc1054e8c53aadfead,3678
transactions/year=2025/month=01/day=16/transactions_20250116.csv,905201,e692199bd47a04f7c6a4a1ca902f1fa447ef7cb5ebecd2bf6dc9b44abcc3450b,4957
transactions/year=2025/month=01/day=17/transactions_20250117.csv,795023,fd1f29dfbaaca58a3a682c24677f1ac791166a1eeb4a5937628ad6cef5c47f69,4360
transactions/year=2025/month=01/day=18/transactions_20250118.csv,526613,0305c26bf48c535c83f5fc2db6cc7a88853cfaa35391d0e825820f1778022581,2894
transactions/year=2025/month=01/day=19/transactions_20250119.csv,407334,ef04c8313638fb09c1cb497ca92d03741bd979009d1a19bb89fa361c575ee9f3,2232
transactions/year=2025/month=01/day=20/transactions_20250120.csv,736436,97cb53328e6c1c14fe369aea9e9983edaeb0dd75acf2c610ee7687556e46e453,4017
transactions/year=2025/month=01/day=21/transactions_20250121.csv,689964,ff923415afe21a75f271b7de5a0f6ce9361b0299263dace93713cdf2b0827198,3778
transactions/year=2025/month=01/day=22/transactions_20250122.csv,826465,768ae8950f236dceebcf3706465aa240c0ee926e648b7ed7895d19fdbab5079e,4521
transactions/year=2025/month=01/day=23/transactions_20250123.csv,720894,f5019b58933112425fb6b66a36595235a1e1eab2ba33ca2dd6f9dcf919d654a2,3950
transactions/year=2025/month=01/day=24/transactions_20250124.csv,991841,d52a4c2cd859c2bba3cb444d79ed95852f142369525e8e90782aa8dfde5fd982,5428
transactions/year=2025/month=01/day=25/transactions_20250125.csv,520969,7fb2921183c1fa37863fb803fcf3776c6696490a10a62032781d40ca0f9c8ddb,2856
transactions/year=2025/month=01/day=26/transactions_20250126.csv,532060,a70dfd35ff4d8177ba908814d17aed8e11f88936edb6190a698cc8ca09cd0b7b,2911
transactions/year=2025/month=01/day=27/transactions_20250127.csv,669485,23f035a34dc4b969a89563a6d502f22f85307b5cbb810787d181b0cacffbf695,3659
transactions/year=2025/month=01/day=28/transactions_20250128.csv,925948,20033215fb1a02fe0ad2d7c03bae728bdafdbdd7d0abff54ef3053aa89d6b8b3,5069
transactions/year=2025/month=01/day=29/transactions_20250129.csv,719324,c8f0e79bd9528819515ae75b2d3b0d936238c7603cad7d6ea284301179418d01,3933
transactions/year=2025/month=01/day=30/transactions_20250130.csv,891614,645e6658c025fd3e8c6b9ffffdc253ece7c61dc113b1545e3c76dc37533d501b,4867
transactions/year=2025/month=01/day=31/transactions_20250131.csv,826485,9d024ddcfd8e3bbb7c9cadfe20b6021cc770c079fbb5b5b2bbd5a068df93b4c1,4524
transactions/year=2025/month=02/day=01/transactions_20250201.csv,495321,5b164b3ffc49c3afec673c9dfff661716b2865767426f2a80f2cadba0a8db66b,2712
transactions/year=2025/month=02/day=02/transactions_20250202.csv,504353,227f154d4668a055f792de7322bebfa456583d21867a6ad827f35f6d85908981,2762
transactions/year=2025/month=02/day=03/transactions_20250203.csv,685202,4ad3663606a031f920181acbaaa9c1187a6b3641d2098dc4722d807e814abf1c,3751
transactions/year=2025/month=02/day=04/transactions_20250204.csv,877798,9d968ba4bfc330fae55ada4f6c0a92d6d164d2ba9ab9e2b100e9051066570683,4813
transactions/year=2025/month=02/day=05/transactions_20250205.csv,673507,2ca422b848e18535b95300de64b4400f08f914f0e2f837389f28c02fa78deed0,3683
transactions/year=2025/month=02/day=06/transactions_20250206.csv,812154,fcdbc4e717f6494559a990dd23955d35616666427f4093cd3f9ad3b403c56148,4449
transactions/year=2025/month=02/day=07/transactions_20250207.csv,681079,cf9aef80fe6363a3a16231ed4e9ac2b8b08e449f1e890acbe9bbdb7db26be053,3730
transactions/year=2025/month=02/day=08/transactions_20250208.csv,534112,daed54a5091b43ee45aa20178ddd2136ca9df77fac135ab81b12088f60410022,2924
transactions/year=2025/month=02/day=09/transactions_20250209.csv,490718,7d6e086d62479235e2633f2e9484a3375456bba96413e84872fb1082a9058338,2682
transactions/year=2025/month=02/day=10/transactions_20250210.csv,683009,eba224c79bfaac344208f04d0a2831c5b05c83c18398114d491dea7790cbd253,3751
transactions/year=2025/month=02/day=11/transactions_20250211.csv,914567,a76b4e63f9e273ec01f25c905b0220b547fd065a2492d332a75dd05ef314a05a,5001
transactions/year=2025/month=02/day=12/transactions_20250212.csv,857939,ea0f243bbd43e7a9682a98fb60170506c8a68a72e360b395ac2e151a6cac3c3f,4698
transactions/year=2025/month=02/day=13/transactions_20250213.csv,968050,52e74d2a4869bcfd742b399feeaa045b8fc8b82edd4acef7288479a45320311c,5307
transactions/year=2025/month=02/day=14/transactions_20250214.csv,759644,c5fe24a39289d9f7aaba7c533ec0e9c62499460c5c4a2a3d5fc13c1d74ed5f24,4158
transactions/year=2025/month=02/day=15/transactions_20250215.csv,490382,8977f1fb9ed766875d2c5c54084758a966b497ed5de416df459d563eaac21a60,2684
transactions/year=2025/month=02/day=16/transactions_20250216.csv,416071,57f10d32852011204ecd9db886a322d007a9c79ad863d8d12f0a68a5c6cab22b,2275
transactions/year=2025/month=02/day=17/transactions_20250217.csv,901902,76278792564084c16008db0c3d6ee5213d1d016d50e74daf999239960308bac9,4936
transactions/year=2025/month=02/day=18/transactions_20250218.csv,791027,5fd01d1216698bcda8431fc962865df41298aa995a0601c210c6d9d2b305bd5c,4331
transactions/year=2025/month=02/day=19/transactions_20250219.csv,787531,b7be5ce8c09016abacdccb08eb3e3b1c543580305c6a3844a2435f0f2fa59fd2,4312
transactions/year=2025/month=02/day=20/transactions_20250220.csv,872032,9959e3da0c560a4674cb444c448599c6a5664d2763f32e5a5825b713147d3ee1,4771
transactions/year=2025/month=02/day=21/transactions_20250221.csv,819364,219a8bdcfd9348f8dbf18e6c35759a1a755162cb9447890c1e721a8137a7a156,4486
transactions/year=2025/month=02/day=22/transactions_20250222.csv,479724,a2cbfb8d1ee380095b58c2892a539e82e3204fa242300c41254d2ac436bfb8fe,2628
transactions/year=2025/month=02/day=23/transactions_20250223.csv,594068,2518b60d54f035695e794500ea0daa2a2e71b133f1674c60647a753c75a17293,3256
transactions/year=2025/month=02/day=24/transactions_20250224.csv,728988,fe9856415c907ef3d893b6867c26fb968971561bd5c0c6b38bcaa5b2737a17e7,3984
transactions/year=2025/month=02/day=25/transactions_20250225.csv,864420,baf4778d3376aabb9834057183396833f625f0086db1085d0c3615219cdc274c,4729
transactions/year=2025/month=02/day=26/transactions_20250226.csv,731115,58a41a89791cc7ecb605d19e4361fe8f94f566d14438cad167bc0fab229dda1e,4008
transactions/year=2025/month=02/day=27/transactions_20250227.csv,822781,9e5a428d775a77f773252014338158b484348664f487cbda5634819bd2a54dc0,4513
transactions/year=2025/month=02/day=28/transactions_20250228.csv,966111,7b426cb2c16e5177723402d142c0237ffe1cc2b25b29f0491a5f87dda34a870b,5298
transactions/year=2025/month=03/day=01/transactions_20250301.csv,493665,2d59d3595e0e92e1195b182ff5bea2b770fb6d88321de76bf067d4c730eb62ca,2708
transactions/year=2025/month=03/day=02/transactions_20250302.csv,461460,5f14e3e01b7183dbe12492c810b9ecda6ceed3ae752a305be6152347a8283f70,2524
transactions/year=2025/month=03/day=03/transactions_20250303.csv,680236,38258c9eae086d99bb98009a2767a83d15955b065b7fcb765d35f8f3136c9865,3713
transactions/year=2025/month=03/day=04/transactions_20250304.csv,848531,9c5904a40f568e9beb94856454f6b61b78a05bcd7b2e8eb4a1dd43bd79309a92,4640
transactions/year=2025/month=03/day=05/transactions_20250305.csv,852106,4c8fd500046d637eb3423596dd50deb520d18834ebf01ddd3689ea84a123b192,4667
transactions/year=2025/month=03/day=06/transactions_20250306.csv,897962,4f45ecab0e337592ce5acc7c59f16b200cef4e70758e8d9ed2603d0f574e2b52,4920
transactions/year=2025/month=03/day=07/transactions_20250307.csv,691084,f0ad8d0e2c077f7375832fb0e2fe5be4b6af354cab1c53b42b3d38464ffb1e54,3780
transactions/year=2025/month=03/day=08/transactions_20250308.csv,414258,051b0f49ac32344e219a2b7d83229ce3fe954d6b1bcdfd6e1fcf5d625900aeec,2264
transactions/year=2025/month=03/day=09/transactions_20250309.csv,558808,57dd6f531db1edd37b3c7ff1bd7050c928eb67e354387b8fee4ec1ed507dcf16,3064
transactions/year=2025/month=03/day=10/transactions_20250310.csv,720016,c46d6d862e359446b350667c9ad83f80eaadb396dc87db1d4fc0ab644eb6f9fc,3940
transactions/year=2025/month=03/day=11/transactions_20250311.csv,879560,5d5b75507d3f46ea5c0ca9538ad712f938ddcdabf30721c7ceb9e2d92187c38d,4816
transactions/year=2025/month=03/day=12/transactions_20250312.csv,945181,39169703b8e19743991a4467e4e96307e1e461e7882d13e1e566fa2ebf45608d,5164
transactions/year=2025/month=03/day=13/transactions_20250313.csv,917342,f30afb119939253108037a0e1c70f27dd724bd1c50d3b6a056907f9b35ef1102,5016
transactions/year=2025/month=03/day=14/transactions_20250314.csv,997326,98735bdcc768be58dfd2be6a01714c6ec25ddca83a74b3514f94bcba9a6f006e,5446
transactions/year=2025/month=03/day=15/transactions_20250315.csv,600275,a2eae8dd082d249395c99d8052d98b0ec9f25fdd12f2a4649ec1c29c9bd307ab,3274
transactions/year=2025/month=03/day=16/transactions_20250316.csv,469764,92e44b6bc89b99d649e4ceb2fb4f4a1739f3c2b412837d872b2abca79c09108f,2574
transactions/year=2025/month=03/day=17/transactions_20250317.csv,769525,aa493efda1cc098b4d2341c09c1537a397a2fb47087e4797c5563bf0c9d11a9f,4217
transactions/year=2025/month=03/day=18/transactions_20250318.csv,692460,dc7c97ea4348b791540d2f470196adb0c8d3a85bdd62b10e047afb01aa3fb141,3780
transactions/year=2025/month=03/day=19/transactions_20250319.csv,930528,dbda4be75445a79192f569812f68c2879ef402e1d9ae9c421f56fd928338da2f,5082
transactions/year=2025/month=03/day=20/transactions_20250320.csv,866307,a07cfcc9393fed8d2df91ab832a18c212151370a46694e7cc13f201e45a48e93,4745
transactions/year=2025/month=03/day=21/transactions_20250321.csv,779472,6f8f30c19b9d37f533a0f12e8fca862d4b00ca4680f6a8c114e3781ac7aba1a3,4267
transactions/year=2025/month=03/day=22/transactions_20250322.csv,473463,6b45ede181ced90daa7ebad85cf2e645aec9124a12114ac0a16c0820a326518a,2585
transactions/year=2025/month=03/day=23/transactions_20250323.csv,510632,6866904c7701d5b260283b96a48101077f89ed8c27c44fd03b739bff6e9e80ae,2790
transactions/year=2025/month=03/day=24/transactions_20250324.csv,859977,3266423ac1d8f49b9926f3e7fde52a377da1f27a51044e7a05d2bbce1c3c1ca7,4706
transactions/year=2025/month=03/day=25/transactions_20250325.csv,938838,cf792c2446adbaff39a9ab9c820a3e14cde89dda7eb3cd2eb16539376f519518,5138
transactions/year=2025/month=03/day=26/transactions_20250326.csv,848843,f8390759c0f573f9ae2dd111a858cedf9119bd63282f99b0e86d95e87d4880a0,4638
transactions/year=2025/month=03/day=27/transactions_20250327.csv,805166,a630dcbafc8836cfb2053fe7c5a86e67e599da555ecd7a4b2bab90dc473e9970,4407
transactions/year=2025/month=03/day=28/transactions_20250328.csv,851606,70b380cc7ee00d69cc9fda5342794cb11fad326d5e47f7232e83b68d2b89162d,4669
transactions/year=2025/month=03/day=29/transactions_20250329.csv,582791,f8071316867fcc4a76479608bfd04f2e9ea3db4535715db2cdfa29ddcb32c5be,3184
transactions/year=2025/month=03/day=30/transactions_20250330.csv,519566,4356b1b788b63fa29c955e5a545d9143eb5bec951767c336d3227517214be035,2846
transactions/year=2025/month=03/day=31/transactions_20250331.csv,694132,699c003b5256b22449559d12d92cc69edfd70c9dfeb97405618143d900eb7d34,3801
transactions/year=2025/month=04/day=01/transactions_20250401.csv,793279,dec5b1336ab7a8f28f78a9a2270236aae30f3e63edf0c03bc804afa7a60be36b,4351
transactions/year=2025/month=04/day=02/transactions_20250402.csv,763435,fc8ae01144cccdbaa8a7307b96d5acdcb8dbea46259ffb55edf926b19b78fa21,4177
transactions/year=2025/month=04/day=03/transactions_20250403.csv,854079,bc12722b81e96ead872e160e88a8fad49dd2ed5e3963ed240888361dad0b019a,4672
transactions/year=2025/month=04/day=04/transactions_20250404.csv,777667,aea3fcd5b8981a745b51c0d9cf3cfdc92e7e366e8062093cdd5300292650361a,4254
transactions/year=2025/month=04/day=05/transactions_20250405.csv,491499,31c6de6ee22190870aa045edcfbe087eed2c366eb7cf1e451bcadcb441864e56,2686
transactions/year=2025/month=04/day=06/transactions_20250406.csv,565510,9655312e3fe1ef0c2264ac824dad7c5b58587254bf1f090fee2258e241e3ccf4,3103
transactions/year=2025/month=04/day=07/transactions_20250407.csv,698704,91baa50b54e0ff95dabc3bbb83164238604e3432e8f95ba751acc1ec4b6ec421,3822
transactions/year=2025/month=04/day=08/transactions_20250408.csv,982585,6a76ec930b22b5f4493dddd9d753da28d311ffde5d468810617ff6d4d6072496,5366
transactions/year=2025/month=04/day=09/transactions_20250409.csv,929289,fb56c6081179b0f065f1b078b1a667946000bdca089db2c229fa02951cf9cfc6,5087
transactions/year=2025/month=04/day=10/transactions_20250410.csv,918189,b907fa0be5522f6916f4c501dba3f7fa3226168580405a2226ff662377711bab,5021
transactions/year=2025/month=04/day=11/transactions_20250411.csv,829577,788a81b7c5446086ccff166fd411313c7597282da07156aef2c0f2bd01791ec8,4538
transactions/year=2025/month=04/day=12/transactions_20250412.csv,451183,fb6de52ba914b7f55c4e1ebf4b6a708d6da14b93da198d8a307109e80599d2bf,2467
transactions/year=2025/month=04/day=13/transactions_20250413.csv,480745,27bb8462fd3165c1d6d47283f282b28096c86a5b85fc37588a1b31cabf47f6ec,2629
transactions/year=2025/month=04/day=14/transactions_20250414.csv,848365,527a238f860e3e29d7b1558ff6e44f1aa8d485f1f14096704c4be8f950f8579a,4649
transactions/year=2025/month=04/day=15/transactions_20250415.csv,829204,ca354330a3ea02c7c9699e571cf8ad0a7331e0fa783e06c08bd0bb4aff681e9c,4537
transactions/year=2025/month=04/day=16/transactions_20250416.csv,752015,deddfc4d321c5b9cbfa90b7279583ac06e0a9a6b17a73436af9bc18492e6eb0f,4116
transactions/year=2025/month=04/day=17/transactions_20250417.csv,794534,df962d491dda3bca0807fe5f1384f428d7924bbd8a13e34d513004995971f274,4360
transactions/year=2025/month=04/day=18/transactions_20250418.csv,731246,6518ee2a8af7436170415f9c5c03ad3ea1f263614daa4d78c99da62a30c11a45,3998
transactions/year=2025/month=04/day=19/transactions_20250419.csv,564382,0c8d46be822d19cf7d85b3b87a803f788c2a884e5176400acef1f619873e01c5,3084
transactions/year=2025/month=04/day=20/transactions_20250420.csv,440032,e49b27c04f3dc2b8f91ecc5942127bb2f7ef74f5be80c42818e79014da226d10,2404
transactions/year=2025/month=04/day=21/transactions_20250421.csv,794955,eb9feb41c33cb899ff50143e5eb5639dad63de66c57b773ebc5bbd18f41f8078,4356
transactions/year=2025/month=04/day=22/transactions_20250422.csv,780193,2eb9960ca639183641c3d2d24607fc602e0ee4f49b186d839bbac31f9d34b915,4273
transactions/year=2025/month=04/day=23/transactions_20250423.csv,777697,5ece6d7d705ba24b4b1810f3b9f8dc23106ca817a6409efede9c334574b329d8,4260
transactions/year=2025/month=04/day=24/transactions_20250424.csv,705968,e8f9568863c68216c8174cccb2dcf1cdc9afabd1e4a3aa79c2ea28f70b957f93,3870
transactions/year=2025/month=04/day=25/transactions_20250425.csv,744013,4d8cc962b0c04236b60e29f3ed77f463daa0d296c007240c7da1ad5b692a74d8,4070
transactions/year=2025/month=04/day=26/transactions_20250426.csv,572013,bf19111d8e717f11fb8460d7fadd08430a38bca957fa07d4fc130625103aa9ff,3129
transactions/year=2025/month=04/day=27/transactions_20250427.csv,547550,828f10f88ffd2f26a591030e74f7956c8ba6e81fdce9c9e87a56c380a6d76e36,2989
transactions/year=2025/month=04/day=28/transactions_20250428.csv,898958,a254e4add0bdf34300b4705e5741b9c854807ee92dd0928a698a88a094e38228,4917
transactions/year=2025/month=04/day=29/transactions_20250429.csv,971251,a67300308ed05b554fa4adc18b9bbd30928189e54b25531c4da449e5e07ba799,5317
transactions/year=2025/month=04/day=30/transactions_20250430.csv,790398,95313884a90cb9b8114b44ed47e2bc5ac25c93ae4b84e4f8561a7b7ff9c7b44c,4336
transactions/year=2025/month=05/day=01/transactions_20250501.csv,940283,be90ffa828bcb8e313b71c3ead141a701d5dea723ffc1a086a9c4da8e3e134dc,5148
transactions/year=2025/month=05/day=02/transactions_20250502.csv,993249,0222a23d844bc88a37f1a3411764d9c086af553386ef9821ac7c3c46c6ee768d,5440
transactions/year=2025/month=05/day=03/transactions_20250503.csv,497246,ff72e07ece5c414fc0baa33d081a56cc5fa0ff56bf043d8f2f41fa690e35b4e8,2719
transactions/year=2025/month=05/day=04/transactions_20250504.csv,496275,121ac4e92a9cdca40d61ed19ac4ad2bbf86e8b1c971cebc1ee5ef2c03501ca93,2710
transactions/year=2025/month=05/day=05/transactions_20250505.csv,800496,f78ca10c21da37ac52806c5e470b97205ac17a213d13b922bdd3e13f5802dd49,4381
transactions/year=2025/month=05/day=06/transactions_20250506.csv,874774,d7068acc44179c5019bf3d38c2f7ed23832a6ddb458a9f41d82e790fee5ced5b,4788
transactions/year=2025/month=05/day=07/transactions_20250507.csv,903151,4b239a554fb58ea6e138a0793407ccfe4cc87eb3ee1c42d385a4487f3826c842,4943
transactions/year=2025/month=05/day=08/transactions_20250508.csv,721630,181324e946b1b767eba4669a783fea2799b424c2df065f2b5f9908b395ec34e0,3948
transactions/year=2025/month=05/day=09/transactions_20250509.csv,869796,bb1a9b54ae5f2be6a4ae5a9baa68d3a32eba9d8581a5dd71ddc90232384bbd54,4749
transactions/year=2025/month=05/day=10/transactions_20250510.csv,410688,4a08f0ebb26c7ff1f5083b919430471a38bf05803c26cd613cd0d1a06e89f28b,2248
transactions/year=2025/month=05/day=11/transactions_20250511.csv,458739,ecc41f89aed7738566e5bf59a1c73d582b9af4e80014d608a460945f2fe1e596,2510
transactions/year=2025/month=05/day=12/transactions_20250512.csv,987227,3899e6ec61a646dcc31f6534b12b89bb50d496127026ce3d6f58a460bcc048c4,5409
transactions/year=2025/month=05/day=13/transactions_20250513.csv,888695,10398ed8f3edec563909730c743c4e1aaf76e333eb29416fcdb21ba74fbb5fe6,4870
transactions/year=2025/month=05/day=14/transactions_20250514.csv,950038,48776f0fb9ed6cdbbc561ba856d325abf48f08004b03f63a6b140be1b30648d1,5205
transactions/year=2025/month=05/day=15/transactions_20250515.csv,773230,f7ebe4ebbb667fc7349c4ed08266d0979fe2aeb97896006cf840d07f914acba8,4235
transactions/year=2025/month=05/day=16/transactions_20250516.csv,768965,f7716d7de19439dcf524c2d89b877cae9f650dbe7cf574107b597962a66d71ec,4211
transactions/year=2025/month=05/day=17/transactions_20250517.csv,599634,d17e00a4315fd6612e259484b6ba7d601559ab21dca2b2995c6215a6583d6419,3275
transactions/year=2025/month=05/day=18/transactions_20250518.csv,514127,f4682ab2ed9d46070d9a26cfb99c5ceb0a5ebe792849df7de24d730ac589d12c,2824
transactions/year=2025/month=05/day=19/transactions_20250519.csv,953849,3e58d61109557e36781be33c96e8324aef86695ace8c21e4dbc6e0926401f5c8,5230
transactions/year=2025/month=05/day=20/transactions_20250520.csv,867143,10e3634ae797b1e204f1b8116ee74f33564b8cda5926dd75bf2f88a8d8d38c33,4748
transactions/year=2025/month=05/day=21/transactions_20250521.csv,761299,de45fd0dfd99a2cc2bdaf5a64e3e6cac6ad3257a6cad249a6c75ab77dfbd1580,4171
transactions/year=2025/month=05/day=22/transactions_20250522.csv,721489,b61a19bde70d0d5c677fa2f6af65d9a5e042e2b543bef56f183454cb36402bf5,3953
transactions/year=2025/month=05/day=23/transactions_20250523.csv,745466,915a44c15546e55edf594e867b553029f5a453590650c8ed04066bcf48455b5d,4085
transactions/year=2025/month=05/day=24/transactions_20250524.csv,527876,9d740027f7cb65299b44214d626b2c6ed2c02f7260e1486c5bfa0b573a34525d,2884
transactions/year=2025/month=05/day=25/transactions_20250525.csv,595858,0e168930ebd13df4e80ceba297437ba91a3ed960805c91e315b9f1102e9b6ea0,3261
transactions/year=2025/month=05/day=26/transactions_20250526.csv,666173,e7d2abe1ff9f15927aa2d035019aa9a4c6205f8994638f6d04c2790fd3212864,3650
transactions/year=2025/month=05/day=27/transactions_20250527.csv,821411,a2d7d7ffeb096eb1d1b70fa8a64cd7b0e1c24a52d9086385d056df865ec8c90b,4486
transactions/year=2025/month=05/day=28/transactions_20250528.csv,888461,0ef693c25487fb1bd0f921e572b89f0e5eb0ae1981d88ed7c6c9ea2889696f91,4859
transactions/year=2025/month=05/day=29/transactions_20250529.csv,939164,8b7d1718e426fe9f1c706a1a045372654b14dd748cc11051543998d948a50eb9,5131
transactions/year=2025/month=05/day=30/transactions_20250530.csv,674625,57761ca44020b251ebfb8ec4cd9cfdaeb8562669dabc37aee9b7148c242aa35c,3697
transactions/year=2025/month=05/day=31/transactions_20250531.csv,532103,4d8888d7743c7ea9d402edc557b0653a269ef2139a6a4f1632c0886b625e42c7,2911
transactions/year=2025/month=06/day=01/transactions_20250601.csv,417946,4c8b76af5d8401c4483c053ab84804e48149a4480f30ecf1fb3ef4ec1ff30a0f,2286
transactions/year=2025/month=06/day=02/transactions_20250602.csv,982494,5f127298096f2623b3c10cd91461dc41c2bacd298d4c89c1a63ac329a3efad5c,5382
transactions/year=2025/month=06/day=03/transactions_20250603.csv,760870,911d098ac874bd7fb83f22e2d56e6bb7daeed524cb9d0ef1f298658fe88e81bf,4165
transactions/year=2025/month=06/day=04/transactions_20250604.csv,764052,7a5194264e1fcefb90e03627ecd68e33714be95334df4ed1149545fcbc300934,4171
transactions/year=2025/month=06/day=05/transactions_20250605.csv,971622,c0e13c062a7328333833feec3edd5ebc74367c6062e3e00fcc58b73005821e5e,5313
transactions/year=2025/month=06/day=06/transactions_20250606.csv,784705,f9b04e414f8f3b12dfea0e6ea26a719150bcb45d80f36193b9b11408eb6453e3,4293
transactions/year=2025/month=06/day=07/transactions_20250607.csv,412612,5387ed7799126283765bfba2cbb6cd67be9f257a3eeacd3e1fb46d7fa48b20f9,2258
transactions/year=2025/month=06/day=08/transactions_20250608.csv,426841,17214a363bcfc3d6a3310c2006e835233e4257ab2dd4c808cec726243d9a1790,2334
transactions/year=2025/month=06/day=09/transactions_20250609.csv,676741,d71a155df4ef9830356ac6f5619da5bcc2064a96f4c8196f8030ff7607789906,3709
transactions/year=2025/month=06/day=10/transactions_20250610.csv,761060,f5a8104c711602f86defe735ba3b0aa78935455c1a6bd834dfaa5fda35f82db6,4156
transactions/year=2025/month=06/day=11/transactions_20250611.csv,915831,b855ffd984b2212108abffc665027c11177bec5d256942b6a0aaaea74e37565b,5021
transactions/year=2025/month=06/day=12/transactions_20250612.csv,880531,32c5682c55474cad73eeee5c810cdd7f154ba662ee702fe44a50745e0c47b738,4818
transactions/year=2025/month=06/day=13/transactions_20250613.csv,722919,cd2af6b0f2c064b235d097c0f20b2023cfc193261ef21bfbe3c67bb060efef1d,3954
transactions/year=2025/month=06/day=14/transactions_20250614.csv,468460,1518c8f80068be79871bbd563e689a4a435f7fa8cda26e0893b21232d0111d1c,2566
transactions/year=2025/month=06/day=15/transactions_20250615.csv,569968,367ff1a7cedf3a67889d6f544fbd71096a1247d9ab5ec9dd5278884a4e695c1a,3114
transactions/year=2025/month=06/day=16/transactions_20250616.csv,964991,e71979bffcbcd5c6a6a7348b8e383663c0c4f1d67ccde31e3b51ce331183acc0,5276
transactions/year=2025/month=06/day=17/transactions_20250617.csv,806120,5e7309c308eb208c7ece71df5ae905cd9540f85d7692028140ef4c03bbb1f7ae,4416
transactions/year=2025/month=06/day=18/transactions_20250618.csv,872878,25fc78d0d76102c2b6106bba2661635bc4e955aeb8784dab27677724a6e919a6,4786
transactions/year=2025/month=06/day=19/transactions_20250619.csv,775474,115ea829237168ed052cbe4dffd53501ec5edd6d7cee4513bf3b979f58e413c8,4250
transactions/year=2025/month=06/day=20/transactions_20250620.csv,862400,92e879a0e193dc0c5497164eb92ba954bf5333cfb2c73f00e5aa873ee26e2769,4704
transactions/year=2025/month=06/day=21/transactions_20250621.csv,414936,dc59696f6579673b63150ce7d47bec8eba7aee53bc7777a5f6658b688441887c,2274
transactions/year=2025/month=06/day=22/transactions_20250622.csv,549019,f840e55978fc3afb7784bf970047caf02f38c37ab1727d970871688483673315,3009
transactions/year=2025/month=06/day=23/transactions_20250623.csv,699586,ba8059a9e8117c5bffdbd836172f9db29b976e5cfeb3894fb047b6d06a944b97,3824
transactions/year=2025/month=06/day=24/transactions_20250624.csv,989270,b4260c3870a2413728a3988016e839c78c350892c0097acf26a0744381a1c563,5426
transactions/year=2025/month=06/day=25/transactions_20250625.csv,893909,86ebc9f27fb1fce6c6b1183fec3d34567fda30c227254d4834bcde077cf8570a,4892
transactions/year=2025/month=06/day=26/transactions_20250626.csv,763705,732c1c6e3811cbdd025607a4e6d649e709fb4498e93df68d05c034b640e3f58e,4178
transactions/year=2025/month=06/day=27/transactions_20250627.csv,907951,e05f51bd1c001e5670955bbb8d14a3317b568bf0691cdc5907fa0a750629f1bd,4974
transactions/year=2025/month=06/day=28/transactions_20250628.csv,512333,59c4fa3cc72ced40cedcdfa2b35ea086ba5057f50eb0467272573886e39a949e,2806
transactions/year=2025/month=06/day=29/transactions_20250629.csv,509915,98e681eb7b045968928d4beb7fd231235267e9bc86ef59c8aefdff48b3a2ce7f,2787
transactions/year=2025/month=06/day=30/transactions_20250630.csv,703819,d897ed22f98ff92786615e828caed1271ae30d9306fed8caee028ac098bedc2a,3856
transactions/year=2025/month=07/day=01/transactions_20250701.csv,928307,504e4699bf57f4b69ccdf684c91f38005d614b731fb2d062b441a2bcafd20d38,5088
transactions/year=2025/month=07/day=02/transactions_20250702.csv,854356,f1fc00f901736e92e31e09df2e4b25fd614babc7efc20f5d114e850aa16c48e2,4682
transactions/year=2025/month=07/day=03/transactions_20250703.csv,958187,0158cd086a93150aa559de01facdcb267bd2dee522d0a2a7ec20fa444c88f011,5245
transactions/year=2025/month=07/day=04/transactions_20250704.csv,766130,ed8c26525eb662c680e539290de3c60cab702f85e87e9e274fa429df432c0fb1,4198
transactions/year=2025/month=07/day=05/transactions_20250705.csv,417038,452c472332d7c25100ccd7e8b6963c94d336256be7dca2464d46e83a33dd04b2,2282
transactions/year=2025/month=07/day=06/transactions_20250706.csv,404151,1ab951787b3044b98feba5bb3364c8fe531ce3163d641ed744cb09240bdf0384,2214
transactions/year=2025/month=07/day=07/transactions_20250707.csv,814646,546a83c70b73b472fcc1d8c5714863ab9f6738caba8a5ff76e0c9fdd21ae709d,4461
transactions/year=2025/month=07/day=08/transactions_20250708.csv,946090,00bfe2a2a2354a81e90c495328904bae3eb322bba7d22b857640ad18f670f9f0,5180
transactions/year=2025/month=07/day=09/transactions_20250709.csv,950029,732d548457957efa374d3486f1d008622c481faf374ca7102485418faee17742,5192
transactions/year=2025/month=07/day=10/transactions_20250710.csv,669538,0f1bad7013c4140e475bd03cc04e3c2cb8eef3f9949636fcd3ded9e473f5f0d7,3664
transactions/year=2025/month=07/day=11/transactions_20250711.csv,875407,7e64d41a8e19cf6eacfa9bb3a54f527eff53d758d552139a52290f3cf41fee52,4791
transactions/year=2025/month=07/day=12/transactions_20250712.csv,509794,cae30fe06b4307d16e949fd58682f4b11d781af212e736c722a683c910fea67a,2788
transactions/year=2025/month=07/day=13/transactions_20250713.csv,515984,e6e45e559672e21234d064f99f086f3c35e68c78363300bbf94a0961b2fa6221,2827
transactions/year=2025/month=07/day=14/transactions_20250714.csv,761419,4b2f2df14d9901e27a5b35ce8c338a8829da176a57c9d8cd70bad6289148dc5a,4167
transactions/year=2025/month=07/day=15/transactions_20250715.csv,751205,3921b8bde4881e82ffe17d6c43fb893369498b2c22443b141db4d6ec72fc210d,4104
transactions/year=2025/month=07/day=16/transactions_20250716.csv,993037,7a37433465ab5f412be71f030cda44563cf3392db7e0672c6eb3f905a36a0f96,5440
transactions/year=2025/month=07/day=17/transactions_20250717.csv,783132,831b8db517edf35ec45e0d1a2cf2ce346732c71f698e9f836f1022b48a4060eb,4291
transactions/year=2025/month=07/day=18/transactions_20250718.csv,789850,5a50fd5154e0488aeae8278c4cae619796f039f2d1f48249eb9bc481d2d8a19f,4331
transactions/year=2025/month=07/day=19/transactions_20250719.csv,450829,9b4ccb0a725dd683fdb8e6d815b6df1b77963a90f5f1eb369e552c1af5f49bd1,2460
transactions/year=2025/month=07/day=20/transactions_20250720.csv,535320,60ca0218c625a16efa856d45c7d8e5d6373b7cfd9e89aae204ddd6a587006e6c,2925
transactions/year=2025/month=07/day=21/transactions_20250721.csv,979104,61b6053fa922531bc78b8c0c9ecdc53d0a91650930aa4dbf139d4b6416fc429a,5364
transactions/year=2025/month=07/day=22/transactions_20250722.csv,806898,c5912881d191902c407bd9d3aa100238196c172b12ec3da4de9285ac83935d01,4426
transactions/year=2025/month=07/day=23/transactions_20250723.csv,832531,77bbf869d538c9e7bec450808d93fd780fc77d73a98924fa6f36bef00f193ae2,4548
transactions/year=2025/month=07/day=24/transactions_20250724.csv,684332,e96e13274c13b4db0dc9a0184cd19974291202019ed542ee931f82bb340bae49,3734
transactions/year=2025/month=07/day=25/transactions_20250725.csv,904501,92a46385a462c353a68b3b4b31af7e10fca1aa763e666480306b1db2c58ef382,4945
transactions/year=2025/month=07/day=26/transactions_20250726.csv,587511,1666c6ba379bad6efa463b57f62a7c062d95a22394bd24c7f0524afcaef57431,3204
transactions/year=2025/month=07/day=27/transactions_20250727.csv,441843,8731d4dffa4242c0753549db0c2cffa93f2d0d026c4140d380f714e45ac3be92,2413
transactions/year=2025/month=07/day=28/transactions_20250728.csv,984262,a72bd6f1e992a11e2e1de21549d6198bf7f65129acd1b6209c7b342f9b1c2b76,5388
transactions/year=2025/month=07/day=29/transactions_20250729.csv,883816,8263d02f3773ace14ee0ea56010526e7872ff102356a8380bcc86dbc1ffda0e2,4841
transactions/year=2025/month=07/day=30/transactions_20250730.csv,723700,e01a8fa3933f051c22ea2ca8289b84dfca2278dddf6d13d289bd6caf7233ed08,3959
transactions/year=2025/month=07/day=31/transactions_20250731.csv,677890,d0687561ffab8a8ae19f3a2f82b2c2e9164caac3da443184096c7468c28b34a6,3715
transactions/year=2025/month=08/day=01/transactions_20250801.csv,859203,8350da28faac440c981133318a5ee552e5e4becb817dbb2ae93b55254d32813b,4697
transactions/year=2025/month=08/day=02/transactions_20250802.csv,428052,927328ce2c6989170855ba529b84f334b6439bf6719249d604f3ebbe6d6e7215,2345
transactions/year=2025/month=08/day=03/transactions_20250803.csv,467956,4cd243d614b95e58af7832161409080d0c6fe90cb3707f3bd7d146ae9c4e78af,2554
transactions/year=2025/month=08/day=04/transactions_20250804.csv,821283,7432c1c59180c7cc7fed65d8208ae032f366fce7d83b902154d2896df7f41bea,4501
transactions/year=2025/month=08/day=05/transactions_20250805.csv,784943,0534430e4d3e5c34f4ea55c06c45af72c4a31817e382e57bbe42877c0e3b5260,4300
transactions/year=2025/month=08/day=06/transactions_20250806.csv,939229,d1dc3d4668b4e796e003aeba1a48b51ec60171e18f459d5ea4523cc8fb698cd7,5145
transactions/year=2025/month=08/day=07/transactions_20250807.csv,761964,2a3fabcb31f5bd6b415624f6c5aa7b40c47c98573d403adf9f806661d7a5c1c6,4166
transactions/year=2025/month=08/day=08/transactions_20250808.csv,962052,3a22a017b59cb6986e9df40683ec1a59c2a7b1cb65e53e2d7f42054bbe7654ae,5269
transactions/year=2025/month=08/day=09/transactions_20250809.csv,401518,254983fcf083b9c4b93448cc87cc593fec5bf155fdae3202b37b3297998a9653,2191
transactions/year=2025/month=08/day=10/transactions_20250810.csv,593306,f9c587c8a70e5d5373adc92d2f4f59efcf222d6f423dbe47557e7c9839a7c952,3243
transactions/year=2025/month=08/day=11/transactions_20250811.csv,780930,60d59e90c22e6cdd0f5674f457bccb3ded3030351cc5d60c2ae287821ace2342,4278
transactions/year=2025/month=08/day=12/transactions_20250812.csv,726610,c33e34cff8df119da7a587dbb958eb0632f53c9a48e347a35a81dc12776c8dff,3974
transactions/year=2025/month=08/day=13/transactions_20250813.csv,985083,20dd55605562f7785aca383dc5349bf226cf6fc5e9e4a55fa2f59daff8339b8d,5398
transactions/year=2025/month=08/day=14/transactions_20250814.csv,682778,907ab73a10b9d82facbf9eb8fc004e55beccd9f97ce5fd38351ad62e240e0811,3733
transactions/year=2025/month=08/day=15/transactions_20250815.csv,925381,a806c12a5045ccb3be8577f81b57b2787c9046f6b984f4f30eb96915ef118597,5069
transactions/year=2025/month=08/day=16/transactions_20250816.csv,423120,b5e11d725569759f1eec564291fb609e71f0f7a65d0db2c7b27c96a9abf5b1c3,2318
transactions/year=2025/month=08/day=17/transactions_20250817.csv,578436,76288b9deff949e9377702fab4ef27fc88de8fa9c8d249237e1d622ecbd5c1cf,3167
transactions/year=2025/month=08/day=18/transactions_20250818.csv,760772,77fbf16bf028d47e6adaea39a2f1d1f057e2134c40f3ce86d5a09c6d6ab92071,4162
transactions/year=2025/month=08/day=19/transactions_20250819.csv,790316,1afa747d2636a4dc8fcb4e0f6af3f2d388207f0865487bf435658fa910b63dca,4322
transactions/year=2025/month=08/day=20/transactions_20250820.csv,893454,84424eb8a94cd72a9d97753e43b7da415085446ec40f5d1e62a850952f8d607a,4888
transactions/year=2025/month=08/day=21/transactions_20250821.csv,967906,015f38be10d38320028519ed2a6938416069b35ebfab76734bcbccc53ea07529,5294
transactions/year=2025/month=08/day=22/transactions_20250822.csv,834316,2d6aead425f840e0668939920e699b1a5b6641839281160c043a8d5226edfadf,4575
transactions/year=2025/month=08/day=23/transactions_20250823.csv,526484,6c50a501888022961069bd4e012dcd4b4fca988f2e37fe2d598012451dbdde68,2875
transactions/year=2025/month=08/day=24/transactions_20250824.csv,564183,2a56d4c4e88494290ccae61fcbcc7992594f35978bd1b2657fe59bbafe6febaa,3092
transactions/year=2025/month=08/day=25/transactions_20250825.csv,996994,f6a4a57c7962097e7d86576c69425a795259b7a33500bf93fff8f03ff614c6c4,5463
transactions/year=2025/month=08/day=26/transactions_20250826.csv,968291,fb098fe0c9e4a663879b92889dbc7fc21eba8a565d172312ed81f3f7b176e419,5317
transactions/year=2025/month=08/day=27/transactions_20250827.csv,796222,a93f2e7869d49d67bdd17dc6c46b70b1a0f92c69064e66016a5bb11239ecc761,4365
transactions/year=2025/month=08/day=28/transactions_20250828.csv,883701,6df2eaf935a898e5a2793fc658ec2a00376115075a903e9ba5e9727f9e7cec67,4844
transactions/year=2025/month=08/day=29/transactions_20250829.csv,882844,87475c7d1759c97f913a86504ce694bb9ebcdbc010a471d9eccb7ccf252f4739,4839
transactions/year=2025/month=08/day=30/transactions_20250830.csv,457906,af848099a372a692a27c38d37a7fb704b020df6313b7589369313092c1656ad3,2505
transactions/year=2025/month=08/day=31/transactions_20250831.csv,547226,259cc1a7c56ef27f36b1c90892149fe21c9214925110b742873e656759e1f441,2997
transactions/year=2025/month=09/day=01/transactions_20250901.csv,821763,9d493f916ac03f2f46d50ee86c7099f5a6bf9ec27787ce0ffe485c7fd6a4d869,4501
transactions/year=2025/month=09/day=02/transactions_20250902.csv,723164,942b8d2629a0d71d9df68eea057914b5ec889d4c429078bb89e8b102f15c5cc9,3953
transactions/year=2025/month=09/day=03/transactions_20250903.csv,788477,bf8d1e3c5eff5a79e9083fec62eaecb46413c9f0c1adfa683e3b2f58e2c52451,4320
transactions/year=2025/month=09/day=04/transactions_20250904.csv,722874,a4b1c2c3e2c4d212ed1e7d7e19af7adcc03f79bb4dedcc9b95f3f03de10d8e0a,3957
transactions/year=2025/month=09/day=05/transactions_20250905.csv,752810,4680e7be4772a1542a33c51d0818ad04b2ee561cdb430d08932585921361fbca,4115
transactions/year=2025/month=09/day=06/transactions_20250906.csv,539627,677487c547fac8c79395948f59aa8174eebf7de7cfda01e76bb2ee9b82379beb,2953
transactions/year=2025/month=09/day=07/transactions_20250907.csv,402746,e2b59f0730b22082abe06e17beb0e9648d97d5bf74b2df3c13d7ebea18909c08,2199
transactions/year=2025/month=09/day=08/transactions_20250908.csv,824414,0ef5724a756586aebeee532781ccece72f16c52ae2e639c9f64a371a9b992e5e,4517
transactions/year=2025/month=09/day=09/transactions_20250909.csv,895388,5b792b53df53334d97cb771e390513c927c2c3625947c9869a56cfa663f02551,4894
transactions/year=2025/month=09/day=10/transactions_20250910.csv,700456,8738ae2bf9f4f9216e7c324712c259cd3ef6cd66fe1fb6b1d6ec13e8d6401b14,3841
transactions/year=2025/month=09/day=11/transactions_20250911.csv,930000,8ac71b7a045d1704458f806223eba5a2a8558e638a0c4489d2223cb640b83e52,5093
transactions/year=2025/month=09/day=12/transactions_20250912.csv,958762,929d0bf4a924f8f49a3c8aceaa0b6e3e2e5cb683e6619ca253a9badf5feba055,5246
transactions/year=2025/month=09/day=13/transactions_20250913.csv,598314,e07b0310618f072e6edb06f8972cff625ccb8444e209386975c09f419816a7cb,3267
transactions/year=2025/month=09/day=14/transactions_20250914.csv,597928,667a2c6f766f285f5e7ea791c56cd6f15d5b665e215884f23386fa16345f7fdd,3270
transactions/year=2025/month=09/day=15/transactions_20250915.csv,745093,467117137d5a0e2a4e78ff3634afb76eb0815d4c5c309cfccfb4c09eb5ce441f,4080
transactions/year=2025/month=09/day=16/transactions_20250916.csv,779158,d332bbbfd0dd34e7ac06b7a49aec4498c5caac9e546d792f1528c9d2b3e17072,4275
transactions/year=2025/month=09/day=17/transactions_20250917.csv,738985,79e995db43d9814330230a2bfa222b4ea8a1b5d1ea9c9ea30f181dce0bada722,4039
transactions/year=2025/month=09/day=18/transactions_20250918.csv,696817,2b47dbd940a6f9d187cc8709a6fa79c8aa8071e17fa1b678cb37a80ba2e1c448,3811
transactions/year=2025/month=09/day=19/transactions_20250919.csv,805928,0d81e7be79554e451f15aacf228836b0948e4e503c8df0d52d2f9d2aacd50b1b,4413
transactions/year=2025/month=09/day=20/transactions_20250920.csv,439570,6a6c192230f509581f71330f8e45e9d38db19ba0b64f7864a088231e0b4b4dec,2408
transactions/year=2025/month=09/day=21/transactions_20250921.csv,471281,2c56f5272d918f645548486047af0175c6c7589bbac2125596af431bc63c4de2,2575
transactions/year=2025/month=09/day=22/transactions_20250922.csv,780399,23ad3a462599c26c8bbcf31a634c0d4f1d6df69eb07ebe74f70eab0fd3032cd2,4273
transactions/year=2025/month=09/day=23/transactions_20250923.csv,694874,ecdfdccbef82cc9acf375a2c6e39c66d6d2f82dd830f880308dcacf1691ca6a5,3804
transactions/year=2025/month=09/day=24/transactions_20250924.csv,902233,715ae7919c6862f5b64c5fb400bbce81cd21d61649f3f9bb20533794a72ecb62,4936
transactions/year=2025/month=09/day=25/transactions_20250925.csv,775771,cae8c6411dec72d2e0c8b8d3f41f42375071ebb56be9c5d637317208113224aa,4239
transactions/year=2025/month=09/day=26/transactions_20250926.csv,959785,09eed0313d29f692fe00823e8aeff7a5aa29ff97818b4979de3d27ce03bdf76f,5258
transactions/year=2025/month=09/day=27/transactions_20250927.csv,452522,855de7138ea6aad1a9120421fdb62d217c2bd81afa8c6e26ecb075a2c01cbfd5,2472
transactions/year=2025/month=09/day=28/transactions_20250928.csv,504648,fe255a93e02fff54ebed5f979f4144d0894f4f6e085dd064f250e3f775c8fe1e,2757
transactions/year=2025/month=09/day=29/transactions_20250929.csv,953306,17f222b29fc50719044bfbaca87b8f33533f36afa1177377c66d6c874a463e26,5217
transactions/year=2025/month=09/day=30/transactions_20250930.csv,747420,850a18b5609fc2b928136c5e8df5eaff78aaff13567e1161fc59d37edd3670c6,4102
transactions/year=2025/month=10/day=01/transactions_20251001.csv,830152,4a7fdc8083a9e76c80c34c2497d6289c428bfcb1a5a2772d066cd8b27be48e2e,4548
transactions/year=2025/month=10/day=02/transactions_20251002.csv,755364,30e5183f46d83380d8483e6d1cb952183b27757dc0269125188e914f826e9b2f,4141
transactions/year=2025/month=10/day=03/transactions_20251003.csv,942692,445d9ec989116e328178fcca5e9bcde524fc168ebfcfaebcc6f72f04c3521536,5156
transactions/year=2025/month=10/day=04/transactions_20251004.csv,587935,e275493e75cfd773eb71376a2558b925d2e26fa9d05b9bf46c3570f411cd59af,3218
transactions/year=2025/month=10/day=05/transactions_20251005.csv,546765,b0ced82513dc7fa54d10ca348ecfa08b61ca6a5adfe41abe961367a69b54e0e0,2996
transactions/year=2025/month=10/day=06/transactions_20251006.csv,886721,2c154b07e5d465f4311a796697ef1b596bc75f067d75e5aabbd36debb2ebe238,4858
transactions/year=2025/month=10/day=07/transactions_20251007.csv,784139,22d755cd1a9cbf52932133791ef98788704c98d5e41eeeed01b94a9a9f74c9ec,4289
transactions/year=2025/month=10/day=08/transactions_20251008.csv,689878,c6d999fea940964252c3f9c4e8c1f47d0cbc595c1d6ee289b5e9f0c230705cd2,3773
transactions/year=2025/month=10/day=09/transactions_20251009.csv,774108,96c326ee591713af88d103886c56c570f3c454ea434cda47ab179fb16c7c1653,4236
transactions/year=2025/month=10/day=10/transactions_20251010.csv,807482,9dde1c20c889c5efe5765f5f0bbca2d5aeb8c833703e14e0111593844bd6dec5,4421
transactions/year=2025/month=10/day=11/transactions_20251011.csv,584963,40433eb841b1d78265e59bce7abeff36144d2a06eaebd4eb040c670c202a1d32,3202
transactions/year=2025/month=10/day=12/transactions_20251012.csv,532804,21064d87f64594caf99ca551ed7d9ffc85317576dc8363d9f1cebdbca94d38f4,2916
transactions/year=2025/month=10/day=13/transactions_20251013.csv,701377,b1e7376293e9b44a6efafec4260f6baf6b31d1010d7299dd922b10b950c4c29a,3835
transactions/year=2025/month=10/day=14/transactions_20251014.csv,741635,7847e7fed3dff08a9ef30ef8e7f0552f08b5e265b38c7cf90a64324f35d69a1f,4054
transactions/year=2025/month=10/day=15/transactions_20251015.csv,926463,2bec3b5d5f8741cbb34cd3b60d881f9000771dd3fff734a5f98a1dd5845cd877,5074
transactions/year=2025/month=10/day=16/transactions_20251016.csv,767189,80c4fa5b4d223f96c86b672c61075efde1ef5dc29f8619c3d48ad7e5dadcafd0,4204
transactions/year=2025/month=10/day=17/transactions_20251017.csv,988491,2bdb87ffd6262d66ff42ceaf2d19a52383cbf5a9a1fd504829c457aa67d84165,5407
transactions/year=2025/month=10/day=18/transactions_20251018.csv,478333,ade08a6d63c486012cb0410b4ecabc84dbe97d1ddb61b370bcc2ff9affdc3a47,2617
transactions/year=2025/month=10/day=19/transactions_20251019.csv,574324,32f1a8a0a1f729c6c98c33d53d2e7efc90130f9608f84163e49c4547ef899316,3148
transactions/year=2025/month=10/day=20/transactions_20251020.csv,859286,e7e0e31373684d0152872b68d3fea39f19ddf942d78a4e9a3c7f890c66dac913,4704
transactions/year=2025/month=10/day=21/transactions_20251021.csv,778039,f9a72b0f3e8b3b946c1b1bf86bd19f34851eb3a0737bd13a6620d19268238679,4262
transactions/year=2025/month=10/day=22/transactions_20251022.csv,902649,f95a588a0b6b9080b11b12ff5121055471f1111f118814afa87dc124f4093a00,4941
transactions/year=2025/month=10/day=23/transactions_20251023.csv,674391,1a93a8622ea16b113b6c8251e8c72f4e8cc10c1f71fdf8460ab8b5c47fde8617,3690
transactions/year=2025/month=10/day=24/transactions_20251024.csv,981030,8970f1d3593f1d55b9d56b4e884f32a9933ef6c0f2bed3962c7b157980a60127,5376
transactions/year=2025/month=10/day=25/transactions_20251025.csv,564273,a86776420b28627b0fc54ec608efa1695d945ef1a6205758fdc47f66169f6572,3096
transactions/year=2025/month=10/day=26/transactions_20251026.csv,598876,69b95aa48fb0b6bf55770b42eebff91c2138c471d9daf49c90f8afa81fad2716,3275
transactions/year=2025/month=10/day=27/transactions_20251027.csv,956082,c05f0b4e2ac99c60e25212a33683e87944392640cfe645eff46cce413908e64b,5220
transactions/year=2025/month=10/day=28/transactions_20251028.csv,786780,2cc00871dd8daed2657aa4f69d9c76089d60eca2d39af7a242ec247ce4f7af85,4312
transactions/year=2025/month=10/day=29/transactions_20251029.csv,908684,e5dfe6605822c4f1c1404d1b9128a30cb443495adc9e0af9bc7e2414b5957028,4967
transactions/year=2025/month=10/day=30/transactions_20251030.csv,989327,12d3ebe9adc089addc9165a671e2ea1a3c5992adf8ba4b39e2fd0848e45ed8e9,5420
transactions/year=2025/month=10/day=31/transactions_20251031.csv,711481,c134f208ac834a5adc475182332e388628c78da4fe09ae426a0520f496e0aa9b,3900
transactions/year=2025/month=11/day=01/transactions_20251101.csv,501170,87585ecc8bd32ec9bd3a4553c5f167f72817fbe7998e998435357a1b16a3567a,2734
transactions/year=2025/month=11/day=02/transactions_20251102.csv,537536,8aa7c024e89487f4f8031e430dab600553df1cb889f19e6f745bc4316603a762,2936
transactions/year=2025/month=11/day=03/transactions_20251103.csv,689756,43a3c79a7fbc80195e0a881647937364f275dd5fac36b8cc952571715a3a6038,3769
transactions/year=2025/month=11/day=04/transactions_20251104.csv,937087,e015a651497f9d192a527f6dc65e5242335fc48e950afc247ff78518c4833a91,5111
transactions/year=2025/month=11/day=05/transactions_20251105.csv,963115,97da4e695f4e2cbfb710ee8cafd89d857a238fe5d8e1383ed801dd8908dae8e4,5285
transactions/year=2025/month=11/day=06/transactions_20251106.csv,959155,2ae3759bb9e5adfacc0d663a65cd0a7ccb5db47cb3da53527e5795c4fa3ef6e8,5245
transactions/year=2025/month=11/day=07/transactions_20251107.csv,799855,c2e46ec7bc3cdfc03b565ee79323c823a9303c7257c1dfba37db8e9ff2b4bc18,4385
transactions/year=2025/month=11/day=08/transactions_20251108.csv,520275,f0aa27e8b1d286dcf98d8d733cb7236cd92f4a338e15abc15bc0c97f979ca990,2835
transactions/year=2025/month=11/day=09/transactions_20251109.csv,469876,1973043f5e78c21bc211f638af1ae735dda05747fb37c70aa4e160604637e14d,2571
transactions/year=2025/month=11/day=10/transactions_20251110.csv,688419,82816482095db1996ada480fed88a56c61186e1e1b46043498b42e50d122ea73,3767
transactions/year=2025/month=11/day=11/transactions_20251111.csv,784700,971f3ce62b52b13d0e1555831f1f392f0e5aab475e28c16bf61543f8bfd927fb,4304
transactions/year=2025/month=11/day=12/transactions_20251112.csv,760460,5568bf345e4d7975bb88ddad5f41d04509affafba223ee092a5fe473a9b231cf,4182
transactions/year=2025/month=11/day=13/transactions_20251113.csv,983905,76c54c279a5b81a8160b4b22b59d2a86a1f7a12ed901eeba2ed7eba840c621df,5390
transactions/year=2025/month=11/day=14/transactions_20251114.csv,781996,ec70fafa7f0ae49a35cbb406f5d3ebbe181969d51b6654304d8c6fb6e8dfda2d,4276
transactions/year=2025/month=11/day=15/transactions_20251115.csv,556515,be00e748e162e8c46365403d609705c7349d7c6792bf34239a3d705ae9d2559c,3039
transactions/year=2025/month=11/day=16/transactions_20251116.csv,442085,8d18fcfcb3a5846a51358d2b9cfaad1bbfe52a9a1b7f2839a971295cfcfcc2b0,2427
transactions/year=2025/month=11/day=17/transactions_20251117.csv,818256,bd93232b8d23094b505fb9d10136d838c162cbaaeb76d2b3c1ed0b1b930af39f,4475
transactions/year=2025/month=11/day=18/transactions_20251118.csv,734493,4ee658a1f2b98803212d1ad80fddae1cb7e7b18bc38b46d785c40cd8c7f2e8c8,4026
transactions/year=2025/month=11/day=19/transactions_20251119.csv,827771,43a9ed1f3689194c50fbb774204bdc89f84ce90d83bca0b7af969d4deb5c8066,4525
transactions/year=2025/month=11/day=20/transactions_20251120.csv,841493,f81838239feef5fbdd03e02b407dc9c45cfa56d8aa49a8bc817942a4bbd08acf,4608
transactions/year=2025/month=11/day=21/transactions_20251121.csv,879767,5f8f7cb6969513b7a8d52bdac81c7265a5c8569e9f308ec28c8355ffc09414d0,4824
transactions/year=2025/month=11/day=22/transactions_20251122.csv,581565,46691982c2f20d4519ec36bb6eb771e30b4c40bbc8521998979c7d8a392e476d,3182
transactions/year=2025/month=11/day=23/transactions_20251123.csv,526497,34954cb4564ac21a5aab7e725e32b5a7fd7388f6016d81af6741702aa72f7296,2883
transactions/year=2025/month=11/day=24/transactions_20251124.csv,801733,6529eb0d7c2e687781bf9c061c3d68ff97c5394dea408723cc043d5d8d000dfb,4388
transactions/year=2025/month=11/day=25/transactions_20251125.csv,810535,6b9ac42b2ccd706ef16d97a0d960c6c78898e9b00401e08e1d0ca167bfae4989,4431
transactions/year=2025/month=11/day=26/transactions_20251126.csv,927671,ee09890f26537010bd40ab4fdb5ffae3bcc7465a533e2fccb792eda6cc786d7d,5076
transactions/year=2025/month=11/day=27/transactions_20251127.csv,957902,90e3a22ad008844343e4d15a4e6f0727c20d11990ac10378ea088dc43ebb3197,5245
transactions/year=2025/month=11/day=28/transactions_20251128.csv,911876,010d7ee0b1ba582b6f3ef8dccdbb95540790e50bfceb25f9ecbfc8e70f1ea988,4997
transactions/year=2025/month=11/day=29/transactions_20251129.csv,582163,0436507d15e60a51182533cc0336db4d8f9f44b361c507530fcb26b88d0867dc,3191
transactions/year=2025/month=11/day=30/transactions_20251130.csv,403645,493e121d0c91461bbe444de2300392ad51f24629ace8c9fbc1d540f893d821ae,2216
transactions/year=2025/month=12/day=01/transactions_20251201.csv,778345,718c6a3ecef9861fba7a8d42f44b95dd041de55d5ac1965b2dcc30206de0ef9e,4265
transactions/year=2025/month=12/day=02/transactions_20251202.csv,766315,da333268683bf98f95524b90a0e25565a473342f09f701a5c386d19d6757bc5b,4191
transactions/year=2025/month=12/day=03/transactions_20251203.csv,753088,2494ae7b5f27b208e62dfba3b88099ceaa1c85866a21418a8f88e096800ddc86,4129
transactions/year=2025/month=12/day=04/transactions_20251204.csv,819078,3496edcd3df8cf497c1514e123605b91c11f1310d54754a7f5dbddf4da290fbd,4482
transactions/year=2025/month=12/day=05/transactions_20251205.csv,685191,951ffd0edfbf9bdf64635f9bc08584c4dc88e0d8562048b7a2e9d373f7353e59,3764
transactions/year=2025/month=12/day=06/transactions_20251206.csv,485913,433f5992e3dceb941738c4155955e0cda94b268e504e027465cb04113737d688,2664
transactions/year=2025/month=12/day=07/transactions_20251207.csv,443060,c3814485b049dcad9e2e03816c2014b01133ae78dd1d014fa5f89c7032313f49,2426
transactions/year=2025/month=12/day=08/transactions_20251208.csv,676913,2003876c2c54d6565976128efbd2823bdfe77d7d91c0bf3fad0f7348f0cb8cab,3704
transactions/year=2025/month=12/day=09/transactions_20251209.csv,761615,c9297eb6de3b317b21a554aec137e4f0d2d29d3e056bc4da5cf26dda64072491,4173
transactions/year=2025/month=12/day=10/transactions_20251210.csv,815367,02909edfd534e9d3313410f471e1cc9537a3e8ddc23e1b627a1aa246958632b8,4457
transactions/year=2025/month=12/day=11/transactions_20251211.csv,693773,7c59cd53667bfd547748decf7fb9714f45ea9f1fd1f911c2c03225b0ec91dd0a,3797
transactions/year=2025/month=12/day=12/transactions_20251212.csv,930919,a3f5709fd5833e9f6ad64e239f34b228865f86b0664223213587d4d1d59a85ad,5107
transactions/year=2025/month=12/day=13/transactions_20251213.csv,406494,1c4fc82ca935a60c6fadc90b82810b6c54d5dcf668a9c911e15866afabf263bc,2229
transactions/year=2025/month=12/day=14/transactions_20251214.csv,512464,369e15152dbc957ec8933eb7e6343e1faf8efb28130f8f20d7389ea08c560ee6,2806
transactions/year=2025/month=12/day=15/transactions_20251215.csv,908052,d623b53913742f4940a03c92b240418b228902e0c57523a9464321f9ee97e33c,4968
transactions/year=2025/month=12/day=16/transactions_20251216.csv,939649,92c3c23b24ae8a98d62a2a2f86d1490c267406d408437a480f80799971b5cf31,5152
transactions/year=2025/month=12/day=17/transactions_20251217.csv,948061,378e26f0663a0f583270779c2ba9d1b7d4c1f88420ba9d8ded9b6216670d5ce0,5188
transactions/year=2025/month=12/day=18/transactions_20251218.csv,742875,bb3d816caf56028766c4de536758cac04f32122917a063380da851cd189eeb00,4063
transactions/year=2025/month=12/day=19/transactions_20251219.csv,706359,fa7412ffabe25ea93f5ca039f96f6b7331ea91ba5d57e01bf418d71423be903c,3866
transactions/year=2025/month=12/day=20/transactions_20251220.csv,569418,47dd2c7cef27ce814fc7374a85e401ef66454292da318686b0d86d32231a2b13,3119
transactions/year=2025/month=12/day=21/transactions_20251221.csv,422613,5ea56e4155fb70f69fc588ebb4725e116ef8e8eb41b04d08b381472aef6eaabf,2319
transactions/year=2025/month=12/day=22/transactions_20251222.csv,742797,b83b30b8aea22466702028dd6c6e7cb5fe392626da065617a63a91ba22191e37,4067
transactions/year=2025/month=12/day=23/transactions_20251223.csv,972357,0817141df2e1cb725533a55adf365e4e3ef036aad50dae2ac383c6677b35c294,5325
transactions/year=2025/month=12/day=24/transactions_20251224.csv,808114,2ab403b83c87bf86cac980cf0493c5385a2fec7c7103d423bd88637e72e70652,4423
transactions/year=2025/month=12/day=25/transactions_20251225.csv,881228,f1bdce4f5028d5d84210b6cd04643137ec670ea9ad444c3073e121b9450a9d84,4830
transactions/year=2025/month=12/day=26/transactions_20251226.csv,849896,b5368c1744d8d7f876e9a816bdfe19be526a8956e48ccfdbed24e6a88b6bdbe7,4647
transactions/year=2025/month=12/day=27/transactions_20251227.csv,424465,0818f148b5ec00eb5e6ce876d12cc2b9c87d41c13d9e76c816cbaa7c2bafee04,2320
transactions/year=2025/month=12/day=28/transactions_20251228.csv,408170,bab732894a6a163ce79c4b6b3c22524ff6ac73b729fc07f5e8934626001d0586,2235
transactions/year=2025/month=12/day=29/transactions_20251229.csv,938969,1460ed34666a5f328c1c6563f8d6604307182a7853cd9af334397869112becb8,5135
transactions/year=2025/month=12/day=30/transactions_20251230.csv,927538,02d2d2acb6c68c0cac5408d33e702d0b86da1b3c5ad3df8eb0d3536ef8948f27,5076
transactions/year=2025/month=12/day=31/transactions_20251231.csv,710257,33821c400316b58992c06a8d6cabf1c71c340cf44813fb0089ec5249ce875efc,3890
transactions/year=2026/month=01/day=01/transactions_20260101.csv,846263,84e4b8145a7ca72ddb276b7c99273fbeaaf8f4ac67b28f0c09024f0824d81a0f,4638
transactions/year=2026/month=01/day=02/transactions_20260102.csv,703053,d242a25a32686bd5232c7002e4989413ffdda1d0441a1f09b998800ce8878a12,3851
transactions/year=2026/month=01/day=03/transactions_20260103.csv,549233,3d9440dc22b487d9bdcbf3ef98182be66646a2b2cc0b34ae7a976ffcf57a281f,3016
transactions/year=2026/month=01/day=04/transactions_20260104.csv,468365,0c70b32076a71cfc5822889e0ca3b9a485e9761f438370977aa77beb7114d2dc,2572
transactions/year=2026/month=01/day=05/transactions_20260105.csv,700075,2b3d4f3756540c5eaddbd414b48b19951eeb734502ca563f4f9a20775bed2302,3830
transactions/year=2026/month=01/day=06/transactions_20260106.csv,970176,e97e2692df0c8fdebe1fddbf3a1250c0315776cfc52656e613731a6c49ae7284,5301
transactions/year=2026/month=01/day=07/transactions_20260107.csv,710121,a3739e29881baae02ac78628254893d6c2d5474750c7ff20da668ad56856e42e,3885
transactions/year=2026/month=01/day=08/transactions_20260108.csv,779786,e6d4bff1921118b1a1305256bbb39c1f3426555212efd76d2c9b4a793dd5f2e5,4272
transactions/year=2026/month=01/day=09/transactions_20260109.csv,860813,5300092ff097e15a87a0abaf7d5627f261c0d7e25fd13c0f3d9bd70d4ed9394d,4709
transactions/year=2026/month=01/day=10/transactions_20260110.csv,470374,fae3a0f2780f92753c56dc8ded52dd4290fd81f30e668249a2d8bd46234277e0,2574
transactions/year=2026/month=01/day=11/transactions_20260111.csv,416816,78568e4e6dfd08569b559e33c4754973b85c3fc3490c46f8e7734e1f8b6e9dd5,2284
transactions/year=2026/month=01/day=12/transactions_20260112.csv,823479,9ee8f53ab70365cd5992acb80da2e83a8e22e66a0860e56894dc94c50e6735c8,4488
transactions/year=2026/month=01/day=13/transactions_20260113.csv,995753,7580f5278adfc74b0e8987a866a1bc6692aa7b07ca7c803cf13dc9dd36bb5649,5441
transactions/year=2026/month=01/day=14/transactions_20260114.csv,908531,69bf2ea9c3c212ce63967dd27fa91bc737df102765a43b1842bc5fe039f8342c,4985
transactions/year=2026/month=01/day=15/transactions_20260115.csv,848934,15dd853341b9fb5adbf26387b9757ef700743d394cacaaeebf34eb4a335a0cd6,4648
transactions/year=2026/month=01/day=16/transactions_20260116.csv,957588,b1b8933bad52cbca034bce183da34fc2821b841da6658d0d0b90c8b9ef6c58ea,5241
transactions/year=2026/month=01/day=17/transactions_20260117.csv,554078,37d8f9ba299d5f3867442da472bdee7ec8fa54b62e38ec433ba6d979be5c26ee,3037
transactions/year=2026/month=01/day=18/transactions_20260118.csv,417092,42198432094ab332298a6082d7437ec99686094cab54e0d21a35f5b0590c6c4e,2286
transactions/year=2026/month=01/day=19/transactions_20260119.csv,772332,933366bfb3afc945142cdc8e830851d2f6b9fc6b530e26869405101110608d59,4230
transactions/year=2026/month=01/day=20/transactions_20260120.csv,817203,ec5398b79a99fc6f0f210e41cdf8efc55b6b358de1ae74ab100e4e4977affb22,4479
transactions/year=2026/month=01/day=21/transactions_20260121.csv,687291,a1f067e3a7f213d8baf8bf136d31b5abf4df6940b4ed1f79f8789487f7012ae4,3763
transactions/year=2026/month=01/day=22/transactions_20260122.csv,843147,1c4195a903963a34dbe2e8e8c4979162058bc04203deed5a0f4fd5f0588210b4,4607
transactions/year=2026/month=01/day=23/transactions_20260123.csv,687212,ef75460dbcf0b8991b8ccdc098b5c3cdaa26cd0ec83862eb53d0c21e36ee11b4,3757
transactions/year=2026/month=01/day=24/transactions_20260124.csv,522659,0d547f141e24a9c3a30c8ef9bf92ff765e4454387e08c0eb9af38ba1ae5d3914,2871
transactions/year=2026/month=01/day=25/transactions_20260125.csv,495526,42d61c1e5e61da3e6c220b356b2b61b62a7bbd112983d1685e4ccc0bd240e6f8,2713
transactions/year=2026/month=01/day=26/transactions_20260126.csv,862371,40cf4bf43041038846b24649f2728564489a8c08068857a129cff889d21bb22b,4714
transactions/year=2026/month=01/day=27/transactions_20260127.csv,718822,2f05d1cbe287691a74ccf3b77461cf8e439d94011b79fdd9b557561ab8c801be,3936
transactions/year=2026/month=01/day=28/transactions_20260128.csv,703910,32d3ae4ee24efadafa40212741b047abd85d0fa20e967e3087cbf0d08ad0be10,3857
transactions/year=2026/month=01/day=29/transactions_20260129.csv,803813,9e44f65249324572b375e97caf52cac4d5d799b55556f033c0d619b75c413140,4404
transactions/year=2026/month=01/day=30/transactions_20260130.csv,901786,6f6f3fe2709fa05fc3ffac341c635269f6354451d619cacb19d7453d8291fd81,4936
transactions/year=2026/month=01/day=31/transactions_20260131.csv,407026,b57ee1766a155db03ee9a87bf3474f94c72e936472de22a99864ffad6b0298f3,2224
transactions/year=2026/month=02/day=01/transactions_20260201.csv,474824,4f2e3b532456e1e86915ccd21617f3a764e12f850542dc168c8e4e5be09b8de5,2611
transactions/year=2026/month=02/day=02/transactions_20260202.csv,929212,faa56781ccf94ae82749866615c909f156df7723f21d6bc75165e34f014b9199,5088
transactions/year=2026/month=02/day=03/transactions_20260203.csv,846205,dfef0b2119cc0bac89cad28d922a64944f1ebba5ea9cc500c4970fd9660d4d64,4634
transactions/year=2026/month=02/day=04/transactions_20260204.csv,752693,8d6cc52ec3a4c06fd43ee862ec0e9ac5beb089f5550c4a55b39fef9d2380a179,4120
transactions/year=2026/month=02/day=05/transactions_20260205.csv,909419,e6a6c2c6e3844c08a3933244ae0c7a558d6911df840f3aab66ace9c06166c1dc,4980
transactions/year=2026/month=02/day=06/transactions_20260206.csv,821577,50c5a2b7fa56ff0aaf1d01ff03996b78469ecd23bc850e3b054f32e61b6d9f48,4503
transactions/year=2026/month=02/day=07/transactions_20260207.csv,469097,52ae170c043610bb756bd430a59da09a99a15d57994dd7a9ad61442bee7ecc23,2572
transactions/year=2026/month=02/day=08/transactions_20260208.csv,422635,7b3b75ca24f7d4284e0ad07eb1995724a4106046651cc4a79d1ac844723d4e51,2314
transactions/year=2026/month=02/day=09/transactions_20260209.csv,973113,9e769e8f9365429925f05ae1a3193bc8d8283b860c0538fb6b08b0c8ab8bbe87,5326
transactions/year=2026/month=02/day=10/transactions_20260210.csv,896499,7bc24311a7dbbe5efed6655e233fe914b7a61dd5f1577529cc180410edea127e,4916
transactions/year=2026/month=02/day=11/transactions_20260211.csv,988037,ad5b55a3e3b87d347bc3bba6baeed86540d618452d5728a3248448d890710ae8,5406
transactions/year=2026/month=02/day=12/transactions_20260212.csv,852194,5ef297fea5338a3df05cc8d319245ac3da5594464e4f07b195643c4e11f29fbd,4664
transactions/year=2026/month=02/day=13/transactions_20260213.csv,915733,c8e0b692c67985dfbd65c9780987f392bdbed19b6c3a6590395cd4ae17162091,5019
transactions/year=2026/month=02/day=14/transactions_20260214.csv,462222,d2b2d45a744a801ac7eec012f39073fae4b4900b480c75c8a6cfb726ae9ef27e,2533
transactions/year=2026/month=02/day=15/transactions_20260215.csv,524400,b8a5bb543d481308b8ded036f476ce929b2ede1cae2f46c6fc0d6259d71a2845,2870
transactions/year=2026/month=02/day=16/transactions_20260216.csv,952964,244fe5df47767c539aefc8e630888ec3da02dfb248048af8e22d6211fc895b4c,5215
transactions/year=2026/month=02/day=17/transactions_20260217.csv,872531,66a018446fe65b729d3aff62c24214776ceda15e652a27b0637035d4a7760fab,4788
transactions/year=2026/month=02/day=18/transactions_20260218.csv,824490,8620bc2b8c025ded8f6ee823216977e56873b63627dfcac547afcfbdd20c44ea,4516
transactions/year=2026/month=02/day=19/transactions_20260219.csv,948416,bbe313bd9b336bfb18f2b1de637dd9ad732d1ef19958c8595e7c2dd5e3e6aa5f,5193
transactions/year=2026/month=02/day=20/transactions_20260220.csv,897658,e9960dbcd38005f9ec093fba90808efad503257ed68a984f77f42ea4fd7e95de,4916
transactions/year=2026/month=02/day=21/transactions_20260221.csv,582990,be9e35c6c438af612c1791eebc6465e4f501d7c7c8cd93a3114c59b63c7c392a,3180
transactions/year=2026/month=02/day=22/transactions_20260222.csv,485487,1261cbeb60aaaf9523f81d41b40dd2910bb77c9351493cfa8976484a38180a11,2653
transactions/year=2026/month=02/day=23/transactions_20260223.csv,728206,44ad511f8f1cefd2d64254a873a5f091058b7e11fb65593910fec2a9a94e4512,4001
transactions/year=2026/month=02/day=24/transactions_20260224.csv,771747,920d9a90fabd0768d07e88f69c17cff561846c55e77c32cb2b4315eb9b8e6bf0,4224
transactions/year=2026/month=02/day=25/transactions_20260225.csv,813799,42d274e2a1541e4cb7528ab3585760a47a9a8615193a611a2b3c1ed19d0101dd,4452
transactions/year=2026/month=02/day=26/transactions_20260226.csv,690259,b2abf1c64705f4c0c148c12f9c6cd32c68876ad537e9ef22ca5c6824cb1b075d,3787
transactions/year=2026/month=02/day=27/transactions_20260227.csv,668825,96320b8f89df13aef4172b62c184ba68925bfa011b5b0add884963a06fe48cf9,3669
transactions/year=2026/month=02/day=28/transactions_20260228.csv,580149,468eae9a69938a274a5f9e24b423cf90b7e81731b3afdd36828c3ec2a2948046,3182
transactions/year=2026/month=03/day=01/transactions_20260301.csv,478547,1f009608da4d7dd1bd4754256628e3c53807c0357c7430ea635cad122a144d0f,2622
transactions/year=2026/month=03/day=02/transactions_20260302.csv,839776,86146ff844e0f47a7209b0ef9c74f40ea9e2e426b2036be972974bea7b6d53fd,4607
transactions/year=2026/month=03/day=03/transactions_20260303.csv,750663,69e89ff2fd2262d4752149e2487dc2fe852946d513472d5466a12df550fbbf9b,4115
transactions/year=2026/month=03/day=04/transactions_20260304.csv,975911,9284cdac9bc8f0facde589f6df19663ed153b763fe9b024a4a016978d4763e53,5342
transactions/year=2026/month=03/day=05/transactions_20260305.csv,856678,b39f275f21067220728419e27aceb7a1c946d8a9d80f39a44fce6902d3762fff,4699
transactions/year=2026/month=03/day=06/transactions_20260306.csv,851269,acad88d336d2951a541eac5e3539c606dec4d5697dde4e34b47a285ea9b24573,4667
transactions/year=2026/month=03/day=07/transactions_20260307.csv,545297,6521f28c5d45a286c278d1e6596056bfcf6a75f374d7fb256bad991dcae04b0f,2986
transactions/year=2026/month=03/day=08/transactions_20260308.csv,533002,02ee95192f751c40937a810a2941b0a87bb8078abf33bcd3648b6d8abc0f514d,2922
transactions/year=2026/month=03/day=09/transactions_20260309.csv,667257,34375db8edc68b30865a626fdeb8f0e49876b502c6eeccc2ce6046bcf1961b45,3654
transactions/year=2026/month=03/day=10/transactions_20260310.csv,772937,6524671a965b9fc6193adae56356018d29ffdd3317620e8a56414949bb7d35bf,4226
transactions/year=2026/month=03/day=11/transactions_20260311.csv,917720,1013afba4e964e7865362ee3ab909b05369018f9fc258f17ed552f5fd36a6200,5023
transactions/year=2026/month=03/day=12/transactions_20260312.csv,726305,6abafb1443b630a4937cff2b5aead42098748dabfb172c6493eb4056049360b7,3980
transactions/year=2026/month=03/day=13/transactions_20260313.csv,914263,86e28da9e4aa10a0aec000cf9658f780fa196102e1002449b6f2cbe405559cd7,5004
transactions/year=2026/month=03/day=14/transactions_20260314.csv,420916,cfaaf79631600213a268fd9f00883edb2fdd95b6386f998d3d2303c5f047b2be,2311
transactions/year=2026/month=03/day=15/transactions_20260315.csv,514673,122b5b32a06434ad1b938a1a6d5d0bdc381531a75321b4657b28d462bf7f5e59,2815
transactions/year=2026/month=03/day=16/transactions_20260316.csv,699777,7851cf6040bc814ed132bd82404eab2531bfc0ea3caaac062be9a54c9f044da3,3833
transactions/year=2026/month=03/day=17/transactions_20260317.csv,877946,fff8ab7ed75de1fa5ce7f71789c96beb2592e700747b0c3a88d9326647f3b26f,4817
transactions/year=2026/month=03/day=18/transactions_20260318.csv,949137,638fca4f98c5ec51ea1e99c5348509de21534059431479952fc0784169cd8778,5194
transactions/year=2026/month=03/day=19/transactions_20260319.csv,881635,8e218d6dfaa68bf198af7cf2870b59a6f4333e6776120559c9fa609c04b3382f,4823
transactions/year=2026/month=03/day=20/transactions_20260320.csv,790406,1673d535b65c07306c658625deb0004f50ca3dc3f28704dfdd6b36746f9faae1,4323
transactions/year=2026/month=03/day=21/transactions_20260321.csv,499839,ac45d0a934f774b96bd8b8daa6ff75d92127add579b2e95896893e303c7be9cb,2735
transactions/year=2026/month=03/day=22/transactions_20260322.csv,496377,e2596ddabcbbc194d9a4099a0e2081ac54fdaffcd6fe6946aef096152772e6ac,2711
transactions/year=2026/month=03/day=23/transactions_20260323.csv,679006,10e9fa35295bf89b39c42fbb1f994e3e1252b119ff09bcfe075eab06665958cf,3720
transactions/year=2026/month=03/day=24/transactions_20260324.csv,774717,394b92189e9ead5466805892f354d4817fe1dc648c42c71a6f299603652de513,4241
transactions/year=2026/month=03/day=25/transactions_20260325.csv,817633,0cb0e2808e26c5f506c41515c41f430f05256c84265935abb6d55f308fc02582,4474
transactions/year=2026/month=03/day=26/transactions_20260326.csv,985275,8b64670466be77c645672a1a3d11c682deb8ff596c634cb14ef20ab1bd8e2120,5389
transactions/year=2026/month=03/day=27/transactions_20260327.csv,991000,f993636f57d04c9d92c0f482847ae0f03ae42efd9833224b88a01ac663479ac4,5432
transactions/year=2026/month=03/day=28/transactions_20260328.csv,420534,185c7f3b6f054b4cda018398661347754d12f12a5048e9dbb5bef1b3f58f67bf,2308
transactions/year=2026/month=03/day=29/transactions_20260329.csv,515745,47925701af84b81eb30f6a5b1bbc27cbc8cccd9bdf7421ca69870ed3c98125df,2823
transactions/year=2026/month=03/day=30/transactions_20260330.csv,706927,a5fe985c5dad77784aff663251c176f619667506be947a55bde9d8e19e9a1fbb,3866
transactions/year=2026/month=03/day=31/transactions_20260331.csv,845766,3621f9688c7a8c5f382d43d5edb000044ae15c543bd3b8722f713d880dcb26af,4634
transactions/year=2026/month=04/day=01/transactions_20260401.csv,916514,99eb3ffbd48db8639a59039d044056be83314413fb2698f7c5ee13519f65e2a1,5021
transactions/year=2026/month=04/day=02/transactions_20260402.csv,734333,cc464a180b72249b50b449fac3be34f2be7dd2e9eb9fa0b3f01b9e5ab325a973,4017
transactions/year=2026/month=04/day=03/transactions_20260403.csv,851269,84ed36a21e5c645a22e125739432ed068367392868ec4a098a9c0c3f88e2cdda,4659
transactions/year=2026/month=04/day=04/transactions_20260404.csv,500547,1a3dc1ab5ad2ffea93824ea243116353bfd870b6a4930acec4f73db3458c3dbf,2740
transactions/year=2026/month=04/day=05/transactions_20260405.csv,527619,ce3e40314d5a8cbacd433e89327b5ea28ada70d26a22f9e9cc0bfea7c4a2f280,2889
transactions/year=2026/month=04/day=06/transactions_20260406.csv,974899,be188699e0213d20ee4c75ce06382ca4def707de742cbb0adcfb7f3e11e3c4c7,5334
transactions/year=2026/month=04/day=07/transactions_20260407.csv,800918,60d68c56201cec0a62cff01f508cb33a3c985c1b56a271915df49ccd62a2a69f,4383
transactions/year=2026/month=04/day=08/transactions_20260408.csv,873033,39b0abc60c717cd20c4cf34343812557844a16d6e119b521966522b272aa494a,4787
transactions/year=2026/month=04/day=09/transactions_20260409.csv,898437,b2cca4ac8304bc47dd32e6e9dda346eeaacf7b804d8275bbe6187c53a750a6f8,4906
transactions/year=2026/month=04/day=10/transactions_20260410.csv,928424,b27c4394462ff69b136a7691b6f9816a7b73d90b444ec4731be6f39af8e2454d,5075
transactions/year=2026/month=04/day=11/transactions_20260411.csv,503021,610c058a4c75f460b6d89fb59245500c2dbe4b5c4bdede733f1d26d7472524fb,2753
transactions/year=2026/month=04/day=12/transactions_20260412.csv,431242,8bb8cc74698bc1268e51e3e50dc6ffda65a71861772623665c981ceda0b36faa,2367
transactions/year=2026/month=04/day=13/transactions_20260413.csv,946234,802e015b4023c9d6d326feb011f945df23473db1fdf044b1e2eae5a5419c9d01,5175
transactions/year=2026/month=04/day=14/transactions_20260414.csv,993525,35a5d22b1445dc59da5aadc019b28d9e816119ca0094d3abc9f7c8f28829b7b6,5447
transactions/year=2026/month=04/day=15/transactions_20260415.csv,805316,6584f304aac7d805323623d7b7cebf948e9484dc170a821ba3c37d4ef7665524,4409
transactions/year=2026/month=04/day=16/transactions_20260416.csv,692613,b0e94369abde920d4bd062ce14357818915aad5f6da0dfb27abe5ca4f6184b5e,3783
transactions/year=2026/month=04/day=17/transactions_20260417.csv,951369,820527fbe8a13e227c393216e74799721d7480408afa20e598ebdb9d6f35da34,5202
transactions/year=2026/month=04/day=18/transactions_20260418.csv,547337,5973994edac7aa4003e1c63c4cbd5e659c56632532195ca3626600c1ee7167bc,3001
transactions/year=2026/month=04/day=19/transactions_20260419.csv,596223,5aeb8a26237575631fcbc4e9474688af50d31a43d27f95631f2d728d4e3f3074,3272
transactions/year=2026/month=04/day=20/transactions_20260420.csv,951001,6ee3f794ae248bdf1a8f91360f851fc936829b36a76a40808d1b3e1879552b49,5209
transactions/year=2026/month=04/day=21/transactions_20260421.csv,758334,e4a86a60f0e62a4c9c6ad372bae1a288db579465e28e47a3f38e85557fcc10df,4148
transactions/year=2026/month=04/day=22/transactions_20260422.csv,748975,c7c24db18464aac9f2254ea9d39d8ac0952de3b5553bb65637ef067f74b5a065,4095
transactions/year=2026/month=04/day=23/transactions_20260423.csv,875330,a72d88be5ee649b8715c498b3580effea079cf61fd58f92accbe775870deb26b,4785
transactions/year=2026/month=04/day=24/transactions_20260424.csv,951822,9f6c63bad6dfec70e0b9095996ee29bc036cbabc98e7c0e51e2c008147ea3fc7,5210
transactions/year=2026/month=04/day=25/transactions_20260425.csv,563026,1f40b512511bef04db133502983e96e9b8812da5ab8514f8466375d331bcf2d4,3083
transactions/year=2026/month=04/day=26/transactions_20260426.csv,462553,4148439fce242285971033b891a03237111cff5105d7346bfea364306ad1b4c7,2530
transactions/year=2026/month=04/day=27/transactions_20260427.csv,696832,344954b816be777d780debbb0d5942387da385c45906fe6243f90f48601f22a8,3811
transactions/year=2026/month=04/day=28/transactions_20260428.csv,956121,b7bfa89629f5f0f3e9143faaf74412aa97d131acf04d24952f56883975fd635d,5228
transactions/year=2026/month=04/day=29/transactions_20260429.csv,770479,97eed6aff3e7e2b03e2f409f9b216f70d81cec2532357fc0cb087ce6920e30c9,4220
transactions/year=2026/month=04/day=30/transactions_20260430.csv,907730,f63b045f66c9d3fe64e2288c9a05eb84284e3d24b8d4a8c37924666e5f7f065e,4960
transactions/year=2026/month=05/day=01/transactions_20260501.csv,719392,bed0a3474c9a49ee0eea229ee17a3b6170a1001685e61050217442d2f1e37d96,3942
transactions/year=2026/month=05/day=02/transactions_20260502.csv,440170,778cc7f49d1e29d930c4f75a3ebf67a393b6ce8803734c700df0ce91ede1baa3,2411
transactions/year=2026/month=05/day=03/transactions_20260503.csv,406356,1448d4d2cf269e85ecc32e32e33036ae128c3bc72fe8da9b7d5d650ea2fb551c,2229
transactions/year=2026/month=05/day=04/transactions_20260504.csv,953439,b0790314bba57fda8e8438693f53283a77b59cb92aae2b0e307306efa3373f13,5212
transactions/year=2026/month=05/day=05/transactions_20260505.csv,951345,baf0ce1e94b3a15e7366b87424ee70ed865e15c98416ca2b811f6b50e158134a,5208
transactions/year=2026/month=05/day=06/transactions_20260506.csv,755859,40852a9cce925124368687e8dfd461de78d3bccac8c266f2053d397ca6e7c713,4131
transactions/year=2026/month=05/day=07/transactions_20260507.csv,771039,cceefd12f96bbe405ffb3160b5f35a2455d0fc6a4c922ea33cc6d085be05f70b,4218
transactions/year=2026/month=05/day=08/transactions_20260508.csv,855656,c10330af17d467598e1d8af41873221e1efe911de67d39896679c766a842c075,4675
transactions/year=2026/month=05/day=09/transactions_20260509.csv,484917,2a1a589be084e1914d25e987be720a785cee1021a3fa175e2f9fde20344c0e65,2649
transactions/year=2026/month=05/day=10/transactions_20260510.csv,522852,f867a8a04109d26205a46c3f464b20fec7eadbd40f3fa62737559a839be70e92,2859
transactions/year=2026/month=05/day=11/transactions_20260511.csv,986908,6768dd3ea256c1d52b445340e9435e0c6016cd4531bd591a110e3842db0e2c02,5407
transactions/year=2026/month=05/day=12/transactions_20260512.csv,777328,3d1999ee68f6cd138b6f36d86d7902bd5f5541cf9fc35bff1bee91e108333ae2,4252
transactions/year=2026/month=05/day=13/transactions_20260513.csv,927353,722a4293f40084c310ed304752aacdb78c241c40fc43a29b5bf153d4ec0b1a41,5066
transactions/year=2026/month=05/day=14/transactions_20260514.csv,811888,b1e01d34f653a136aff894d9269d8fde928b51ef95556ed0330b529287b83012,4441
transactions/year=2026/month=05/day=15/transactions_20260515.csv,932853,bbb24db0bba7aefb06f5e578d2f5cb74b85b98c72fa6d78a2cb89a552f27ceee,5105
transactions/year=2026/month=05/day=16/transactions_20260516.csv,499888,672426e2d8d73f5f1ea6760c25067519f4ee0cbe8523cfff2af66e18dd28a738,2736
transactions/year=2026/month=05/day=17/transactions_20260517.csv,479065,945f6602f8f442c658cad3fa47d448b6e74dce43b5d01bd3749838f7b6291f3e,2615
transactions/year=2026/month=05/day=18/transactions_20260518.csv,679692,fe80007b11c968c9630259699500657afe1cabde3ca57d3f37817ef70f29fda8,3718
transactions/year=2026/month=05/day=19/transactions_20260519.csv,993192,521229f5b3547a8110aed9d66085515ac285db121df4e06c8fb41143a1d67194,5442
transactions/year=2026/month=05/day=20/transactions_20260520.csv,928440,632dfa1793b592b380eb0b65d8480800237c383952e323fafaf7d0c66d261100,5083
transactions/year=2026/month=05/day=21/transactions_20260521.csv,872504,df7fc25f3cf4c867e4a3c442a3e0da4a008c375f45939c9f7a2c9483c7b6820a,4777
transactions/year=2026/month=05/day=22/transactions_20260522.csv,982147,2825709db6c4b92e06b2824f0defbe49683bcbba8444e9a5e24a12e23959a700,5380
transactions/year=2026/month=05/day=23/transactions_20260523.csv,470455,fe89ca52ad76d26bc3ccb1a694944dda485a718548f812f13628d885af81fa43,2572
transactions/year=2026/month=05/day=24/transactions_20260524.csv,582168,721e778f439eedcf8610591695f4071df29108bb8a6352612598510c979904fc,3193
transactions/year=2026/month=05/day=25/transactions_20260525.csv,906541,95c800055ed41c1f76f5bdcf85f9dbbe8899effa2c81273d36ce5818615bb731,4960
transactions/year=2026/month=05/day=26/transactions_20260526.csv,847556,c901d7f6eb94a0a8915fa7541338e882fb07d375eddadcea4be37b1274e02f5a,4641
transactions/year=2026/month=05/day=27/transactions_20260527.csv,992900,1a66cb43d1121c3b8a456b98965f76ca5f7880ce18deb3b9eb99df7a39a8cce6,5445
transactions/year=2026/month=05/day=28/transactions_20260528.csv,788509,e1dc6cbd5b144ff6af1d7987b09745a6b28983414648df91816763025491fbe3,4324
transactions/year=2026/month=05/day=29/transactions_20260529.csv,827295,c7e1fb514c3ea836d5b4375977d83d146b2485bae66733c893dc1420b04744d0,4538
transactions/year=2026/month=05/day=30/transactions_20260530.csv,509021,07c3cfdcc9ca39d58ac10bf095f4e8da8413a5c38622b3f9d4056932e3048cc2,2778
transactions/year=2026/month=05/day=31/transactions_20260531.csv,576045,00bc893697472df784529fa086d89f79d982ebcf07222b99c2d182df0590e1c5,3148
transactions/year=2026/month=06/day=01/transactions_20260601.csv,716917,cc340bd5ebc21b62241f742c32e03a9cebc57a3e7900e690f2b1703d899920f7,3935
transactions/year=2026/month=06/day=02/transactions_20260602.csv,876285,a0a31f8b56b980e711e23d332e7d23aa2434cc7d7d746858cb34a5cb7267c06e,4793
transactions/year=2026/month=06/day=03/transactions_20260603.csv,979018,581ebded259a20895e973d148e001c23fe11abd11df57156041cb7a41a534cf4,5364
transactions/year=2026/month=06/day=04/transactions_20260604.csv,734992,03e6b797b9de7bf0ff5f97c40dbaead98fde0a9ffa4c964d996ecec608d49072,4021
transactions/year=2026/month=06/day=05/transactions_20260605.csv,732348,0e376e1c91499b3dbb32d1408ba7cade3e7c7927a1fb498b99a5237bd14d948c,4008
transactions/year=2026/month=06/day=06/transactions_20260606.csv,475010,553f2c215daa3ee1fa92680a54fda882878e5625e3ee1d161a9ebe406b5dc67c,2603
transactions/year=2026/month=06/day=07/transactions_20260607.csv,446552,bfd3d44fbc128b638882e725cbc7193fbcbbaf2834008d17fc987058c44e3fc0,2442
transactions/year=2026/month=06/day=08/transactions_20260608.csv,915948,5c2c6403788e12086732f7c8924c0ed4adfcba990bc564c6dae3011758c9a52b,5033
transactions/year=2026/month=06/day=09/transactions_20260609.csv,742471,13773e2f3a07933dc5bcfc1447dcd06576f0f9ce0b39f4ea99b13089259676f2,4065
transactions/year=2026/month=06/day=10/transactions_20260610.csv,961794,db9d5bbe14c335af417bc73df562e28c2aa41495f849ac4468f3b9dbbd664abe,5268
transactions/year=2026/month=06/day=11/transactions_20260611.csv,784067,6d3c17384f2fab51c518564769dd774aef3295caae30d3ddedfde7c740cc016a,4298
transactions/year=2026/month=06/day=12/transactions_20260612.csv,709778,63bbda2ccd34f7c03e75b138387b92a7b3e46f57f25d2c6a584b8e7b5b868ad5,3877
transactions/year=2026/month=06/day=13/transactions_20260613.csv,584294,61779cbc6ffea369cd00fa93860c07586c465b1f80ed580203c5b8d21be66a34,3210
transactions/year=2026/month=06/day=14/transactions_20260614.csv,568012,ee0bdd326408afc8c22547b8cc95403f550c608898e854831b5e7a2c4a7a98b3,3115
transactions/year=2026/month=06/day=15/transactions_20260615.csv,795822,63b8cba99171a335d6a3c297e40f9a61f5e005114ecc20671a95f4a55fcf8c56,4370
transactions/year=2026/month=06/day=16/transactions_20260616.csv,902474,cda7b301bac7fc40ea2ba143289259de769dcf9d7ec1c70c36f79d93ca6d8495,4947
transactions/year=2026/month=06/day=17/transactions_20260617.csv,975928,4c8d48292f240dfa3ce3d6314138e6d2c3649f04d07c900923551739e7236bee,5342
